sampleId,locality,country,city_orig,city,bio_rep,tech_rep,exp_rep,loc_rep,min_day,max_day,min_month,max_month,collectionDate,lat,long,season,type,continent,set,nFlies,SRA_accession,SRA_experiment,Model,collector,sampleType,year,yday,stationId,dist_km,In(2L)t,In(2R)Ns,In(3L)P,In(3R)C,In(3R)K,In(3R)Mo,In(3R)Payne,status,sex
B,B,China,Beijing,Beijing,BR-1,TR-1,NA,NA,1,30,9,9,1992/9,39.91,116.41,NA,inbred_line,Asia,dgn,15,NA,NA,NA,X._Huang,NA,1992,NA,CHM00054511,11.15371331,0,0.01,0.08,0,0,0,0,Keep,female
CO,CO,Cameroon,Oku,Oku,BR-1,TR-1,NA,NA,1,30,4,4,2004/4,6.25,10.43,NA,haploid_embryo,Africa,dgn,10,NA,NA,NA,J._Pool,NA,2004,NA,NIM00065271,257.1398241,0.11,0.01,0,0.01,0.9,0,0.1,Keep,female
EA,EA,Ethiopia,Gambella,Gambella,BR-1,TR-1,NA,NA,1,31,12,12,2011/12,8.25,34.59,NA,inbred_line,Africa,dgn,20,NA,NA,NA,R._Corbett-Detig,NA,2011,NA,ET000063403,104.4949828,0.03,0.01,0.01,0.02,0,0,0,Keep,female
EB,EB,Ethiopia,Bonga,Bonga,BR-1,TR-1,NA,NA,1,31,12,12,2011/12,7.26,36.25,NA,haploid_embryo,Africa,dgn,5,NA,NA,NA,R._Corbett-Detig,NA,2011,NA,ET000063402,78.53165393,0,0.01,0.01,0.03,0.15,0,0.01,Keep,female
ED,ED,Ethiopia,Dodola,Dodola,BR-1,TR-1,NA,NA,1,31,12,12,2008/12,6.98,39.18,NA,haploid_embryo,Africa,dgn,5,NA,NA,NA,J._Pool,NA,2008,NA,ET000063450,231.9462246,0,0.01,0,0.02,0,0,0,Keep,female
EF,EF,Ethiopia,Fiche,Fiche,BR-1,TR-1,NA,NA,1,31,12,12,2011/12,9.81,38.63,NA,inbred_line,Africa,dgn,63,NA,NA,NA,R._Corbett-Detig,NA,2011,NA,ET000063450,86.94320965,0,0.01,0,0.02,0,0,0.01,Keep,female
EG,EG,Egypt,Cairo,Cairo,BR-1,TR-1,NA,NA,1,31,1,1,2011/1,30.1,31.32,NA,inbred_line,Africa,dgn,29,NA,NA,NA,R._Corbett-Detig,NA,2011,NA,EGM00062318,178.0812115,0.46,0.18,0,0.1,0.08,0.39,0.01,Keep,female
ER,ER,Ethiopia,Debre Birhan,Debre Birhan,BR-1,TR-1,NA,NA,1,31,12,12,2011/12,9.68,39.53,NA,haploid_embryo,Africa,dgn,5,NA,NA,NA,R._Corbett-Detig,NA,2011,NA,ET000063450,111.6330652,0,0.02,0,0.02,0,0,0.01,Keep,female
FR,FR,France,Lyon,Lyon,BR-1,TR-1,NA,NA,1,31,7,7,2010/7,45.77,4.86,NA,inbred_line,Europe,dgn,87,NA,NA,NA,J._Pool,NA,2010,NA,FR069029001,17.62705524,0.03,0.01,0,0.01,0.01,0.01,0.02,Keep,female
GA,GA,Gabon,Franceville,Franceville,BR-1,TR-1,NA,NA,1,31,3,3,2002/3,-1.65,13.6,NA,haploid_embryo,Africa,dgn,9,NA,NA,NA,B._Ballard;S._Charlat,NA,2002,NA,GBM00064570,22.33387692,0.56,0.02,0,0.01,0.11,0,0.32,Keep,female
GU,GU,Guinea,Dondé,Donde,BR-1,TR-1,NA,NA,1,30,6,6,2005/6,10.7,-12.25,NA,haploid_embryo,Africa,dgn,5,NA,NA,NA,B._B._Sow,NA,2005,NA,GV000001820,40.97046014,0.2,0.02,0.01,0.02,0.4,0,0.38,Keep,female
I,I,United States,Ithaca NY,Ithaca NY,BR-1,TR-1,NA,NA,1,30,1,12,2004,42.35,-76.57,NA,inbred_line,North_America,dgn,19,NA,NA,NA,E._Hill-Burns;B._Lazzaro,NA,2004,NA,USC00304174,14.84379267,0,0.01,0,0.01,0,0.08,0,Keep,female
KN,KN,Kenya,Nyahururu,Nyahururu,BR-1,TR-1,NA,NA,1,31,1,1,2009/1,0.04,36.36,NA,haploid_embryo,Africa,dgn,5,NA,NA,NA,J._Pool,NA,2009,NA,KEM00063686,131.1179987,0.4,0.01,0,0.01,0.2,0,0,Keep,female
N,N,Netherlands,Houten,Houten,BR-1,TR-1,NA,NA,1,30,1,12,1998,52.02,5.1,NA,inbred_line,Europe,dgn,19,NA,NA,NA,Z._Bochdanovits;G._de_Jong,NA,1998,NA,NLM00006260,10.33102649,0.16,0.01,0,0.01,0,0.06,0,Keep,female
NG,NG,Nigeria,Maiduguri,Maiduguri,BR-1,TR-1,NA,NA,1,30,9,9,2004/9,11.85,13.16,NA,haploid_embryo,Africa,dgn,6,NA,NA,NA,D._Gwary;B._Sastawa,NA,2004,NA,NIM00065082,8.390113662,0.66,0.33,0.49,0.02,0.17,0,0.16,Keep,female
RAL,RAL,United States,Raleigh NC,Raleigh,BR-1,TR-1,NA,NA,1,30,1,12,2003,35.76,-78.66,NA,inbred_line,North_America,dgn,205,NA,NA,NA,T._Mackay,NA,2003,NA,USC00317074,4.025051198,0.12,0.04,0.01,0.01,0.02,0.11,0.02,Keep,female
RG,RG,Rwanda,Gikongoro,Gikongoro,BR-1,TR-1,NA,NA,1,31,12,12,2008/12,-2.49,28.92,NA,haploid_embryo,Africa,dgn,27,NA,NA,NA,J._Pool,NA,2008,NA,RWM00064387,147.3261096,0.11,0.04,0,0.02,0,0,0.14,Keep,female
SB,SB,South Africa,Barkly East,Barkly East,BR-1,TR-1,NA,NA,1,31,12,12,2011/12,-30.97,27.59,NA,haploid_embryo,Africa,dgn,5,NA,NA,NA,J._Pool,NA,2011,NA,SF001771780,4.211974588,0.4,0.01,0.01,0.01,0,0,0,Keep,female
SD,SD,South Africa,Dullstroom,Dullstroom,BR-1,TR-1,NA,NA,1,31,12,12,2011/12,-25.42,30.1,NA,inbred_line,Africa,dgn,76,NA,NA,NA,J._Pool,NA,2011,NA,SF005547860,51.21898901,0.31,0.11,0,0.03,0.25,0,0.11,Keep,female
SIM,w501,w501,w501,w501,BR-1,TR-1,NA,NA,NA,NA,NA,NA,NA,NA,NA,NA,inbred_line,NA,dgn,1,NA,NA,NA,NA,NA,NA,NA,NA,NA,0.08,0.02,0.03,0.03,0.5,0.01,0,Keep,female
SP,SP,South Africa,Phalaborwa,Phalaborwa,BR-1,TR-1,NA,NA,1,31,7,7,2010/7,-23.94,31.14,NA,inbred_line,Africa,dgn,30,NA,NA,NA,R._Corbett-Detig,NA,2010,NA,MZM00067331,113.1087541,0.44,0.29,0.01,0.02,0.06,0,0.01,Keep,female
T,T,Australia,Sorell TAS,Sorell,BR-1,TR-1,NA,NA,1,30,1,12,2004,-42.77,147.56,NA,inbred_line,Australia,dgn,18,NA,NA,NA,Hoffmann,NA,2004,NA,ASN00094008,8.4795878,0,0.15,0.14,0,0,0,0.08,Keep,female
UK,UK,Uganda,Kisoro,Kisoro,BR-1,TR-1,NA,NA,1,31,1,1,2012/1,-1.28,29.69,NA,haploid_embryo,Africa,dgn,5,NA,NA,NA,R._Corbett-Detig,NA,2012,NA,RWM00064387,91.10633479,0.26,0.24,0,0.02,0,0,0.37,Keep,female
W,W,United States,Winters CA,Winters,BR-1,TR-1,NA,NA,1,31,1,12,1998,38.53,-121.97,NA,inbred_line,North_America,dgn,35,NA,NA,NA,H._Yang;S._Nuzhdin,NA,1998,NA,USC00049742,0.857213863,0,0.01,0,0.01,0,0.01,0,Keep,female
ZI,ZI,Zambia,Siavonga,Siavonga,BR-1,TR-1,NA,NA,1,31,7,7,2010/7,-16.54,28.72,NA,haploid_embryo,Africa,dgn,196,NA,NA,NA,R._Corbett-Detig,NA,2010,NA,ZI000067775,298.4644342,0.23,0.12,0.01,0.02,0.21,0,0.1,Keep,female
ZW,ZW,Zimbabwe,Victoria Falls,Victoria Falls,BR-1,TR-1,NA,NA,1,31,7,7,2001/7,-17.94,25.83,NA,inbred_line,Africa,dgn,9,NA,NA,NA,B._Ballard,NA,2001,NA,ZA000067743,13.68299514,0,0.02,0,0.01,0,0,0,Keep,female
AT_Mau_14_01,AT_Mau,Austria,Mauternbach,Mauternbach,BR-1,TR-1,NA,NA,20,20,7,7,7/20/14,48.375,15.56,spring,pooled,Europe,DrosEU,40,SRR5647751,SRX2885357,NextSeq 500,Andrea_J._Betancourt,wild,2014,201,AUM00011389,21.76491746,0.19,0.05,0.02,0.01,0,0.03,0.06,Exclude,male
AT_Mau_14_02,AT_Mau,Austria,Mauternbach,Mauternbach,BR-1,TR-1,NA,NA,19,19,10,10,10/19/14,48.375,15.56,fall,pooled,Europe,DrosEU,40,SRR5647750,SRX2885358,NextSeq 500,Andrea_J.Betancourt,wild,2014,292,AUM00011389,21.76491746,0.18,0.06,0.04,0.01,0,0.02,0.04,Exclude,male
AT_Mau_15_50,AT_Mau,Austria,Mauternbach,Mauternbach,BR-1,TR-1,NA,NA,20,20,7,7,7/20/15,48.375,15.56,spring,pooled,Europe,DrosEU,40,SRR8439127,SRX5246581,HiSeq X Ten,Andrea_Betancourt,wild,2015,201,AUM00011389,21.76491746,0.2,0.09,0.02,0.05,0,0.03,0.01,Keep,male
AT_Mau_15_51,AT_Mau,Austria,Mauternbach,Mauternbach,BR-1,TR-1,NA,NA,19,19,10,10,10/19/15,48.375,15.56,fall,pooled,Europe,DrosEU,40,SRR8439143,SRX5246565,HiSeq X Ten,Andrea_Betancourt,wild,2015,292,AUM00011389,21.76491746,0.28,0.09,0.01,0.02,0,0.04,0.03,Keep,male
AT_See_14_44,AT_See,Austria,Seeboden,Seeboden,BR-1,TR-1,NA,NA,17,17,8,8,8/17/14,46.8136889,13.50794792,spring,pooled,Europe,DrosEU,40,SRR5647746,SRX2885362,NextSeq 500,Martin_Kapun,wild,2014,229,AUM00011212,26.68767994,0.32,0.02,0.04,0.02,0.03,0.05,0.08,Exclude,male
AT_See_16_1,AT_See,Austria,Seeboden,Seeboden,BR-1,TR-1,NA,NA,1,1,8,8,8/1/16,46.8136889,13.50794792,spring,pooled,Europe,DrosEU,40,SRR8494439,SRX5299028,HiSeq X Ten,Martin_Kapun,wild,2016,214,AUM00011212,26.68767994,0.28,0.07,0.03,0.05,0.02,0.04,0.16,Keep,male
BY_Bre_15_13,BY_Bre,Belarus,Brest,Brest,BR-1,TR-1,NA,NA,11,11,9,9,9/11/15,52.142193,23.662434,fall,pooled,Europe,DrosEU,40,SRR8439157,SRX5246551,HiSeq X Ten,Iryna_Kozeretska,wild,2015,254,BOM00033008,3.170050563,0.15,0.04,0.04,0.01,0,0.01,0.03,Keep,male
CH_Cha_14_42,CH_Cha,Switzerland,Chalet à Gobet,Chalet Gobet,BR-1,TR-1,NA,NA,24,24,7,7,7/24/14,46.5670416,6.701867,spring,pooled,Europe,DrosEU,40,SRR5647754,SRX2885354,NextSeq 500,Martin_Kapun,wild,2014,205,SZE00116090,33.62290052,0.47,0.1,0.06,0.03,0.04,0.03,0.14,Keep,male
CH_Cha_14_43,CH_Cha,Switzerland,Chalet à Gobet,Chalet Gobet,BR-1,TR-1,NA,NA,5,5,10,10,10/5/14,46.5670416,6.701867,fall,pooled,Europe,DrosEU,40,SRR5647758,SRX2885350,NextSeq 500,Martin_Kapun,wild,2014,278,SZE00116090,33.62290052,0.37,0.07,0.07,0.03,0.02,0.03,0.04,Exclude,male
CH_Cha_15_39,CH_Cha,Switzerland,Chalet à Gobet,Chalet Gobet,BR-1,TR-1,NA,NA,1,1,8,8,8/1/15,46.5670416,6.701867,spring,pooled,Europe,DrosEU,40,SRR8439166,SRX5246542,HiSeq X Ten,Martin_Kapun_(Flatt_lab),wild,2015,213,SZE00116090,33.62290052,0.32,0.09,0.07,0.03,0,0,0.28,Keep,male
CH_Cha_16_38,CH_Cha,Switzerland,Chalet à Gobet,Chalet Gobet,BR-1,TR-1,NA,NA,15,15,8,8,8/15/16,46.5670416,6.701867,spring,pooled,Europe,DrosEU,40,SRR8494459,SRX5299008,HiSeq X Ten,Martin_Kapun,wild,2016,228,SZE00116090,33.62290052,0.44,0.12,0.02,0.04,0.03,0.02,0.12,Keep,male
CY_Nic_14_11,CY_Nic,Cyprus,Nicosia,Nicosia,BR-1,TR-1,NA,NA,10,10,8,8,8/10/14,35.066461,33.322646,spring,pooled,Europe,DrosEU,40,SRR5647756,SRX2885352,NextSeq 500,Eliza_Argyridou,wild_caught_and_F1,2014,222,CY000176090,34.89256855,0.32,0.01,0.14,0.11,0,0.01,0.13,Keep,male
DE_Bro_14_14,DE_Bro,Germany,Broggingen,Broggingen,BR-1,TR-1,NA,NA,26,26,6,6,6/26/14,48.218024,7.819513,spring,pooled,Europe,DrosEU,40,SRR5647762,SRX2885346,NextSeq 500,Fabian_Staubach,wild,2014,177,GME00121750,8.942772121,0.2,0.04,0.01,0.03,0,0.03,0.08,Keep,male
DE_Bro_14_15,DE_Bro,Germany,Broggingen,Broggingen,BR-1,TR-1,NA,NA,15,15,10,10,10/15/14,48.218024,7.819513,fall,pooled,Europe,DrosEU,40,SRR5647761,SRX2885347,NextSeq 500,Fabian_Staubach,wild,2014,288,GME00121750,8.942772121,0.1,0.05,0.01,0.02,0,0.02,0.04,Keep,male
DE_Bro_15_53,DE_Bro,Germany,Broggingen,Broggingen,BR-1,TR-1,NA,NA,30,30,6,6,6/30/15,48.218,7.82,spring,pooled,Europe,DrosEU,40,SRR8439148,SRX5246560,HiSeq X Ten,Fabian_Staubach,wild,2015,181,GME00121750,8.942772121,0.29,0.08,0,0.03,0.01,0.01,0.07,Keep,male
DE_Bro_15_54,DE_Bro,Germany,Broggingen,Broggingen,BR-1,TR-1,NA,NA,25,25,10,10,10/25/15,48.218,7.82,fall,pooled,Europe,DrosEU,40,SRR8439144,SRX5246564,HiSeq X Ten,Fabian_Staubach,wild,2015,298,GME00121750,8.942772121,0.19,0.06,0.03,0.02,0.02,0.01,0.08,Keep,male
DE_Bro_16_10,DE_Bro,Germany,Broggingen,Broggingen,BR-1,TR-1,NA,NA,24,24,7,7,7/24/16,48.218024,7.819513,spring,pooled,Europe,DrosEU,40,SRR8494434,SRX5299033,HiSeq X Ten,Fabian_Staubach,wild,2016,206,GME00121750,8.942772121,0.06,0.02,0.01,0.02,0,0.01,0.09,Keep,male
DE_Bro_16_11,DE_Bro,Germany,Broggingen,Broggingen,BR-1,TR-1,NA,NA,23,23,10,10,10/23/16,48.218024,7.819513,fall,pooled,Europe,DrosEU,40,SRR8494452,SRX5299015,HiSeq X Ten,Fabian_Staubach,wild,2016,297,GME00121750,8.942772121,0.11,0.03,0,0.02,0,0.01,0,Keep,male
DE_Mun_14_31,DE_Mun,Germany,Munich,Munich,BR-1,TR-1,NA,NA,19,19,6,6,6/19/14,48.18,11.61,spring,pooled,Europe,DrosEU,40,SRR5647744,SRX2885364,NextSeq 500,John_Parsch,wild_caught_and_F1,2014,170,GM000004199,8.130919867,0.36,0.14,0,0.02,0,0.03,0.03,Keep,male
DE_Mun_14_32,DE_Mun,Germany,Munich,Munich,BR-1,TR-1,NA,NA,3,3,9,9,9/3/14,48.18,11.61,fall,pooled,Europe,DrosEU,40,SRR5647745,SRX2885363,NextSeq 500,John_Parsch,wild_caught_and_F1,2014,246,GM000004199,8.130919867,0.5,0.11,0.04,0.03,0,0.02,0.02,Keep,male
DE_Mun_15_45,DE_Mun,Germany,Munich,Munich,BR-1,TR-1,NA,NA,1,1,6,6,6/1/15,48.18,11.61,spring,pooled,Europe,DrosEU,40,SRR8439125,SRX5246583,HiSeq X Ten,Eliza_Argyridou,wild_caught_and_F1,2015,152,GM000004199,8.130919867,0.35,0.04,0.02,0.02,0,0.01,0.08,Keep,male
DE_Mun_15_46,DE_Mun,Germany,Munich,Munich,BR-1,TR-1,NA,NA,1,1,9,9,9/1/15,48.18,11.61,fall,pooled,Europe,DrosEU,40,SRR8439124,SRX5246584,HiSeq X Ten,Eliza_Argyridou,wild_caught_and_F1,2015,244,GM000004199,8.130919867,0.18,0.12,0,0.03,0,0.04,0.04,Keep,male
DE_Mun_16_12,DE_Mun,Germany,Munich,Munich,BR-1,TR-1,NA,NA,25,25,6,6,6/25/16,48.18,11.61,spring,pooled,Europe,DrosEU,40,SRR8494451,SRX5299016,HiSeq X Ten,John_Parsch,wild_caught_and_F1,2016,177,GM000004199,8.130919867,0.15,0.14,0,0.02,0,0.07,0.01,Keep,male
DE_Mun_16_13,DE_Mun,Germany,Munich,Munich,BR-1,TR-1,NA,NA,1,1,9,9,9/1/16,48.18,11.61,fall,pooled,Europe,DrosEU,40,SRR8494454,SRX5299013,HiSeq X Ten,John_Parsch,wild_caught_and_F1,2016,245,GM000004199,8.130919867,0.29,0.07,0.01,0.01,0,0.05,0.04,Keep,male
DK_Kar_14_39,DK_Kar,Denmark,Karensminde,Karensminde,BR-1,TR-1,NA,NA,1,1,9,9,9/1/14,55.945128,10.212586,fall,pooled,Europe,DrosEU,40,SRR5647772,SRX2885336,NextSeq 500,Mads_Fristrup_Schou,wild,2014,244,DAE00100980,28.19488945,0.07,0.07,0,0.02,0,0.01,0,Keep,male
DK_Kar_14_41,DK_Kar,Denmark,Karensminde,Karensminde,BR-1,TR-1,NA,NA,25,25,11,11,11/25/14,55.945128,10.212586,fall,pooled,Europe,DrosEU,40,SRR5647771,SRX2885337,NextSeq 500,Mads_Fristrup_Schou,wild,2014,329,DAE00100980,28.19488945,0.05,0.04,0,0.02,0,0.03,0,Keep,male
DK_Kar_16_2,DK_Kar,Denmark,Karensminde Orchard,Karensminde,BR-1,TR-1,NA,NA,8,8,6,6,6/8/16,55.945128,10.212586,spring,pooled,Europe,DrosEU,40,SRR8494440,SRX5299027,HiSeq X Ten,Mads_Fristrup_Schou,wild,2016,160,DAE00100980,28.19488945,0.36,0.09,0.01,0.01,0,0.01,0,Keep,male
DK_Kar_16_3,DK_Kar,Denmark,Karensminde Orchard,Karensminde,BR-1,TR-1,NA,NA,15,15,9,9,9/15/16,55.945128,10.212586,fall,pooled,Europe,DrosEU,40,SRR8494438,SRX5299029,HiSeq X Ten,Mads_Fristrup_Schou,wild,2016,259,DAE00100980,28.19488945,0.15,0.08,0,0.01,0,0.01,0,Keep,male
DK_Kar_16_4,DK_Kar,Denmark,Karensminde Orchard,Karensminde,BR-1,TR-1,NA,NA,22,22,11,11,11/22/16,55.945128,10.212586,fall,pooled,Europe,DrosEU,40,SRR8494437,SRX5299030,HiSeq X Ten,Mads_Fristrup_Schou,wild,2016,327,DAE00100980,28.19488945,0.13,0.07,0,0.01,0,0.01,0,Keep,male
ES_Ben_16_32,ES_Ben,Spain,Benalua,Benalua,BR-1,TR-1,NA,NA,8,8,10,10,10/8/16,37.353733,-3.167179,fall,pooled,Europe,DrosEU,40,SRR8494475,SRX5298992,HiSeq X Ten,Josefa_Gonzalez_and_IES_Jose_de_Mora,wild,2016,282,SPE00120089,58.10590608,0.1,0.05,0.04,0.03,0.01,0,0.09,Keep,male
ES_Cor_15_33,ES_Cor,Spain,Cortes de Baza,Cortes de Baza,BR-1,TR-1,NA,NA,8,8,8,8,8/8/15,37.661547,-2.79631,spring,pooled,Europe,DrosEU,40,SRR8439163,SRX5246545,HiSeq X Ten,Lain_Guio_and_Anna__Ullastres_(Gonzalez_lab),wild,2015,220,SPE00120170,90.08072284,0.31,0.01,0.13,0.03,0,0.01,0.04,Keep,male
ES_Gim_14_34,ES_Gim,Spain,Gimenells,Gimenells,BR-1,TR-1,NA,NA,20,20,10,10,10/20/14,41.6175899,0.6200146,fall,pooled,Europe,DrosEU,40,SRR5647769,SRX2885339,NextSeq 500,Lain_Guio,wild,2014,293,SPE00156468,4.632394948,0.17,0.03,0.1,0.1,0,0.01,0.21,Keep,male
ES_Gim_14_35,ES_Gim,Spain,Gimenells,Gimenells,BR-1,TR-1,NA,NA,13,13,8,8,8/13/14,41.6175899,0.6200146,spring,pooled,Europe,DrosEU,40,SRR5647776,SRX2885332,NextSeq 500,Lain_Guio,wild,2014,225,SPE00156468,4.632394948,0.33,0.01,0.1,0.1,0,0.02,0.09,Keep,male
ES_Gim_15_30,ES_Gim,Spain,Gimenells,Gimenells,BR-1,TR-1,NA,NA,28,28,6,6,6/28/15,41.656416,0.388472,spring,pooled,Europe,DrosEU,40,SRR8439138,SRX5246570,HiSeq X Ten,Marta_Pascual,wild,2015,179,SPE00156468,4.632394948,0.26,0.01,0.08,0.11,0,0.01,0.2,Keep,male
ES_Gim_15_31,ES_Gim,Spain,Gimenells,Gimenells,BR-1,TR-1,NA,NA,22,22,10,10,10/22/15,41.656416,0.388472,fall,pooled,Europe,DrosEU,40,SRR8439168,SRX5246540,HiSeq X Ten,Maria_Pilar_Garcia-Guerreiro,wild,2015,295,SPE00156468,4.632394948,0.23,0.01,0.07,0.15,0,0.01,0.2,Keep,male
ES_Gim_16_33,ES_Gim,Spain,Gimenells,Gimenells,BR-1,TR-1,NA,NA,25,25,8,8,8/25/16,41.656416,0.388472,spring,pooled,Europe,DrosEU,40,SRR8494470,SRX5298997,HiSeq X Ten,Pilar_GARCIA_GUERREIRO,wild,2016,238,SPE00156468,4.632394948,0.3,0.01,0.07,0.2,0,0.01,0.07,Keep,male
ES_Gim_16_34,ES_Gim,Spain,Gimenells,Gimenells,BR-1,TR-1,NA,NA,21,21,10,10,10/21/16,41.656416,0.388472,fall,pooled,Europe,DrosEU,40,SRR8494472,SRX5298995,HiSeq X Ten,Dorcas_Orengo;_Eva_Puerma,wild,2016,295,SPE00156468,4.632394948,0.31,0.02,0.09,0.1,0,0,0.22,Keep,male
ES_Gua_15_32,ES_Gua,Spain,Guadix,Guadix,BR-1,TR-1,NA,NA,12,12,9,9,9/12/15,37.3308,-3.173416,fall,pooled,Europe,DrosEU,40,SRR8439164,SRX5246544,HiSeq X Ten,Anna_Ullastres_and_Miriam_Merenciano_(Gonzalez_lab),wild,2015,255,SPE00120089,56.83405384,0.27,0.03,0.06,0.07,0.01,0.01,0.09,Keep,male
ES_Pur_16_35,ES_Pur,Spain,Purullena. El Bejarín (Guadix),Purullena,BR-1,TR-1,NA,El Bejarín (Guadix),30,30,8,8,8/30/16,37.3377875,-3.1786148,spring,pooled,Europe,DrosEU,40,SRR8494462,SRX5299005,HiSeq X Ten,Vivien_Horvath;_Miriam_Merenciano,wild,2016,243,SPE00120089,56.60927217,0.23,0.05,0.06,0.02,0,0.01,0.07,Keep,male
ES_Tom_15_28,ES_Tom,Spain,Tomelloso,Tomelloso,BR-1,TR-1,NA,NA,8,8,10,10,10/8/15,39.15805,-3.021,fall,pooled,Europe,DrosEU,40,SRR8439136,SRX5246572,HiSeq X Ten,Roberto_Torres_and_Josefa_Gonzü¾Œ–”¼lez,wild,2015,281,SPE00120035,78.19371781,0.2,0.08,0.06,0.06,0,0.01,0.03,Keep,male
ES_Tom_15_29,ES_Tom,Spain,Tomelloso,Tomelloso,BR-1,TR-1,NA,NA,17,17,9,9,9/17/15,39.15805,-3.021,fall,pooled,Europe,DrosEU,40,SRR8439137,SRX5246571,HiSeq X Ten,Roberto_Torres_and_Josefa_Gonzü¾Œ–”¼lez,wild,2015,260,SPE00120035,78.19371781,0.33,0.05,0.09,0.03,0,0.01,0.08,Keep,male
ES_Tom_16_36,ES_Tom,Spain,Tomelloso,Tomelloso,BR-1,TR-1,NA,NA,2,2,9,9,9/2/16,39.152529,-3.0616048,fall,pooled,Europe,DrosEU,40,SRR8494461,SRX5299006,HiSeq X Ten,Vivien_Horvath;_Miriam_Merenciano,wild,2016,246,SPE00120035,78.19371781,0.15,0.01,0.04,0.04,0,0.01,0,Keep,male
ES_Tom_16_37,ES_Tom,Spain,Tomelloso,Tomelloso,BR-1,TR-1,NA,NA,11,11,10,10,10/11/16,39.152529,-3.0616048,fall,pooled,Europe,DrosEU,40,SRR8494460,SRX5299007,HiSeq X Ten,Josefa_Gonzalez_and_IES_Eladio_Cabaü¾Œ–˜¼ero,wild,2016,285,SPE00120035,78.19371781,0.23,0.02,0.07,0.06,0,0.01,0.03,Keep,male
FI_Aka_14_36,FI_Aka,Finland,Akaa,Akaa,BR-1,TR-1,NA,NA,25,25,7,7,7/25/14,61.1,23.52,spring,pooled,Europe,DrosEU,40,SRR5647775,SRX2885333,NextSeq 500,Maaria_Kankare,wild,2014,206,FI000002963,31.89711212,0.24,0.05,0.03,0.01,0,0.01,0,Keep,male
FI_Aka_14_37,FI_Aka,Finland,Akaa,Akaa,BR-1,TR-1,NA,NA,27,27,8,8,8/27/14,61.1,23.52,spring,pooled,Europe,DrosEU,40,SRR5647774,SRX2885334,NextSeq 500,Maaria_Kankare,wild,2014,239,FI000002963,31.89711212,0.27,0.03,0.01,0.01,0,0.01,0.01,Keep,male
FI_Aka_15_34,FI_Aka,Finland,Akaa,Akaa,BR-1,TR-1,NA,NA,1,1,10,10,10/1/15,61.1,23.52,fall,pooled,Europe,DrosEU,40,SRR8439162,SRX5246546,HiSeq X Ten,Maaria_Kankare,wild,2015,274,FI000002963,31.89711212,0.29,0.07,0.01,0.01,0,0.03,0,Keep,male
FI_Aka_15_35,FI_Aka,Finland,Akaa,Akaa,BR-1,TR-1,NA,NA,21,21,7,7,7/21/15,61.1,23.52,spring,pooled,Europe,DrosEU,40,SRR8439161,SRX5246547,HiSeq X Ten,Maaria_Kankare,wild,2015,202,FI000002963,31.89711212,0.35,0.06,0,0.01,0,0.01,0.03,Keep,male
FI_Aka_16_5,FI_Aka,Finland,Akaa,Akaa,BR-1,TR-1,NA,NA,24,24,7,7,7/24/16,61.1,23.52,spring,pooled,Europe,DrosEU,40,SRR8494445,SRX5299022,HiSeq X Ten,Maaria_Kankare,wild,2016,206,FI000002963,31.89711212,0.26,0.07,0.06,0.01,0,0.01,0.01,Keep,male
FI_Aka_16_6,FI_Aka,Finland,Akaa,Akaa,BR-1,TR-1,NA,NA,17,17,9,9,9/17/16,61.1,23.52,fall,pooled,Europe,DrosEU,40,SRR8494443,SRX5299024,HiSeq X Ten,Maaria_Kankare,wild,2016,261,FI000002963,31.89711212,0.28,0.07,0.02,0.01,0,0.01,0.03,Keep,male
FI_Ves_14_38,FI_Ves,Finland,Vesanto,Vesanto,BR-1,TR-1,NA,NA,26,26,7,7,7/26/14,62.55,26.24,spring,pooled,Europe,DrosEU,33,SRR5647773,SRX2885335,NextSeq 500,Maaria_Kankare,wild,2014,207,FI000002401,33.3437969,0.31,0.01,0,0.01,0,0.02,0.02,Keep,male
FI_Ves_16_7,FI_Ves,Finland,Vesanto,Vesanto,BR-1,TR-1,NA,NA,29,29,7,7,7/29/16,62.55,26.24,spring,pooled,Europe,DrosEU,40,SRR8494442,SRX5299025,HiSeq X Ten,Maaria_Kankare,wild,2016,211,FI000002401,33.3437969,0.28,0.1,0,0.02,0.01,0.01,0.03,Keep,male
FR_Got_14_08,FR_Got,France,Gotheron,Gotheron,BR-1,TR-1,NA,NA,8,8,7,7,7/8/14,44.976813,4.930005,spring,pooled,Europe,DrosEU,40,SRR5647753,SRX2885355,NextSeq 500,Cristina_Vieira,wild,2014,189,FRE00104907,46.69805648,0.04,0.01,0.02,0.04,0,0.02,0.01,Exclude,male
FR_Got_15_47,FR_Got,France,Gotheron,Gotheron,BR-1,TR-1,NA,NA,21,21,5,5,5/21/15,44.977,4.93,spring,pooled,Europe,DrosEU,40,SRR8439122,SRX5246586,HiSeq X Ten,Cristina_Vieira,wild,2015,141,FRE00104907,46.69805648,0.06,0.01,0,0.04,0,0.01,0.02,Keep,male
FR_Got_15_48,FR_Got,France,Gotheron,Gotheron,BR-1,TR-1,NA,NA,9,9,9,9,9/9/15,44.977,4.93,fall,pooled,Europe,DrosEU,40,SRR8439123,SRX5246585,HiSeq X Ten,Cristina_Vieira,wild,2015,252,FRE00104907,46.69805648,0.01,0.01,0.04,0.04,0,0,0.08,Keep,male
FR_Got_15_49,FR_Got,France,Gotheron,Gotheron,BR-1,TR-1,NA,NA,13,13,10,10,10/13/15,44.977,4.93,fall,pooled,Europe,DrosEU,40,SRR8439126,SRX5246582,HiSeq X Ten,Cristina_Vieira,wild,2015,286,FRE00104907,46.69805648,0.07,0.01,0.03,0.02,0,0,0.09,Keep,male
FR_Got_16_8,FR_Got,France,Gotheron,Gotheron,BR-1,TR-1,NA,NA,13,13,6,6,6/13/16,44.976813,4.930005,spring,pooled,Europe,DrosEU,40,SRR8494447,SRX5299020,HiSeq X Ten,Cristina_Vieira,wild,2016,165,FRE00104907,46.69805648,0.11,0.01,0,0.02,0,0.01,0.04,Keep,male
FR_Vil_14_05,FR_Vil,France,Viltain,Viltain,BR-1,TR-1,NA,NA,18,18,8,8,8/18/14,48.7543324,2.1584108,spring,pooled,Europe,DrosEU,40,SRR5647755,SRX2885353,NextSeq 500,Catherine_Montchamp-Moreau,wild,2014,230,FR000007150,15.18739032,0.14,0.05,0.05,0.05,0,0.03,0.03,Exclude,male
FR_Vil_14_07,FR_Vil,France,Viltain,Viltain,BR-1,TR-1,NA,NA,27,27,10,10,10/27/14,48.7543324,2.1584108,fall,pooled,Europe,DrosEU,40,SRR5647729,SRX2885379,NextSeq 500,Catherine_Montchamp-Moreau,wild,2014,300,FR000007150,15.18739032,0.07,0.01,0.04,0.01,0.02,0.02,0.08,Exclude,male
FR_Vil_15_40,FR_Vil,France,Viltain,Viltain,BR-1,TR-1,NA,NA,10,10,8,8,8/10/15,48.754,2.158,spring,pooled,Europe,DrosEU,40,SRR8439165,SRX5246543,HiSeq X Ten,Catherine_Montchamp-Moreau,wild,2015,222,FR000007150,15.18739032,0.31,0.06,0.03,0.08,0,0.01,0.08,Keep,male
FR_Vil_15_41,FR_Vil,France,Viltain,Viltain,BR-1,TR-1,NA,NA,14,14,10,10,10/14/15,48.754,2.158,fall,pooled,Europe,DrosEU,40,SRR8439120,SRX5246588,HiSeq X Ten,Catherine_Montchamp-Moreau,wild,2015,287,FR000007150,15.18739032,0.19,0.04,0.1,0.04,0,0.05,0.04,Keep,male
FR_Vil_16_9,FR_Vil,France,Viltain,Viltain,BR-1,TR-1,NA,NA,12,12,8,8,8/12/16,48.7543324,2.1584108,spring,pooled,Europe,DrosEU,40,SRR8494435,SRX5299032,HiSeq X Ten,Catherine_Montchamp-Moreau,wild,2016,225,FR000007150,15.18739032,0.24,0.03,0.08,0.04,0.01,0.04,0.17,Keep,male
GS_Des_15_1,GS_Des,Guadeloupe,Deshaies,Deshaies,BR-1,TR-1,NA,NA,16,16,12,12,12/16/15,16.32,-61.78,fall,pooled,Europe,DrosEU,40,SRR8439114,SRX5246595,HiSeq X Ten,Maaria_Kankare,wild,2015,350,MBM00078922,196.9489575,0,0.01,0,0.02,0.01,0,0.49,Keep,male
GS_Sai_15_2,GS_Sai,Guadeloupe,Saint Francois,Saint Francois,BR-1,TR-1,NA,NA,23,23,12,12,12/23/15,16.25,-61.28,fall,pooled,Europe,DrosEU,40,SRR8439112,SRX5246596,HiSeq X Ten,Maaria_Kankare,wild,2015,357,MBM00078922,169.5360995,0.04,0.01,0.07,0.02,0.08,0,0.4,Keep,male
HU_Sze_16_14,HU_Sze,Hungary,Szeged,Szeged,BR-1,TR-1,NA,NA,28,28,8,8,8/28/16,46.25,20.13,spring,pooled,Europe,DrosEU,40,SRR8494453,SRX5299014,HiSeq X Ten,Lü¾Œ–”¼szlü¾Œ¶˜¼_Sipos,wild,2016,241,HUM00012982,2.313406727,0.18,0.04,0.04,0.02,0,0.01,0,Keep,male
IT_Mez_15_43,IT_Mez,Italy,Mezzocorona,San Michele,BR-1,TR-1,NA,Mezzocorona,29,29,9,9,9/29/15,46.212856,11.08755,fall,pooled,Europe,DrosEU,40,SRR8439118,SRX5246590,HiSeq X Ten,omar_rota-stabelli,wild,2015,272,IT000160220,9.16938229,0.11,0.06,0.07,0.01,0,0.01,0.06,Keep,male
IT_Mez_15_44,IT_Mez,Italy,Mezzolombardo,San Michele,BR-1,TR-1,NA,Mezzolombardo,10,10,10,10,10/10/15,46.217939,11.123423,fall,pooled,Europe,DrosEU,40,SRR8439119,SRX5246589,HiSeq X Ten,omar_rota-stabelli,wild,2015,283,IT000160220,9.16938229,0.17,0.01,0.1,0.02,0,0.01,0.1,Keep,male
IT_Tre_16_15,IT_Tre,Italy,Trentino (San Michele a/A),Trentino,BR-1,TR-1,NA,NA,24,24,8,8,8/24/16,46.2,11.13333,spring,pooled,Europe,DrosEU,40,SRR8494456,SRX5299011,HiSeq X Ten,Omar_Rota_Stabelli_-_Gabriella_Tait,wild,2016,237,IT000160220,9.528406555,0.14,0.01,0.01,0.01,0,0.01,0.01,Keep,male
PO_Brz_15_12,PO_Brz,Poland,Brzezina,Brzezina,BR-1,TR-1,NA,NA,28,28,9,9,9/28/15,54.27342,19.620169,fall,pooled,Europe,DrosEU,40,SRR8439154,SRX5246554,HiSeq X Ten,Iryna_Kozeretska,wild,2015,271,PLM00012160,17.0109788,0.23,0.07,0,0.03,0,0.01,0,Keep,male
PO_Brz_16_17,PO_Brz,Poland,Brzezina,Brzezina,BR-1,TR-1,NA,NA,8,8,8,8,8/8/16,54.27342,19.620169,spring,pooled,Europe,DrosEU,40,SRR8494458,SRX5299009,HiSeq X Ten,Iryna_Kozeretska,wild,2016,221,PLM00012160,17.0109788,0.32,0.04,0,0.03,0,0.01,0.02,Keep,male
PO_Gda_16_16,PO_Gda,Poland,Gdansk,Gdansk,BR-1,TR-1,NA,NA,1,1,8,8,8/1/16,54.35,18.64,spring,pooled,Europe,DrosEU,40,SRR8494455,SRX5299012,HiSeq X Ten,Iryna_Kozeretska,wild,2016,214,PLM00012160,55.54793862,0.26,0.02,0,0.02,0,0.15,0.07,Keep,male
PT_Rec_14_33,PT_Rec,Portugal,Recarei,Recarei,BR-1,TR-1,NA,NA,26,26,9,9,9/26/14,41.15,-8.41,fall,pooled,Europe,DrosEU,40,SRR5647770,SRX2885338,NextSeq 500,Jorge_Vieira,wild,2014,269,POM00008548,111.1527834,0.17,0.05,0.05,0.05,0,0.04,0.13,Keep,male
PT_Rec_15_16,PT_Rec,Portugal,Recarei,Recarei,BR-1,TR-1,NA,NA,1,1,9,9,9/1/15,41.15,-8.41,fall,pooled,Europe,DrosEU,40,SRR8439150,SRX5246558,HiSeq X Ten,Jorge_Vieira,wild,2015,244,POM00008548,111.1527834,0.12,0.05,0.09,0.03,0,0.05,0.13,Keep,male
PT_Rec_16_18,PT_Rec,Portugal,Recarei,Recarei,BR-1,TR-1,NA,NA,1,1,10,10,10/1/16,41.15,-8.41,fall,pooled,Europe,DrosEU,40,SRR8494457,SRX5299010,HiSeq X Ten,Jorge_Vieira,wild,2016,275,POM00008548,111.1527834,0.31,0.02,0.14,0.05,0.01,0.01,0.12,Keep,male
RS_Kal_16_28,RS_Kal,Serbia,Kalna,Kalna,BR-1,TR-1,NA,NA,30,30,6,6,6/30/16,43.4,22.42,spring,pooled,Europe,DrosEU,40,SRR8494479,SRX5298988,HiSeq X Ten,Marina_Stamenkovic,wild,2016,182,RIE00100814,42.79859358,0.07,0.01,0.01,0.02,0,0.01,0,Keep,male
RS_Kal_16_29,RS_Kal,Serbia,Kalna,Kalna,BR-1,TR-1,NA,NA,13,13,9,9,9/13/16,43.4,22.42,fall,pooled,Europe,DrosEU,40,SRR8494471,SRX5298996,HiSeq X Ten,Marina_Stamenkovic_(Sonja),wild,2016,257,RIE00100814,42.79859358,0.13,0.03,0.04,0.04,0,0.03,0,Keep,male
RS_Sla_16_30,RS_Sla,Serbia,Slankamen. Vinogradi,Slankamen,BR-1,TR-1,NA,NA,18,18,6,6,6/18/16,45.15,20.18,spring,pooled,Europe,DrosEU,40,SRR8494473,SRX5298994,HiSeq X Ten,Marina_Stamenkovic_(Marija_T),wild,2016,170,RIE00111909,32.94553856,0.07,0.05,0.03,0.05,0,0.01,0,Keep,male
RS_Sla_16_31,RS_Sla,Serbia,Slankamen. Vinogradi,Slankamen,BR-1,TR-1,NA,NA,9,9,9,9,9/9/16,45.15,20.18,fall,pooled,Europe,DrosEU,40,SRR8494474,SRX5298993,HiSeq X Ten,Marina_Stamenkovic_(Marija_T),wild,2016,253,RIE00111909,32.94553856,0.08,0.02,0.03,0.01,0,0.01,0,Keep,male
RU_Ale_15_55,RU_Ale,Russia,Alexandrov,Alexandrov,BR-1,TR-1,NA,NA,15,15,9,9,9/15/15,56.41472,38.71611,fall,pooled,Europe,DrosEU,40,SRR8439141,SRX5246567,HiSeq X Ten,elena_pasyukova,wild,2015,258,RSE00149340,32.18279357,0.11,0.01,0.01,0,0,0.02,0,Keep,male
RU_Ale_16_22,RU_Ale,Russia,Alexandrov,Alexandrov,BR-1,TR-1,NA,NA,15,15,10,10,10/15/16,56.41472,38.71611,fall,pooled,Europe,DrosEU,40,SRR8494476,SRX5298991,HiSeq X Ten,Elena_Pasyukova,wild,2016,289,RSE00149340,32.18279357,0.21,0.12,0.02,0.03,0,0.05,0.02,Keep,male
RU_tul_15_37,RU_tul,Russia,tula,Tula,BR-1,TR-1,NA,NA,20,20,9,9,9/20/15,53.99778,38.13167,fall,pooled,Europe,DrosEU,40,SRR8439159,SRX5246549,HiSeq X Ten,elena_pasyukova,wild,2015,263,RSM00027719,42.64062544,0.23,0.01,0.02,0.01,0,0.01,0.02,Keep,male
RU_Val_14_51,RU_Val,Russia,Valday,Valday,BR-1,TR-1,NA,NA,17,17,8,8,8/17/14,57.9788789,33.243615,spring,pooled,Europe,DrosEU,40,SRR5647741,SRX2885367,NextSeq 500,Elena_Pasyukova,wild,2014,229,RSM00026285,50.21217745,0.19,0.02,0.01,0.02,0,0.01,0.06,Exclude,male
RU_val_15_36,RU_val,Russia,valday,Valday,BR-1,TR-1,NA,NA,23,23,8,8,8/23/15,58.024,33.23528,spring,pooled,Europe,DrosEU,40,SRR8439160,SRX5246548,HiSeq X Ten,elena_pasyukova,wild,2015,235,RSM00026285,49.42746969,0.22,0.03,0,0.06,0,0.01,0,Keep,male
RU_val_15_38,RU_val,Russia,valday,Valday,BR-1,TR-1,NA,NA,5,5,10,10,10/5/15,58.024,33.23528,fall,pooled,Europe,DrosEU,40,SRR8439158,SRX5246550,HiSeq X Ten,elena_pasyukova,wild,2015,278,RSM00026285,49.42746969,0.16,0.05,0,0.07,0,0.01,0,Keep,male
RU_Val_16_19,RU_Val,Russia,Valday,Valday,BR-1,TR-1,NA,NA,23,23,8,8,8/23/16,58.02444,33.235277,spring,pooled,Europe,DrosEU,40,SRR8494449,SRX5299018,HiSeq X Ten,Elena_Pasyukova,wild,2016,236,RSM00026285,50.21217745,0.16,0.01,0.06,0.01,0,0.01,0.01,Keep,male
RU_Val_16_20,RU_Val,Russia,Valday,Valday,BR-1,TR-1,NA,NA,29,29,9,9,9/29/16,58.02444,33.235277,fall,pooled,Europe,DrosEU,40,SRR8494450,SRX5299017,HiSeq X Ten,Elena_Pasyukova,wild,2016,273,RSM00026285,50.21217745,0.06,0.08,0,0.01,0,0.02,0,Keep,male
RU_Val_16_21,RU_Val,Russia,Valday,Valday,BR-1,TR-1,NA,NA,24,24,10,10,10/24/16,58.02444,33.235277,fall,pooled,Europe,DrosEU,40,SRR8494477,SRX5298990,HiSeq X Ten,Elena_Pasyukova,wild,2016,298,RSM00026285,50.21217745,0.07,0.01,0,0.01,0,0.02,0,Keep,male
SE_Lun_14_30,SE_Lun,Sweden,Lund,Lund,BR-1,TR-1,NA,NA,31,31,7,7,7/31/14,55.694,13.198,spring,pooled,Europe,DrosEU,40,SRR5647735,SRX2885373,NextSeq 500,Jessica_Abbott,wild,2014,212,SWE00137534,15.7543378,0.16,0.03,0.01,0.04,0.02,0.01,0.02,Keep,male
SE_Lun_15_14,SE_Lun,Sweden,Lund,Lund,BR-1,TR-1,NA,NA,24,24,8,8,8/24/15,55.694,13.198,spring,pooled,Europe,DrosEU,40,SRR8439156,SRX5246552,HiSeq X Ten,Jessica_Abbott,wild,2015,236,SWE00137534,15.7543378,0.16,0.01,0.03,0.03,0,0.01,0.02,Keep,male
SE_Lun_15_15,SE_Lun,Sweden,Lund,Lund,BR-1,TR-1,NA,NA,8,8,8,8,8/8/15,55.694,13.198,spring,pooled,Europe,DrosEU,40,SRR8439151,SRX5246557,HiSeq X Ten,Jessica_Abbott,wild,2015,220,SWE00137534,15.7543378,0.09,0.01,0,0.01,0.01,0.01,0.01,Keep,male
TR_Yes_14_03,TR_Yes,Turkey,Yesiloz,Yesiloz,BR-1,TR-1,NA,NA,31,31,8,8,8/31/14,40.231444,32.260328,spring,pooled,Europe,DrosEU,40,SRR5647749,SRX2885359,NextSeq 500,Banu_Sebnem_Onder,wild,2014,243,TUM00017130,61.61480653,0.15,0.06,0.04,0.03,0,0.01,0.09,Exclude,male
TR_Yes_14_04,TR_Yes,Turkey,Yesiloz,Yesiloz,BR-1,TR-1,NA,NA,23,23,10,10,10/23/14,40.231444,32.260328,fall,pooled,Europe,DrosEU,40,SRR5647748,SRX2885360,NextSeq 500,Banu_Sebnem_Onder,wild,2014,296,TUM00017130,61.61480653,0.16,0.01,0.03,0.03,0.01,0.01,0.13,Exclude,male
TR_Yes_15_3,TR_Yes,Turkey,Yesiloz,Yesiloz,BR-1,TR-1,NA,NA,1,1,5,5,5/1/15,40.231444,32.260328,spring,pooled,Europe,DrosEU,40,SRR8439113,SRX5246594,HiSeq X Ten,Banu_Sebnem_Onder,wild,2015,121,TUM00017130,61.61480653,0.11,0.01,0,0.01,0,0.01,0.04,Keep,male
TR_Yes_15_4,TR_Yes,Turkey,Yesiloz,Yesiloz,BR-1,TR-1,NA,NA,1,1,6,6,6/1/15,40.231444,32.260328,spring,pooled,Europe,DrosEU,40,SRR8439111,SRX5246597,HiSeq X Ten,Banu_Sebnem_Onder,wild,2015,152,TUM00017130,61.61480653,0.2,0.01,0.04,0.03,0,0.01,0.08,Keep,male
TR_Yes_15_5,TR_Yes,Turkey,Yesiloz,Yesiloz,BR-1,TR-1,NA,NA,28,28,7,7,7/28/15,40.231444,32.260328,spring,pooled,Europe,DrosEU,40,SRR8439110,SRX5246598,HiSeq X Ten,Banu_Sebnem_Onder,wild,2015,209,TUM00017130,61.61480653,0.19,0.02,0.03,0.03,0,0.01,0.13,Keep,male
TR_Yes_15_6,TR_Yes,Turkey,Yesiloz,Yesiloz,BR-1,TR-1,NA,NA,27,27,8,8,8/27/15,40.231444,32.260328,spring,pooled,Europe,DrosEU,40,SRR8439109,SRX5246599,HiSeq X Ten,Banu_Sebnem_Onder,wild,2015,239,TUM00017130,61.61480653,0.31,0.01,0.09,0.03,0,0.01,0.05,Keep,male
TR_Yes_15_7,TR_Yes,Turkey,Yesiloz,Yesiloz,BR-1,TR-1,NA,NA,17,17,9,9,9/17/15,40.231444,32.260328,fall,pooled,Europe,DrosEU,40,SRR8439108,SRX5246600,HiSeq X Ten,Banu_Sebnem_Onder,wild,2015,260,TUM00017130,61.61480653,0.11,0.04,0.01,0.02,0.02,0.01,0.06,Keep,male
TR_Yes_15_8,TR_Yes,Turkey,Yesiloz,Yesiloz,BR-1,TR-1,NA,NA,15,15,10,10,10/15/15,40.231444,32.260328,fall,pooled,Europe,DrosEU,40,SRR8439107,SRX5246601,HiSeq X Ten,Banu_Sebnem_Onder,wild,2015,288,TUM00017130,61.61480653,0.16,0.01,0.04,0.02,0,0.01,0.07,Keep,male
TR_Yes_16_39,TR_Yes,Turkey,Yesiloz TR13,Yesiloz,BR-1,TR-1,NA,NA,26,26,5,5,5/26/16,40.231444,32.260328,spring,pooled,Europe,DrosEU,40,SRR8494467,SRX5299000,HiSeq X Ten,Banu_Onder,wild,2016,147,TUM00017130,61.61480653,0.15,0.02,0.05,0.02,0,0.01,0.1,Keep,male
TR_Yes_16_40,TR_Yes,Turkey,Yesiloz TR14,Yesiloz,BR-1,TR-1,NA,NA,25,25,6,6,6/25/16,40.231444,32.260328,spring,pooled,Europe,DrosEU,40,SRR8494465,SRX5299002,HiSeq X Ten,Banu_Onder,wild,2016,177,TUM00017130,61.61480653,0.09,0.02,0.02,0.02,0,0.01,0.1,Keep,male
TR_Yes_16_41,TR_Yes,Turkey,Yesiloz TR15,Yesiloz,BR-1,TR-1,NA,NA,27,27,7,7,7/27/16,40.231444,32.260328,spring,pooled,Europe,DrosEU,40,SRR8494464,SRX5299003,HiSeq X Ten,Banu_Onder,wild,2016,209,TUM00017130,61.61480653,0.12,0.02,0.04,0.02,0,0.01,0.12,Keep,male
TR_Yes_16_42,TR_Yes,Turkey,Yesiloz TR16,Yesiloz,BR-1,TR-1,NA,NA,24,24,8,8,8/24/16,40.231444,32.260328,spring,pooled,Europe,DrosEU,40,SRR8494463,SRX5299004,HiSeq X Ten,Banu_Onder,wild,2016,237,TUM00017130,61.61480653,0.24,0.01,0.12,0.02,0,0.02,0.11,Keep,male
TR_Yes_16_43,TR_Yes,Turkey,Yesiloz TR17,Yesiloz,BR-1,TR-1,NA,NA,27,27,9,9,9/27/16,40.231444,32.260328,fall,pooled,Europe,DrosEU,40,SRR8494468,SRX5298999,HiSeq X Ten,Banu_Onder,wild,2016,271,TUM00017130,61.61480653,0.24,0.02,0.07,0.02,0,0.01,0.14,Keep,male
TR_Yes_16_52,TR_Yes,Turkey,Yesiloz TR18,Yesiloz,BR-1,TR-1,NA,NA,13,13,10,10,10/13/16,40.231444,32.260328,fall,pooled,Europe,DrosEU,40,SRR8494423,SRX5299044,HiSeq X Ten,Banu_Onder,wild,2016,287,TUM00017130,61.61480653,0.15,0.02,0.03,0.03,0,0.01,0.09,Keep,male
UA_Che_14_28,UA_Che,Ukraine,Chornobyl (Cooling pond),Chornobyl,BR-1,TR-1,NA,Cooling pond,13,13,9,9,9/13/14,51.37330556,30.13830556,fall,pooled,Europe,DrosEU,40,SRR5647733,SRX2885375,NextSeq 500,Iryna_Kozeretska,wild,2014,256,UPM00033231,19.89650207,0.27,0.08,0.04,0.01,0,0.01,0.02,Keep,male
UA_Che_14_29,UA_Che,Ukraine,Chornobyl Yaniv,Chornobyl,BR-1,TR-1,NA,Yaniv,13,13,9,9,9/13/14,51.38691667,30.07330556,fall,pooled,Europe,DrosEU,40,SRR5647734,SRX2885374,NextSeq 500,Iryna_Kozeretska,wild,2014,256,UPM00033231,19.89650207,0.23,0.1,0.04,0.03,0,0.03,0.02,Keep,male
UA_Che_14_47,UA_Che,Ukraine,Chornobyl Applegarden,Chornobyl,BR-1,TR-1,NA,Applegarden,13,13,9,9,9/13/14,51.27263889,30.22136111,fall,pooled,Europe,DrosEU,40,SRR5647731,SRX2885377,NextSeq 500,Svitlana_Serga,wild,2014,256,UPM00033231,19.89650207,0.15,0.05,0.11,0.03,0,0.02,0.08,Exclude,male
UA_Che_14_48,UA_Che,Ukraine,Chornobyl Polisske,Chornobyl,BR-1,TR-1,NA,Polisske,13,13,9,9,9/13/14,51.27888889,29.39438889,fall,pooled,Europe,DrosEU,35,SRR5647742,SRX2885366,NextSeq 500,Svitlana_Serga,wild,2014,256,UPM00033231,19.89650207,0.29,0.04,0.02,0.01,0,0.02,0.05,Exclude,male
UA_Cho_15_24,UA_Cho,Ukraine,Chornobyl Applegarden (New),Chornobyl,BR-1,TR-1,NA,ApplegardenNew,20,20,8,8,8/20/15,51.279245,30.213118,spring,pooled,Europe,DrosEU,40,SRR8439132,SRX5246576,HiSeq X Ten,Svitlana_Serga,wild,2015,232,UPM00033231,9.813945017,0.18,0.03,0.06,0.04,0,0.02,0.02,Keep,male
UA_Cho_15_25,UA_Cho,Ukraine,Chornobyl Applegarden (New),Chornobyl,BR-1,TR-1,NA,ApplegardenNew,15,15,6,6,6/15/15,51.279245,30.213118,spring,pooled,Europe,DrosEU,40,SRR8439133,SRX5246575,HiSeq X Ten,Svitlana_Serga,wild,2015,166,UPM00033231,9.813945017,0.12,0.03,0.02,0.01,0,0.04,0.05,Keep,male
UA_Cho_15_26,UA_Cho,Ukraine,Chornobyl Kopachi,Chornobyl,BR-1,TR-1,NA,Kopachi,26,26,8,8,8/26/15,51.3352,30.136179,spring,pooled,Europe,DrosEU,40,SRR8439134,SRX5246574,HiSeq X Ten,Iryna_Kozeretska,wild,2015,238,UPM00033231,9.813945017,0.23,0.11,0.05,0.01,0.01,0.01,0.01,Keep,male
UA_Cho_15_27,UA_Cho,Ukraine,Chornobyl Yaniv,Chornobyl,BR-1,TR-1,NA,Yaniv,26,26,8,8,8/26/15,51.38691667,30.07330556,spring,pooled,Europe,DrosEU,40,SRR8439135,SRX5246573,HiSeq X Ten,Iryna_Kozeretska,wild,2015,238,UPM00033231,9.813945017,0.21,0.07,0.02,0.01,0,0.04,0,Keep,male
UA_Cho_15_65,UA_Cho,Ukraine,Chornobyl (Cooling pond),Chornobyl,BR-1,TR-1,NA,Cooling pond,26,26,8,8,8/26/15,51.37330556,30.13830556,spring,pooled,Europe,DrosEU,40,SRR8439149,SRX5246559,HiSeq X Ten,Iryna_Kozeretska,wild,2015,238,UPM00033231,9.813945017,0.09,0.09,0.08,0.02,0,0.02,0.02,Keep,male
UA_Cho_15_67,UA_Cho,Ukraine,Chornobyl Applegarden (New),Chornobyl,BR-1,TR-1,NA,ApplegardenNew,26,26,8,8,8/26/15,51.279245,30.213118,spring,pooled,Europe,DrosEU,40,SRR8439128,SRX5246580,HiSeq X Ten,Iryna_Kozeretska,wild,2015,238,UPM00033231,9.813945017,0.23,0.06,0.04,0.01,0,0.03,0.01,Keep,male
UA_Cho_15_68,UA_Cho,Ukraine,Chornobyl Polisske,Chornobyl,BR-1,TR-1,NA,Polisske,26,26,8,8,8/26/15,51.27888889,29.39438889,spring,pooled,Europe,DrosEU,40,SRR8439169,SRX5246539,HiSeq X Ten,Iryna_Kozeretska,wild,2015,238,UPM00033231,9.813945017,0.12,0.06,0.08,0.04,0,0.02,0.01,Keep,male
UA_Cho_15_69,UA_Cho,Ukraine,Chornobyl Applegarden,Chornobyl,BR-1,TR-1,NA,Applegarden,26,26,8,8,8/26/15,51.27263889,30.22136111,spring,pooled,Europe,DrosEU,40,SRR8439139,SRX5246569,HiSeq X Ten,Iryna_Kozeretska,wild,2015,238,UPM00033231,9.813945017,0.18,0.08,0.06,0.01,0,0.03,0.01,Keep,male
UA_Cho_15_70,UA_Cho,Ukraine,Chornobyl Applegarden (New),Chornobyl,BR-1,TR-1,NA,ApplegardenNew,7,7,7,7,7/7/15,51.279245,30.213118,spring,pooled,Europe,DrosEU,40,SRR8439115,SRX5246593,HiSeq X Ten,Iryna_Kozeretska,wild,2015,188,UPM00033231,9.813945017,0.15,0.08,0.03,0.02,0,0.03,0.06,Keep,male
UA_Cho_16_54,UA_Cho,Ukraine,Chornobyl Applegarden (New),Chornobyl,BR-1,TR-1,NA,ApplegardenNew,4,4,9,9,9/4/16,51.27,30.21,fall,pooled,Europe,DrosEU,40,SRR8494431,SRX5299036,HiSeq X Ten,Iryna_Kozerestka,wild,2016,248,UPM00033231,9.813945017,0.25,0.15,0.06,0.02,0,0.03,0,Keep,male
UA_Cho_16_55,UA_Cho,Ukraine,Chornobyl (Cooling pond),Chornobyl,BR-1,TR-1,NA,Cooling pond,5,5,9,9,9/5/16,51.37,30.13,fall,pooled,Europe,DrosEU,40,SRR8494444,SRX5299023,HiSeq X Ten,Iryna_Kozerestka,wild,2016,249,UPM00033231,9.813945017,0.24,0.15,0.02,0.02,0,0.02,0.03,Keep,male
UA_Cho_16_62,UA_Cho,Ukraine,Chornobyl Yaniv,Chornobyl,BR-1,TR-1,NA,Yaniv,4,4,9,9,9/4/16,51.38691667,30.07330556,fall,pooled,Europe,DrosEU,40,SRR8494433,SRX5299034,HiSeq X Ten,Iryna_Kozerestka,wild,2016,248,UPM00033231,9.813945017,0.37,0.1,0.05,0.01,0,0.03,0.03,Keep,male
UA_Dro_14_27,UA_Dro,Ukraine,Drogobych,Drogobych,BR-1,TR-1,NA,NA,24,24,8,8,8/24/14,49.32991667,23.50280556,spring,pooled,Europe,DrosEU,40,SRR5647732,SRX2885376,NextSeq 500,Iryna_Kozeretska,wild,2014,236,UPM00033398,2.460306878,0.17,0.09,0,0.01,0,0.02,0.06,Keep,male
UA_Dro_15_10,UA_Dro,Ukraine,Drogobych,Drogobych,BR-1,TR-1,NA,NA,18,18,9,9,9/18/15,49.32991667,23.50280556,fall,pooled,Europe,DrosEU,40,SRR8439116,SRX5246592,HiSeq X Ten,Iryna_Kozeretska,wild,2015,261,UPM00033398,2.460306878,0.13,0.05,0.01,0.01,0,0.01,0.18,Keep,male
UA_Dro_16_56,UA_Dro,Ukraine,Drogobych,Drogobych,BR-1,TR-1,NA,NA,12,12,9,9,9/12/16,49.32991667,23.50280556,fall,pooled,Europe,DrosEU,40,SRR8494441,SRX5299026,HiSeq X Ten,Svitlana_Serga,wild,2016,256,UPM00033398,2.460306878,0.19,0.11,0.01,0.01,0,0.01,0.08,Keep,male
UA_Kan_16_57,UA_Kan,Ukraine,Kaniv,Kaniv,BR-1,TR-1,NA,NA,8,8,7,7,7/8/16,49.72,31.53,spring,pooled,Europe,DrosEU,40,SRR8494448,SRX5299019,HiSeq X Ten,Iryna_Kozerestka,wild,2016,190,UPM00033466,38.69129353,0.17,0.05,0.07,0.02,0,0.03,0.06,Keep,male
UA_Kha_14_45,UA_Kha,Ukraine,Kharkiv,Kharkiv,BR-1,TR-1,NA,NA,26,26,7,7,7/26/14,49.81852778,36.05475,spring,pooled,Europe,DrosEU,40,SRR5647747,SRX2885361,NextSeq 500,Svitlana_Serga,wild,2014,207,UPM00034300,17.4159431,0.2,0.09,0.1,0.02,0,0.02,0.04,Exclude,male
UA_Kha_14_46,UA_Kha,Ukraine,Kharkiv,Kharkiv,BR-1,TR-1,NA,NA,14,14,9,9,9/14/14,49.81852778,36.05475,fall,pooled,Europe,DrosEU,40,SRR5647730,SRX2885378,NextSeq 500,Svitlana_Serga,wild,2014,257,UPM00034300,17.4159431,0.17,0.07,0.06,0.02,0,0.01,0.02,Exclude,male
UA_Kha_15_19,UA_Kha,Ukraine,Kharkiv,Kharkiv,BR-1,TR-1,NA,NA,20,20,8,8,8/20/15,49.81852778,36.05475,spring,pooled,Europe,DrosEU,40,SRR8439146,SRX5246562,HiSeq X Ten,Svitlana_Serga,wild,2015,232,UPM00034300,17.4159431,0.22,0.1,0.07,0.02,0,0.02,0.04,Keep,male
UA_Kha_16_58,UA_Kha,Ukraine,Kharkiv,Kharkiv,BR-1,TR-1,NA,NA,18,18,8,8,8/18/16,49.81852778,36.05475,spring,pooled,Europe,DrosEU,40,SRR8494446,SRX5299021,HiSeq X Ten,Svitlana_Serga,wild,2016,231,UPM00034300,17.4159431,0.17,0.03,0.08,0.04,0,0.02,0.09,Keep,male
UA_Kyi_14_23,UA_Kyi,Ukraine,Kyiv,Kyiv,BR-1,TR-1,NA,NA,9,9,8,8,8/9/14,50.34402778,30.48911111,spring,pooled,Europe,DrosEU,40,SRR5647736,SRX2885372,NextSeq 500,Iryna_Kozeretska,wild,2014,221,UPM00033345,9.06128615,0.18,0.1,0.04,0.01,0,0.02,0.07,Keep,male
UA_Kyi_14_24,UA_Kyi,Ukraine,Kyiv,Kyiv,BR-1,TR-1,NA,NA,8,8,9,9,9/8/14,50.34402778,30.48911111,fall,pooled,Europe,DrosEU,40,SRR5647737,SRX2885371,NextSeq 500,Iryna_Kozeretska,wild,2014,251,UPM00033345,9.06128615,0.24,0.09,0.04,0.03,0,0.01,0.08,Keep,male
UA_Kyi_14_49,UA_Kyi,Ukraine,Kyiv,Kyiv,BR-1,TR-1,NA,NA,11,11,10,10,10/11/14,50.34402778,30.48911111,fall,pooled,Europe,DrosEU,40,SRR5647743,SRX2885365,NextSeq 500,Svitlana_Serga,wild,2014,284,UPM00033345,9.06128615,0.17,0.18,0.05,0.05,0,0.02,0.03,Exclude,male
UA_Kyi_15_64,UA_Kyi,Ukraine,Kyiv (Vyshneve),Kyiv,BR-1,TR-1,NA,Vyshneve,10,10,8,8,8/10/15,50.383374,30.368038,spring,pooled,Europe,DrosEU,40,SRR8439147,SRX5246561,HiSeq X Ten,Iryna_Kozeretska,wild,2015,222,UPM00033345,9.06128615,0.21,0.17,0.07,0.04,0,0.01,0.02,Keep,male
UA_Kyi_16_44,UA_Kyi,Ukraine,Kyiv (Vyshneve),Kyiv,BR-1,TR-1,NA,Vyshneve,4,4,9,9,9/4/16,50.3834,30.3682,fall,pooled,Europe,DrosEU,40,SRR8494466,SRX5299001,HiSeq X Ten,Iryna_Kozerestka,wild,2016,248,UPM00033345,9.06128615,0.24,0.1,0.07,0.03,0,0.02,0.03,Keep,male
UA_Kyi_16_45,UA_Kyi,Ukraine,Kyiv (Vyshneve),Kyiv,BR-1,TR-1,NA,Vyshneve,3,3,10,10,10/3/16,50.38,30.36,fall,pooled,Europe,DrosEU,40,SRR8494428,SRX5299039,HiSeq X Ten,Iryna_Kozerestka,wild,2016,277,UPM00033345,9.06128615,0.3,0.13,0.07,0.04,0,0.04,0.05,Keep,male
UA_Kyi_16_59,UA_Kyi,Ukraine,Kyiv (Vyshneve),Kyiv,BR-1,TR-1,NA,Vyshneve,6,6,8,8,8/6/16,50.38,30.36,spring,pooled,Europe,DrosEU,40,SRR8494430,SRX5299037,HiSeq X Ten,Iryna_Kozerestka,wild,2016,219,UPM00033345,9.06128615,0.16,0.12,0.07,0.05,0.03,0.02,0.03,Keep,male
UA_Ode_14_19,UA_Ode,Ukraine,Odesa,Odesa,BR-1,TR-1,NA,NA,3,3,7,7,7/3/14,46.44155556,30.77169444,spring,pooled,Europe,DrosEU,40,SRR5647766,SRX2885342,NextSeq 500,Iryna_Kozeretska,wild,2014,184,UPM00033837,11.6877454,0.1,0.11,0.01,0.01,0.01,0.02,0.05,Keep,male
UA_Ode_14_20,UA_Ode,Ukraine,Odesa,Odesa,BR-1,TR-1,NA,NA,22,22,7,7,7/22/14,46.44155556,30.77169444,spring,pooled,Europe,DrosEU,40,SRR5647765,SRX2885343,NextSeq 500,Iryna_Kozeretska,wild,2014,203,UPM00033837,11.6877454,0.19,0.1,0.02,0.04,0,0.03,0.03,Keep,male
UA_Ode_14_21,UA_Ode,Ukraine,Odesa,Odesa,BR-1,TR-1,NA,NA,29,29,8,8,8/29/14,46.44155556,30.77169444,spring,pooled,Europe,DrosEU,40,SRR5647768,SRX2885340,NextSeq 500,Iryna_Kozeretska,wild,2014,241,UPM00033837,11.6877454,0.2,0.09,0.08,0.04,0,0.05,0.05,Keep,male
UA_Ode_14_22,UA_Ode,Ukraine,Odesa,Odesa,BR-1,TR-1,NA,NA,10,10,10,10,10/10/14,46.44155556,30.77169444,fall,pooled,Europe,DrosEU,40,SRR5647767,SRX2885341,NextSeq 500,Iryna_Kozeretska,wild,2014,283,UPM00033837,11.6877454,0.35,0.14,0.07,0.03,0,0.02,0.04,Keep,male
UA_Ode_15_11,UA_Ode,Ukraine,Odesa,Odesa,BR-1,TR-1,NA,NA,26,26,9,9,9/26/15,46.44155556,30.77169444,fall,pooled,Europe,DrosEU,40,SRR8439155,SRX5246553,HiSeq X Ten,Iryna_Kozeretska,wild,2015,269,UPM00033837,11.6877454,0.35,0.09,0.03,0.05,0,0.02,0.08,Keep,male
UA_Ode_15_20,UA_Ode,Ukraine,Odesa,Odesa,BR-1,TR-1,NA,NA,30,30,6,6,6/30/15,46.44155556,30.77169444,spring,pooled,Europe,DrosEU,40,SRR8439145,SRX5246563,HiSeq X Ten,Iryna_Kozeretska,wild,2015,181,UPM00033837,11.6877454,0.15,0.04,0.03,0.03,0,0.01,0.05,Keep,male
UA_Ode_15_22,UA_Ode,Ukraine,Odesa,Odesa,BR-1,TR-1,NA,NA,27,27,8,8,8/27/15,46.44155556,30.77169444,spring,pooled,Europe,DrosEU,40,SRR8439130,SRX5246578,HiSeq X Ten,Iryna_Kozeretska,wild,2015,239,UPM00033837,11.6877454,0.15,0.07,0.08,0.04,0.01,0.03,0.05,Keep,male
UA_Ode_15_66,UA_Ode,Ukraine,Odesa,Odesa,BR-1,TR-1,NA,NA,26,26,7,7,7/26/15,46.44155556,30.77169444,spring,pooled,Europe,DrosEU,40,SRR8439140,SRX5246568,HiSeq X Ten,Iryna_Kozeretska,wild,2015,207,UPM00033837,11.6877454,0.21,0.05,0.01,0.06,0,0.01,0.04,Keep,male
UA_Ode_16_46,UA_Ode,Ukraine,Odesa,Odesa,BR-1,TR-1,NA,NA,20,20,8,8,8/20/16,46.44,30.77,spring,pooled,Europe,DrosEU,40,SRR8494429,SRX5299038,HiSeq X Ten,Iryna_Kozerestka,wild,2016,233,UPM00033837,11.6877454,0.17,0.09,0.05,0.03,0,0.01,0.01,Keep,male
UA_Ode_16_47,UA_Ode,Ukraine,Odesa,Odesa,BR-1,TR-1,NA,NA,15,15,9,9,9/15/16,46.44155556,30.77169444,fall,pooled,Europe,DrosEU,40,SRR8494427,SRX5299040,HiSeq X Ten,Iryna_Kozerestka,wild,2016,259,UPM00033837,11.6877454,0.19,0.06,0.03,0.01,0.01,0.03,0.04,Keep,male
UA_Pir_16_48,UA_Pir,Ukraine,Pripyat,Pripyat,BR-1,TR-1,NA,NA,3,3,9,9,9/3/16,51.4,30.05416645,fall,pooled,Europe,DrosEU,40,SRR8494426,SRX5299041,HiSeq X Ten,Iryna_Kozerestka,wild,2016,247,UPM00033231,18.02007562,0.32,0.12,0.1,0.02,0,0.01,0.04,Keep,male
UA_Pyr_14_26,UA_Pyr,Ukraine,Pyriatyn,Pyriatyn,BR-1,TR-1,NA,NA,20,20,8,8,8/20/14,50.25375,32.51880556,spring,pooled,Europe,DrosEU,40,SRR5647739,SRX2885369,NextSeq 500,Oleksandra_Protsenko,wild,2014,232,UPM00033362,27.82727783,0.19,0.08,0.11,0.02,0,0.03,0.03,Keep,male
UA_Pyr_15_21,UA_Pyr,Ukraine,Pyriatyn,Pyriatyn,BR-1,TR-1,NA,NA,26,26,8,8,8/26/15,50.25375,32.51880556,spring,pooled,Europe,DrosEU,40,SRR8439129,SRX5246579,HiSeq X Ten,Iryna_Kozeretska,wild,2015,238,UPM00033362,27.82727783,0.22,0.06,0.08,0.02,0,0.03,0.11,Keep,male
UA_Pyr_16_49,UA_Pyr,Ukraine,Pyriatyn,Pyriatyn,BR-1,TR-1,NA,NA,23,23,8,8,8/23/16,50.53752,32.51880556,spring,pooled,Europe,DrosEU,40,SRR8494424,SRX5299043,HiSeq X Ten,Iryna_Kozerestka,wild,2016,236,UPM00033362,27.82727783,0.26,0.09,0.07,0.03,0,0.03,0.05,Keep,male
UA_Uma_14_50,UA_Uma,Ukraine,Uman,Uman,BR-1,TR-1,NA,Uman 1,1,1,10,10,10/1/14,48.75327778,30.20580556,fall,pooled,Europe,DrosEU,40,SRR5647740,SRX2885368,NextSeq 500,Svitlana_Serga,wild,2014,274,UPM00033587,3.095305571,0.14,0.12,0.06,0.01,0,0.03,0.09,Exclude,male
UA_Uma_15_9,UA_Uma,Ukraine,Uman',Uman,BR-1,TR-1,NA,Uman 1,26,26,9,9,9/26/15,48.75327778,30.20580556,fall,pooled,Europe,DrosEU,40,SRR8439117,SRX5246591,HiSeq X Ten,Svitlana_Serga,wild,2015,269,UPM00033587,3.095305571,0.17,0.04,0.09,0.05,0,0.01,0.09,Keep,male
UA_Uma_16_50,UA_Uma,Ukraine,Uman,Uman,BR-1,TR-1,NA,Uman K,17,17,9,9,9/17/16,48.75,30.2,fall,pooled,Europe,DrosEU,40,SRR8494425,SRX5299042,HiSeq X Ten,Svitlana_Serga,wild,2016,261,UPM00033587,3.095305571,0.14,0.14,0.06,0.02,0,0.01,0.1,Keep,male
UA_Uma_16_51,UA_Uma,Ukraine,Uman K,Uman,BR-1,TR-1,NA,Uman K,11,11,9,9,9/11/16,48.76,30.17,fall,pooled,Europe,DrosEU,40,SRR8494422,SRX5299045,HiSeq X Ten,Svitlana_Serga,wild,2016,255,UPM00033587,3.095305571,0.16,0.22,0.08,0.02,0,0.02,0.09,Keep,male
UA_Var_14_25,UA_Var,Ukraine,Varva,Varva,BR-1,TR-1,NA,NA,18,18,8,8,8/18/14,50.48469444,32.71425,spring,pooled,Europe,DrosEU,40,SRR5647738,SRX2885370,NextSeq 500,Oleksandra_Protsenko,wild,2014,230,UPM00033362,25.90628451,0.24,0.1,0.07,0.03,0,0.02,0.04,Keep,male
UA_Var_15_18,UA_Var,Ukraine,Varva,Varva,BR-1,TR-1,NA,NA,25,25,8,8,8/25/15,50.48469444,32.71425,spring,pooled,Europe,DrosEU,40,SRR8439152,SRX5246556,HiSeq X Ten,Iryna_Kozeretska,wild,2015,237,UPM00033362,25.90628451,0.16,0.03,0.14,0.01,0,0.01,0.11,Keep,male
UA_Var_16_60,UA_Var,Ukraine,Varva,Varva,BR-1,TR-1,NA,NA,26,26,8,8,8/26/16,50.48469444,32.71425,spring,pooled,Europe,DrosEU,40,SRR8494469,SRX5298998,HiSeq X Ten,Iryna_Kozerestka,wild,2016,239,UPM00033362,25.90628451,0.18,0.04,0.08,0.02,0,0.02,0.04,Keep,male
UA_Yal_14_16,UA_Yal,Ukraine,Yalta,Yalta,BR-1,TR-1,NA,NA,20,20,6,6,6/20/14,44.5015,34.16611944,spring,pooled,Europe,DrosEU,40,SRR5647764,SRX2885344,NextSeq 500,Iryna_Kozeretska,wild,2014,171,UPM00033946,22.21351566,0.16,0.03,0.01,0.01,0,0.01,0.09,Keep,male
UA_Yal_14_18,UA_Yal,Ukraine,Yalta,Yalta,BR-1,TR-1,NA,NA,27,27,8,8,8/27/14,44.5015,34.16611944,spring,pooled,Europe,DrosEU,40,SRR5647763,SRX2885345,NextSeq 500,Iryna_Kozeretska,wild,2014,239,UPM00033946,22.21351566,0.18,0.03,0.03,0.02,0,0.02,0.07,Keep,male
UA_Yal_15_23,UA_Yal,Ukraine,Yalta,Yalta,BR-1,TR-1,NA,NA,24,24,6,6,6/24/15,44.5015,34.16611944,spring,pooled,Europe,DrosEU,40,SRR8439131,SRX5246577,HiSeq X Ten,Iryna_Kozeretska,wild,2015,175,UPM00033946,22.21351566,0.13,0.06,0,0.02,0,0.01,0.09,Keep,male
UA_Yal_15_63,UA_Yal,Ukraine,Yalta,Yalta,BR-1,TR-1,NA,NA,24,24,8,8,8/24/15,44.5015,34.16611944,spring,pooled,Europe,DrosEU,40,SRR8439167,SRX5246541,HiSeq X Ten,Iryna_Kozeretska,wild,2015,236,UPM00033946,22.21351566,0.12,0.04,0.05,0.02,0,0.01,0.06,Keep,male
UA_Yal_16_61,UA_Yal,Ukraine,Yalta,Yalta,BR-1,TR-1,NA,NA,20,20,8,8,8/20/16,44.5015,34.1661,spring,pooled,Europe,DrosEU,40,SRR8494436,SRX5299031,HiSeq X Ten,Iryna_Kozerestka,wild,2016,233,UPM00033946,22.21351566,0.08,0.02,0.01,0.03,0,0.01,0.01,Keep,male
UK_Dai_15_52,UK_Dai,United Kingdom,Dairsie. Fife,Dairsie,BR-1,TR-1,NA,NA,19,19,8,8,8/19/15,56.344534,-2.952766,spring,pooled,Europe,DrosEU,40,SRR8439142,SRX5246566,HiSeq X Ten,Mike_Ritchie,wild,2015,231,UKM00003171,6.111969141,0.04,0.01,0,0.01,0,0.01,0,Keep,male
UK_Dai_16_23,UK_Dai,United Kingdom,Dairsie. Fife,Dairsie,BR-1,TR-1,NA,NA,6,6,8,8,8/6/16,56.3447,-2.9525,spring,pooled,Europe,DrosEU,40,SRR8494478,SRX5298989,HiSeq X Ten,Mike_Ritchie,wild,2016,219,UKM00003171,6.111969141,0.04,0.01,0,0.01,0,0.01,0,Keep,male
UK_Lut_14_13,UK_Lut,United Kingdom,Lutterworth,Lutterworth,BR-1,TR-1,NA,NA,20,20,10,10,10/20/14,52.433592,-1.102667,fall,pooled,Europe,DrosEU,40,SRR5647759,SRX2885349,NextSeq 500,Eran_Tauber,wild,2014,293,UKE00105909,42.50732321,0.08,0.02,0.02,0.01,0,0.03,0.02,Keep,male
UK_Mar_14_12,UK_Mar,United Kingdom,Market Harborough,Market Harborough,BR-1,TR-1,NA,NA,20,20,10,10,10/20/14,52.475769,-0.921517,fall,pooled,Europe,DrosEU,40,SRR5647760,SRX2885348,NextSeq 500,Eran_Tauber,wild,2014,293,UKE00156876,46.02203629,0.01,0.02,0.03,0.01,0,0.01,0.04,Keep,male
UK_Mar_15_42,UK_Mar,United Kingdom,Market Harborough,Market Harborough,BR-1,TR-1,NA,NA,7,7,7,7,7/7/15,52.4608,-0.959,spring,pooled,Europe,DrosEU,40,SRR8439121,SRX5246587,HiSeq X Ten,mirko_pegoraro,wild,2015,188,UKE00156876,46.02203629,0.04,0.01,0.01,0.01,0,0.01,0,Keep,male
UK_Mar_16_53,UK_Mar,United Kingdom,Market Harborough,Market Harborough,BR-1,TR-1,NA,NA,23,23,10,10,10/23/16,52.46,-0.959,fall,pooled,Europe,DrosEU,40,SRR8494432,SRX5299035,HiSeq X Ten,Eran_Tauber,wild,2016,297,UKE00156876,46.02203629,0.13,0.03,0,0.02,0,0.01,0.01,Keep,male
UK_She_14_09,UK_She,United Kingdom,Sheffield,Sheffield,BR-1,TR-1,NA,NA,25,25,8,8,8/25/14,53.39052,-1.520599,spring,pooled,Europe,DrosEU,40,SRR5647752,SRX2885356,NextSeq 500,Damiano_Porcelli,wild,2014,237,UKE00105904,2.32989536,0.14,0,0,0.01,0,0.01,0.02,Keep,male
UK_She_15_17,UK_She,United Kingdom,Sheffield,Sheffield,BR-1,TR-1,NA,NA,4,4,10,10,10/4/15,53.391,-1.521,fall,pooled,Europe,DrosEU,40,SRR8439153,SRX5246555,HiSeq X Ten,Damiano_Porcelli,wild,2015,277,UKE00105904,2.32989536,0.24,0.01,0,0.02,0,0.01,0.04,Keep,male
UK_Sou_14_10,UK_Sou,United Kingdom,South Queensferry,South Queensferry,BR-1,TR-1,NA,NA,14,14,7,7,7/14/14,55.972871,-3.351475,spring,pooled,Europe,DrosEU,40,SRR5647757,SRX2885351,NextSeq 500,Darren_J._Obbard,wild,2014,195,UKE00105888,8.86054537,0.1,0.01,0,0.01,0,0.01,0,Exclude,male
AT_gr_12_fall,AT_gr,Austria,Gross-Enzersdorf,Gross-Enzersdorf,BR-1,TR-1,NA,NA,20,20,10,10,10/20/12,48.2,16.37,fall,pooled,Europe,DrosRTEC,44,SRR3590552,SRX1801497,Illumina HiSeq 2000,Fabian/Flatt,wild,2012,294,AU000005901,3.969325079,0.26,0.09,0.02,0.02,0,0.03,0.03,Keep,male
AT_gr_12_spring,AT_gr,Austria,Gross-Enzersdorf,Gross-Enzersdorf,BR-1,TR-1,NA,NA,3,3,8,8,8/3/12,48.2,16.37,spring,pooled,Europe,DrosRTEC,62,SRR3590553,SRX1801498,Illumina HiSeq 2000,Fabian/Flatt,wild,2012,216,AU000005901,3.969325079,0.12,0.05,0.08,0.03,0,0.01,0.06,Keep,male
CA_es_12_fall,CA_es,USA,Esparto,Esparto,BR-1,TR-1,NA,NA,22,22,8,8,8/22/12,38.68,-122.046,fall,pooled,NorthAmerica,DrosRTEC,92,SRR3939043,SRX1968272,Illumina HiSeq 2000,H._Machado,wild,2012,235,USR0000CBRO,10.75110593,0.04,0.03,0,0.01,0.01,0.01,0.03,Keep,male
CA_es_12_frost,CA_es,USA,Esparto,Esparto,BR-1,TR-1,NA,NA,20,20,11,11,11/20/12,38.68,-122.046,frost,pooled,NorthAmerica,DrosRTEC,92,SRR3939103,SRX1968332,Illumina HiSeq 2000,H._Machado,wild,2012,325,USR0000CBRO,10.75110593,0.05,0.01,0,0.01,0,0.02,0.03,Keep,male
CA_es_12_spring,CA_es,USA,Esparto,Esparto,BR-1,TR-1,NA,NA,13,13,6,6,6/13/12,38.68,-122.046,spring,pooled,NorthAmerica,DrosRTEC,27,SRR3939042,SRX1968271,Illumina HiSeq 2000,H._Machado,wild,2012,165,USR0000CBRO,10.75110593,0.06,0.03,0,0.02,0,0.02,0.03,Keep,male
CA_es_13_fall,CA_es,USA,Esparto,Esparto,BR-1,TR-1,NA,NA,1,1,9,9,9/1/13,38.68,-122.046,fall,pooled,NorthAmerica,DrosRTEC,57,SRR3939048,SRX1968277,Illumina HiSeq 2000,H._Machado,wild,2013,244,USR0000CBRO,10.75110593,0.07,0.02,0.02,0.01,0,0.01,0.08,Keep,male
CA_es_13_spring,CA_es,USA,Esparto,Esparto,BR-1,TR-1,NA,NA,7,7,5,5,5/7/13,38.68,-122.046,spring,pooled,NorthAmerica,DrosRTEC,50,SRR3939104,SRX1968333,Illumina HiSeq 2000,H._Machado,wild,2013,127,USR0000CBRO,10.75110593,0.06,0.02,0,0.03,0,0.01,0.05,Keep,male
CA_pl_12_fall,CA_pl,USA,Placerville,Placerville,BR-1,TR-1,NA,NA,25,25,8,8,8/25/12,38.74,-120.74,fall,pooled,NorthAmerica,DrosRTEC,100,SRR3939054,SRX1968283,Illumina HiSeq 2000,H._Machado,wild,2012,238,USC00046962,0.944751534,0.04,0.02,0,0.01,0,0.02,0.02,Keep,male
CA_pl_12_frost,CA_pl,USA,Placerville,Placerville,BR-1,TR-1,NA,NA,18,18,11,11,11/18/12,38.74,-120.74,frost,pooled,NorthAmerica,DrosRTEC,56,SRR3939102,SRX1968331,Illumina HiSeq 2000,H._Machado,wild,2012,323,USC00046962,0.944751534,0.03,0.03,0,0.01,0.02,0.02,0.01,Keep,male
CA_pl_13_fall,CA_pl,USA,Placerville,Placerville,BR-1,TR-1,NA,NA,30,30,8,8,8/30/13,38.74,-120.74,fall,pooled,NorthAmerica,DrosRTEC,88,SRR3939045,SRX1968274,Illumina HiSeq 2000,H._Machado,wild,2013,242,USC00046962,0.944751534,0.08,0.03,0,0.01,0.03,0,0.03,Keep,male
CA_pl_13_frost,CA_pl,USA,Placerville,Placerville,BR-1,TR-1,NA,NA,16,16,12,12,12/16/13,38.74,-120.74,frost,pooled,NorthAmerica,DrosRTEC,72,SRR3939050,SRX1968279,Illumina HiSeq 2000,H._Machado,wild,2013,350,USC00046962,0.944751534,0.04,0.02,0,0.01,0,0.01,0.04,Keep,male
CA_st_12_fall,CA_st,USA,Stockton,Stockton,BR-1,TR-1,NA,NA,1,1,10,10,10/1/12,38.02,-121.2,fall,pooled,NorthAmerica,DrosRTEC,100,SRR3939081,SRX1968310,Illumina HiSeq 2000,H._Machado,wild,2012,275,USC00048560,10.5949705,0.01,0.01,0.01,0.01,0.01,0,0,Keep,male
CA_st_12_frost,CA_st,USA,Stockton,Stockton,BR-1,TR-1,NA,NA,15,15,11,11,11/15/12,38.02,-121.2,frost,pooled,NorthAmerica,DrosRTEC,58,SRR3939100,SRX1968329,Illumina HiSeq 2000,H._Machado,wild,2012,320,USC00048560,10.5949705,0,0.01,0,0,0,0,0.02,Keep,male
CA_st_13_fall,CA_st,USA,Stockton,Stockton,BR-1,TR-1,NA,NA,3,3,9,9,9/3/13,38.02,-121.2,fall,pooled,NorthAmerica,DrosRTEC,72,SRR3939047,SRX1968276,Illumina HiSeq 2000,H._Machado,wild,2013,246,USC00048560,10.5949705,0.04,0.02,0,0.01,0,0,0,Keep,male
CA_tu_12_fall,CA_tu,USA,Tuolumne,Tuolumne,BR-1,TR-1,NA,NA,10,10,10,10,10/10/12,37.97,-120.26,fall,pooled,NorthAmerica,DrosRTEC,116,SRR3939093,SRX1968322,Illumina HiSeq 2000,H._Machado,wild,2012,284,USR0000CELI,10.39771913,0.07,0.02,0,0.01,0.03,0.01,0.01,Keep,male
CA_tu_12_frost,CA_tu,USA,Tuolumne,Tuolumne,BR-1,TR-1,NA,NA,17,17,11,11,11/17/12,37.97,-120.26,frost,pooled,NorthAmerica,DrosRTEC,60,SRR3939101,SRX1968330,Illumina HiSeq 2000,H._Machado,wild,2012,322,USR0000CELI,10.39771913,0.08,0.03,0,0.01,0,0.01,0.02,Keep,male
CA_tu_13_fall,CA_tu,USA,Tuolumne,Tuolumne,BR-1,TR-1,NA,NA,31,31,8,8,8/31/13,37.97,-120.26,fall,pooled,NorthAmerica,DrosRTEC,100,SRR3939046,SRX1968275,Illumina HiSeq 2000,H._Machado,wild,2013,243,USR0000CELI,10.39771913,0.07,0.01,0.01,0.01,0.01,0.01,0.06,Keep,male
CA_tu_13_frost,CA_tu,USA,Tuolumne,Tuolumne,BR-1,TR-1,NA,NA,8,8,12,12,12/8/13,37.97,-120.26,frost,pooled,NorthAmerica,DrosRTEC,100,SRR3939049,SRX1968278,Illumina HiSeq 2000,H._Machado,wild,2013,342,USR0000CELI,10.39771913,0.05,0.01,0.01,0.01,0.01,0.01,0.02,Keep,male
CA_tu_13_spring,CA_tu,USA,Tuolumne,Tuolumne,BR-1,TR-1,NA,NA,14,14,5,5,5/14/13,37.97,-120.26,spring,pooled,NorthAmerica,DrosRTEC,98,SRR3939044,SRX1968273,Illumina HiSeq 2000,H._Machado,wild,2013,134,USR0000CELI,10.39771913,0.02,0.01,0,0.01,0,0,0.01,Keep,male
ES_ba_12_fall,ES_ba,Spain,Barcelona,Barcelona,BR-1,TR-1,NA,NA,1,30,10,10,10/15/12,41.38,2.17,fall,pooled,Europe,DrosRTEC,29,SRR3590548,SRX1801493,Illumina HiSeq 2000,J._Gonzalez,wild,2012,289,SPE00155991,0.480981525,0.43,0.06,0.04,0.08,0.08,0.12,0.13,Keep,male
ES_ba_12_spring,ES_ba,Spain,Barcelona,Barcelona,BR-1,TR-1,NA,NA,13,13,7,7,7/13/12,41.38,2.17,spring,pooled,Europe,DrosRTEC,55,SRR3590549,SRX1801494,Illumina HiSeq 2000,J._Gonzalez,wild,2012,195,SPE00155991,0.480981525,0.45,0.07,0.04,0.07,0,0.1,0.09,Keep,male
FL_ho_10_fall,FL_ho,USA,Homestead,Homestead,BR-1,TR-1,NA,NA,1,30,12,12,12/15/10,25.5,-80.477,fall,pooled,NorthAmerica,DrosRTEC,48,SRR1525694,SRX661833,Illumina HiSeq 2000,P._Schmidt;_A._Bergland,wild,2010,349,USC00084095,7.340235292,0.24,0.02,0.11,0.01,0.04,0.01,0.29,Exclude,male
FL_ho_10_spring,FL_ho,USA,Homestead,Homestead,BR-1,TR-1,NA,NA,1,30,7,7,7/15/10,25.5,-80.477,spring,pooled,NorthAmerica,DrosRTEC,39,SRR1525685,SRX661832,Illumina HiSeq 2000,P._Schmidt;_A._Bergland,5gen_lab,2010,196,USC00084095,7.340235292,0.46,0.09,0.1,0.01,0.02,0,0.39,Keep,male
GA_at_14_fall,GA_at,USA,Athens,Athens,BR-1,TR-1,NA,NA,1,30,10,10,10/15/14,33.95,-83.36,fall,pooled,NorthAmerica,DrosRTEC,99,SRR3939056,SRX1968285,Illumina HiSeq 4000,K_.Dyer,wild,2014,288,USW00013873,3.011680235,0.42,0.05,0.02,0.01,0.24,0.15,0.01,Keep,male
GA_at_14_spring,GA_at,USA,Athens,Athens,BR-1,TR-1,NA,NA,15,20,6,6,6/15/14,33.95,-83.36,spring,pooled,NorthAmerica,DrosRTEC,44,SRR3939057,SRX1968286,Illumina HiSeq 4000,K_.Dyer,wild,2014,166,USW00013873,3.011680235,0.43,0.01,0.01,0.01,0.11,0.04,0.05,Keep,male
GA_ha_08_spring,GA_ha,USA,Hahia,Hahia,BR-1,TR-1,NA,NA,1,30,7,7,7/15/08,30.99,-83.37,spring,pooled,NorthAmerica,DrosRTEC,51,SRR1525695,SRX661834,Illumina HiSeq 2000,P._Schmidt,5gen_lab,2008,197,USR0000GCOO,14.33963346,0.28,0.11,0.07,0.01,0.04,0.02,0.27,Keep,male
IL_ur_15_spring,IL_ur,USA,Urbana,Urbana,BR-1,TR-1,NA,NA,11,11,7,7,7/11/15,40.11,-88.21,spring,pooled,NorthAmerica,DrosRTEC,184,SRR3939094,SRX1968323,Illumina HiSeq 4000,J._Birdsley,wild,2015,192,USC00118740,3.882611327,0.18,0.04,0,0.03,0.05,0.05,0.03,Keep,male
KA_to_14_fall,KA_to,USA,Topeka,Topeka,BR-1,TR-1,NA,NA,22,22,10,10,10/22/14,39.202831,-95.741527,fall,pooled,NorthAmerica,DrosRTEC,48,SRR3939085,SRX1968314,Illumina HiSeq 4000,P.Roy,wild,2014,295,USC00148171,9.485096083,0.22,0.02,0.01,0.02,0.02,0.07,0.12,Keep,male
KA_to_14_spring,KA_to,USA,Topeka,Topeka,BR-1,TR-1,NA,NA,22,22,6,6,6/22/14,39.0913433,-95.6246509,spring,pooled,NorthAmerica,DrosRTEC,72,SRR3939086,SRX1968315,Illumina HiSeq 4000,P.Roy,wild,2014,173,USC00148171,9.485096083,0.2,0.07,0,0.01,0.03,0.04,0.07,Keep,male
MA_la_12_fall,MA_la,USA,Lancaster,Lancaster,BR-1,TR-1,NA,NA,2,2,10,10,10/2/12,42.45,-71.67,fall,pooled,NorthAmerica,DrosRTEC,63,SRR3590556,SRX1801501,Illumina HiSeq 2000,P._Schmidt_lab,wild,2012,276,USW00004780,13.3367348,0.22,0.04,0,0.02,0.01,0.06,0.04,Keep,male
MA_la_12_spring,MA_la,USA,Lancaster,Lancaster,BR-1,TR-1,NA,NA,28,28,7,7,7/28/12,42.45,-71.67,spring,pooled,NorthAmerica,DrosRTEC,100,SRR3590557,SRX1801502,Illumina HiSeq 2000,P._Schmidt,wild,2012,210,USW00004780,13.3367348,0.21,0.03,0,0.04,0,0.08,0.03,Keep,male
MA_la_14_fall,MA_la,USA,Lancaster,Lancaster,BR-1,TR-1,NA,NA,20,20,10,10,10/20/14,42.45,-71.67,fall,pooled,NorthAmerica,DrosRTEC,90,SRR3939080,SRX1968309,Illumina HiSeq 4000,P._Schmidt_lab,wild,2014,293,USW00004780,13.3367348,0.2,0.04,0,0.03,0,0.06,0.01,Keep,male
MA_la_14_spring,MA_la,USA,Lancaster,Lancaster,BR-1,TR-1,NA,NA,20,20,7,7,7/20/14,42.45,-71.67,spring,pooled,NorthAmerica,DrosRTEC,32,SRR3939082,SRX1968311,Illumina HiSeq 4000,P._Schmidt_lab,wild,2014,201,USW00004780,13.3367348,0.13,0.05,0,0.04,0,0.12,0.02,Keep,male
ME_bo_09_fall.r1,ME_bo,USA,Bowdoin,Bowdoin,BR-1,TR-1,NA,NA,1,30,10,10,10/15/09,44,-69.96,fall,pooled,NorthAmerica,DrosRTEC,86,SRR1525698,SRX661844,Illumina HiSeq 2000,P._Schmidt_lab,5gen_lab,2009,288,USC00172048,10.9401886,0.16,0.08,0,0.02,0.04,0.15,0,Keep,male
ME_bo_09_fall.r2,ME_bo,USA,Bowdoin,Bowdoin,BR-2,TR-1,NA,NA,1,30,10,10,10/15/09,44,-69.96,fall,pooled,NorthAmerica,DrosRTEC,75,SRR1525699,SRX661845,Illumina HiSeq 2000,P._Schmidt_lab,wild,2009,288,USC00172048,10.9401886,0.19,0.15,0.03,0.03,0.08,0.17,0.05,Exclude,male
MI_bh_14_fall,MI_bh,USA,Benton Harbor,Benton Harbor,BR-1,TR-1,NA,NA,5,5,11,11,11/5/14,42.1111,-86.4483,fall,pooled,NorthAmerica,DrosRTEC,34,SRR3939058,SRX1968287,Illumina HiSeq 4000,T._Karasov_et_al,wild,2014,309,USC00200710,2.318021111,0.14,0.01,0.03,0.01,0,0.03,0.03,Keep,male
MI_bh_14_spring,MI_bh,USA,Benton Harbor,Benton Harbor,BR-1,TR-1,NA,NA,26,26,7,7,7/26/14,42.1111,-86.4483,spring,pooled,NorthAmerica,DrosRTEC,106,SRR3939059,SRX1968288,Illumina HiSeq 4000,T._Karasov_et_al,wild,2014,207,USC00200710,2.318021111,0.16,0.04,0,0.01,0,0.03,0.01,Keep,male
NC_ra_03_n,NC_ra,USA,Raleigh,Raleigh,BR-1,TR-1,NA,NA,1,30,1,12,2003,35.77,-78.63,NA,pooled,NorthAmerica,DrosRTEC,92,SRR1525697,SRX661836,Illumina HiSeq 2000,Mackay,inbred,2003,NA,USC00317074,6.637753218,0.11,0.08,0.02,0.01,0.04,0.13,0.01,Keep,male
NY_it_12_fall,NY_it,USA,Ithaca,Ithaca,BR-1,TR-1,NA,NA,23,23,9,9,9/23/12,42.44,-76.5,fall,pooled,NorthAmerica,DrosRTEC,58,SRR3590558,SRX1801503,Illumina HiSeq 2000,Howick/Lazzaro,wild,2012,267,USC00304174,4.30252227,0.17,0.16,0,0.01,0,0.05,0,Keep,male
NY_it_12_spring,NY_it,USA,Ithaca,Ithaca,BR-1,TR-1,NA,NA,25,25,7,7,7/25/12,42.44,-76.5,spring,pooled,NorthAmerica,DrosRTEC,30,SRR3590559,SRX1801504,Illumina HiSeq 2000,Howick/Lazzaro,wild,2012,207,USC00304174,4.30252227,0.16,0.05,0,0.01,0.07,0.07,0,Keep,male
ON_su_15_fall,ON_su,Canada,Sudbury,Sudbury,BR-1,TR-1,NA,NA,30,30,9,9,9/30/15,46.53,-80.96,fall,pooled,NorthAmerica,DrosRTEC,110,SRR3939092,SRX1968321,Illumina HiSeq 4000,T._Merrit,wild,2015,273,CA006068145,16.80056936,0.14,0.04,0,0.02,0.01,0.05,0.04,Keep,male
ON_su_15_spring,ON_su,Canada,Sudbury,Sudbury,BR-1,TR-1,NA,NA,3,3,8,8,8/3/15,46.53,-80.96,spring,pooled,NorthAmerica,DrosRTEC,108,SRR3939091,SRX1968320,Illumina HiSeq 4000,T._Merrit,wild,2015,215,CA006068145,16.80056936,0.14,0.01,0,0.04,0,0.05,0.02,Keep,male
PA_li_09_fall,PA_li,USA,Linvilla,Linvilla,BR-1,TR-1,NA,NA,1,30,11,11,11/15/09,39.88,-75.41,fall,pooled,NorthAmerica,DrosRTEC,74,SRR1525769,SRX661838,Illumina HiSeq 2000,P._Schmidt_lab,F1,2009,319,USW00013739,15.35999259,0.11,0.06,0,0.01,0.03,0.03,0.07,Keep,male
PA_li_09_spring,PA_li,USA,Linvilla,Linvilla,BR-1,TR-1,NA,NA,1,30,7,7,7/15/09,39.88,-75.41,spring,pooled,NorthAmerica,DrosRTEC,55,SRR1525768,SRX661837,Illumina HiSeq 2000,P._Schmidt_lab,F1,2009,196,USW00013739,15.35999259,0.11,0.04,0,0.01,0.03,0.04,0.02,Keep,male
PA_li_10_fall,PA_li,USA,Linvilla,Linvilla,BR-1,TR-1,NA,NA,1,30,11,11,11/15/10,39.88,-75.41,fall,pooled,NorthAmerica,DrosRTEC,33,SRR1525771,SRX661840,Illumina HiSeq 2000,P._Schmidt_lab,F1,2010,319,USW00013739,15.35999259,0.18,0.01,0.02,0.01,0,0.04,0.04,Keep,male
PA_li_10_spring,PA_li,USA,Linvilla,Linvilla,BR-1,TR-1,NA,NA,1,30,7,7,7/15/10,39.88,-75.41,spring,pooled,NorthAmerica,DrosRTEC,116,SRR1525770,SRX661839,Illumina HiSeq 2000,P._Schmidt_lab,F1,2010,196,USW00013739,15.35999259,0.23,0.05,0.01,0.01,0,0.05,0.1,Keep,male
PA_li_11_fall,PA_li,USA,Linvilla,Linvilla,BR-1,TR-1,NA,NA,1,30,10,10,10/15/11,39.88,-75.41,fall,pooled,NorthAmerica,DrosRTEC,47,SRR1525773,SRX661842,Illumina HiSeq 2000,P._Schmidt_lab,F1,2011,288,USW00013739,15.35999259,0.2,0.08,0.03,0.03,0.02,0.06,0.08,Exclude,male
PA_li_11_frost,PA_li,USA,Linvilla,Linvilla,BR-1,TR-1,NA,NA,1,30,11,11,11/15/11,39.88,-75.41,frost,pooled,NorthAmerica,DrosRTEC,50,SRR1525774,SRX661843,Illumina HiSeq 2000,P._Schmidt_lab,F1,2011,319,USW00013739,15.35999259,0.18,0.03,0.04,0.01,0.01,0.06,0.08,Keep,male
PA_li_11_spring,PA_li,USA,Linvilla,Linvilla,BR-1,TR-1,NA,NA,1,30,7,7,7/15/11,39.88,-75.41,spring,pooled,NorthAmerica,DrosRTEC,75,SRR1525772,SRX661841,Illumina HiSeq 2000,P._Schmidt_lab,F1,2011,196,USW00013739,15.35999259,0.14,0.03,0.01,0.01,0.04,0.03,0.03,Keep,male
PA_li_12_fall,PA_li,USA,Linvilla,Linvilla,BR-1,TR-1,NA,NA,10,10,10,10,10/10/12,39.88,-75.41,fall,pooled,NorthAmerica,DrosRTEC,100,SRR3590560,SRX1801505,Illumina HiSeq 2000,P._Schmidt_lab,wild,2012,284,USW00013739,15.35999259,0.19,0.03,0.02,0.01,0,0.02,0.03,Keep,male
PA_li_12_spring,PA_li,USA,Linvilla,Linvilla,BR-1,TR-1,NA,NA,16,16,7,7,7/16/12,39.88,-75.41,spring,pooled,NorthAmerica,DrosRTEC,115,SRR3590561,SRX1801506,Illumina HiSeq 2000,P._Schmidt_lab,wild,2012,198,USW00013739,15.35999259,0.17,0.08,0,0.01,0.02,0.04,0.08,Keep,male
PA_li_12_sum,PA_li,USA,Linvilla,Linvilla,BR-1,TR-1,NA,NA,13,13,9,9,9/13/12,39.88,-75.41,fall,pooled,NorthAmerica,DrosRTEC,50,SRR3590563,SRX1801508,Illumina HiSeq 2000,P._Schmidt_lab,wild,2012,257,USW00013739,15.35999259,0.18,0.04,0.03,0.01,0.02,0.03,0.05,Keep,male
PA_li_13_spring,PA_li,USA,Linvilla,Linvilla,BR-1,TR-1,NA,NA,1,30,6,6,6/15/13,39.88,-75.41,spring,pooled,NorthAmerica,DrosRTEC,54,SRR3939095,SRX1968324,Illumina HiSeq 4000,P._Schmidt_lab,wild,2013,166,USW00013739,15.35999259,0.14,0.07,0.01,0.02,0.06,0.03,0.03,Keep,male
PA_li_14_fall,PA_li,USA,Linvilla,Linvilla,BR-1,TR-1,NA,NA,17,17,10,10,10/17/14,39.88,-75.41,fall,pooled,NorthAmerica,DrosRTEC,50,SRR3939096,SRX1968325,Illumina HiSeq 4000,P._Schmidt_lab,wild,2014,290,USW00013739,15.35999259,0.19,0.08,0,0.02,0,0.04,0.09,Keep,male
PA_li_14_spring,PA_li,USA,Linvilla,Linvilla,BR-1,TR-1,NA,NA,27,27,6,6,6/27/14,39.88,-75.41,spring,pooled,NorthAmerica,DrosRTEC,92,SRR3939097,SRX1968326,Illumina HiSeq 4000,P._Schmidt_lab,wild,2014,178,USW00013739,15.35999259,0.2,0.04,0,0.01,0,0.04,0.06,Keep,male
PA_li_15_fall,PA_li,USA,Linvilla,Linvilla,BR-1,TR-1,NA,NA,1,30,10,10,10/15/15,39.88,-75.41,fall,pooled,NorthAmerica,DrosRTEC,52,SRR3939098,SRX1968327,Illumina HiSeq 4000,P._Schmidt_lab,wild,2015,288,USW00013739,15.35999259,0.16,0.04,0,0.01,0.01,0.03,0.03,Keep,male
PA_li_15_spring,PA_li,USA,Linvilla,Linvilla,BR-1,TR-1,NA,NA,1,30,7,7,7/15/15,39.88,-75.41,spring,pooled,NorthAmerica,DrosRTEC,74,SRR3939099,SRX1968328,Illumina HiSeq 4000,P._Schmidt_lab,wild,2015,196,USW00013739,15.35999259,0.22,0.07,0.01,0.01,0.02,0.05,0.02,Keep,male
PA_st_14_fall,PA_st,USA,State College,State College,BR-1,TR-1,NA,NA,16,16,10,10,10/16/14,40.793395,-77.860001,fall,pooled,NorthAmerica,DrosRTEC,67,SRR3939083,SRX1968312,Illumina HiSeq 4000,S._Schaeffer,wild,2014,289,USC00368449,0.607668177,0.23,0.11,0.01,0.01,0,0.05,0.06,Keep,male
PA_st_14_spring,PA_st,USA,State College,State College,BR-1,TR-1,NA,NA,18,18,6,6,6/18/14,40.793395,-77.860001,spring,pooled,NorthAmerica,DrosRTEC,45,SRR3939084,SRX1968313,Illumina HiSeq 4000,S._Schaeffer,wild,2014,169,USC00368449,0.607668177,0.21,0.04,0.01,0.01,0,0.06,0.04,Keep,male
PA_st_15_spring,PA_st,USA,State College,State College,BR-1,TR-1,NA,NA,18,18,7,7,7/18/15,40.793395,-77.860001,spring,pooled,NorthAmerica,DrosRTEC,47,SRR3939089,SRX1968318,Illumina HiSeq 4000,S._Schaeffer,wild,2015,199,USC00368449,0.607668177,0.14,0.03,0,0.01,0.02,0.1,0.07,Keep,male
SC_eu_10_spring,SC_eu,USA,Eutawville,Eutawville,BR-1,TR-1,NA,NA,15,15,7,7,7/15/10,33.39,-80.34,spring,pooled,NorthAmerica,DrosRTEC,48,SRR1525696,SRX661835,Illumina HiSeq 2000,P._Schmidt_lab,5gen_lab,2010,196,USC00384205,10.87705827,0.26,0.01,0.01,0.01,0.06,0,0.06,Keep,male
UA_od_13_fall,UA_od,Ukraine,Odessa,Odesa,BR-1,TR-1,NA,NA,1,30,10,10,10/15/13,46.49,30.71,fall,pooled,Europe,DrosRTEC,61,SRR3939053,SRX1968282,Illumina HiSeq 4000,I._Kozeretska,wild,2013,288,UPM00033837,6.242456774,0.25,0.07,0.03,0.03,0.01,0.04,0.06,Keep,male
UA_od_13_spring,UA_od,Ukraine,Odessa,Odesa,BR-1,TR-1,NA,NA,1,30,5,5,5/15/13,46.49,30.71,spring,pooled,Europe,DrosRTEC,37,SRR3939055,SRX1968284,Illumina HiSeq 4000,I._Kozeretska,wild,2013,135,UPM00033837,6.242456774,0.17,0.04,0.02,0.03,0,0.06,0.05,Keep,male
VA_ch_12_fall,VA_ch,USA,Charlottesville,Charlottesville,BR-1,TR-1,NA,NA,5,5,11,11,11/5/12,38,-78.47,fall,pooled,NorthAmerica,DrosRTEC,50,SRR3590550,SRX1801495,Illumina HiSeq 2000,P._Schmidt_lab,wild,2012,310,USW00003759,0.475773345,0.14,0.02,0,0.01,0,0.02,0.02,Keep,male
VA_ch_12_spring,VA_ch,USA,Charlottesville,Charlottesville,BR-1,TR-1,NA,NA,18,18,7,7,7/18/12,38,-78.47,spring,pooled,NorthAmerica,DrosRTEC,95,SRR3590551,SRX1801496,Illumina HiSeq 2000,P._Schmidt,wild,2012,200,USW00003759,0.475773345,0.12,0.01,0,0.01,0,0.01,0.03,Keep,male
VA_ch_14_fall,VA_ch,USA,Charlotttesville,Charlottesville,BR-1,TR-1,NA,NA,14,14,10,10,10/14/14,38,-78.47,fall,pooled,NorthAmerica,DrosRTEC,76,SRR3939076,SRX1968305,Illumina HiSeq 4000,P._Schmidt_lab,wild,2014,287,USW00003759,0.475773345,0.22,0.02,0,0.01,0,0.01,0.02,Keep,male
VA_ch_14_spring,VA_ch,USA,Charlotttesville,Charlottesville,BR-1,TR-1,NA,NA,25,25,6,6,6/25/14,38,-78.47,spring,pooled,NorthAmerica,DrosRTEC,104,SRR3939077,SRX1968306,Illumina HiSeq 4000,P._Schmidt_lab,wild,2014,176,USW00003759,0.475773345,0.21,0.01,0,0.01,0.01,0.01,0.01,Keep,male
VA_ch_15_fall,VA_ch,USA,Charlotttesville,Charlottesville,BR-1,TR-1,NA,NA,19,19,10,10,10/19/15,38,-78.47,fall,pooled,NorthAmerica,DrosRTEC,89,SRR3939087,SRX1968316,Illumina HiSeq 4000,A._Bergland,wild,2015,292,USW00003759,0.475773345,0.31,0.01,0,0.01,0.02,0.02,0.02,Keep,male
VA_ch_15_spring,VA_ch,USA,Charlotttesville,Charlottesville,BR-1,TR-1,NA,NA,1,1,7,7,7/1/15,38,-78.47,spring,pooled,NorthAmerica,DrosRTEC,65,SRR3939088,SRX1968317,Illumina HiSeq 4000,A._Bergland,wild,2015,182,USW00003759,0.475773345,0.22,0.01,0,0.01,0.03,0.02,0.02,Keep,male
WA_se_14_spring,WA_se,USA,Tacoma,Tacoma,BR-1,TR-1,NA,NA,1,30,7,7,7/15/14,47.23713,-122.39627,spring,pooled,NorthAmerica,DrosRTEC,70,SRR8061818,SRX4891300,Illumina HiSeq 2000,D._Promislow,wild,2014,196,USC00458278,1.645607308,0.08,0.02,0,0.04,0,0.05,0.02,Keep,male
WI_cp_12_fall,WI_cp,USA,Cross Plains,Cross Plains,BR-1,TR-1,NA,NA,11,11,9,9,9/11/12,43.11,-89.65,fall,pooled,NorthAmerica,DrosRTEC,164,SRR3590562,SRX1801507,Illumina HiSeq 2000,J._Pool,wild,2012,255,USC00471416,14.78484987,0.1,0.02,0,0.01,0.01,0.06,0.08,Keep,male
WI_cp_12_frost,WI_cp,USA,Cross Plains,Cross Plains,BR-1,TR-1,NA,NA,20,20,10,10,10/20/12,43.11,-89.65,frost,pooled,NorthAmerica,DrosRTEC,100,SRR3590554,SRX1801499,Illumina HiSeq 2000,J._Pool,wild,2012,294,USC00471416,14.78484987,0.13,0.03,0,0.02,0.01,0.04,0.02,Keep,male
WI_cp_12_spring,WI_cp,USA,Cross Plains,Cross Plains,BR-1,TR-1,NA,NA,10,10,6,6,6/10/12,43.11,-89.65,spring,pooled,NorthAmerica,DrosRTEC,83,SRR3590555,SRX1801500,Illumina HiSeq 2000,J._Pool,wild,2012,162,USC00471416,14.78484987,0.06,0.03,0,0.01,0.03,0.12,0.03,Keep,male
WI_cp_13_fall,WI_cp,USA,Cross Plains,Cross Plains,BR-1,TR-1,NA,NA,22,22,9,9,9/22/13,43.11,-89.65,fall,pooled,NorthAmerica,DrosRTEC,61,SRR3939052,SRX1968281,Illumina HiSeq 4000,J._Pool,wild,2013,265,USC00471416,14.78484987,0.11,0.02,0,0.04,0,0.1,0.07,Keep,male
WI_cp_13_spring,WI_cp,USA,Cross Plains,Cross Plains,BR-1,TR-1,NA,NA,2,2,7,7,7/2/13,43.11,-89.65,spring,pooled,NorthAmerica,DrosRTEC,130,SRR3939051,SRX1968280,Illumina HiSeq 4000,J._Pool,wild,2013,183,USC00471416,14.78484987,0.12,0.04,0.01,0.01,0.02,0.1,0.04,Keep,male
WI_cp_14_fall,WI_cp,USA,Cross Plains,Cross Plains,BR-1,TR-1,NA,NA,18,18,9,9,9/18/14,43.11,-89.65,fall,pooled,NorthAmerica,DrosRTEC,61,SRR8061819,SRX4891299,Illumina HiSeq 2000,J._Pool,wild,2014,261,USC00471416,14.78484987,0.19,0.03,0,0.02,0.01,0.08,0.05,Keep,male
WI_cp_14_spring,WI_cp,USA,Cross Plains,Cross Plains,BR-1,TR-1,NA,NA,25,25,6,6,6/25/14,43.11,-89.65,spring,pooled,NorthAmerica,DrosRTEC,130,SRR3939078,SRX1968307,Illumina HiSeq 4000,J._Pool,wild,2014,176,USC00471416,14.78484987,0.11,0.05,0.02,0.02,0.01,0.02,0.03,Keep,male