sampleId,Stock.ID,Genome.Type,Mean.Depth,Data.Group,dgn_set,i.Genome.Type,i.dgn_set,n
B,B04,inbred_line,13.7,CLARK,B/CLARK,inbred_line,B/CLARK,15
B,B05,inbred_line,13.4,CLARK,B/CLARK,inbred_line,B/CLARK,15
B,B10,inbred_line,13.5,CLARK,B/CLARK,inbred_line,B/CLARK,15
B,B11,inbred_line,12.9,CLARK,B/CLARK,inbred_line,B/CLARK,15
B,B12,inbred_line,14,CLARK,B/CLARK,inbred_line,B/CLARK,15
B,B14,inbred_line,13.1,CLARK,B/CLARK,inbred_line,B/CLARK,15
B,B23,inbred_line,12,CLARK,B/CLARK,inbred_line,B/CLARK,15
B,B28,inbred_line,13.3,CLARK,B/CLARK,inbred_line,B/CLARK,15
B,B38,inbred_line,13.2,CLARK,B/CLARK,inbred_line,B/CLARK,15
B,B42,inbred_line,12.9,CLARK,B/CLARK,inbred_line,B/CLARK,15
B,B43,inbred_line,12.6,CLARK,B/CLARK,inbred_line,B/CLARK,15
B,B51,inbred_line,12.2,CLARK,B/CLARK,inbred_line,B/CLARK,15
B,B52,inbred_line,13.4,CLARK,B/CLARK,inbred_line,B/CLARK,15
B,B54,inbred_line,13.6,CLARK,B/CLARK,inbred_line,B/CLARK,15
B,B59,inbred_line,10.8,CLARK,B/CLARK,inbred_line,B/CLARK,15
CO,CO1,haploid_embryo,34.5,DPGP2,CO/DPGP2,haploid_embryo,CO/DPGP2,10
CO,CO10N,haploid_embryo,29,DPGP2,CO/DPGP2,haploid_embryo,CO/DPGP2,10
CO,CO13N,haploid_embryo,39.8,DPGP2,CO/DPGP2,haploid_embryo,CO/DPGP2,10
CO,CO14,haploid_embryo,28.4,DPGP2,CO/DPGP2,haploid_embryo,CO/DPGP2,10
CO,CO15N,haploid_embryo,44.2,DPGP2,CO/DPGP2,haploid_embryo,CO/DPGP2,10
CO,CO16,haploid_embryo,27.4,DPGP2,CO/DPGP2,haploid_embryo,CO/DPGP2,10
CO,CO2,haploid_embryo,39.5,DPGP2,CO/DPGP2,haploid_embryo,CO/DPGP2,10
CO,CO4N,haploid_embryo,37.7,DPGP2,CO/DPGP2,haploid_embryo,CO/DPGP2,10
CO,CO8N,haploid_embryo,35.1,DPGP2,CO/DPGP2,haploid_embryo,CO/DPGP2,10
CO,CO9N,haploid_embryo,40.8,DPGP2,CO/DPGP2,haploid_embryo,CO/DPGP2,10
EA,EA103N,inbred_line,15.5,POOL,EA/POOL,inbred_line,EA/POOL,20
EA,EA117N,inbred_line,14.4,POOL,EA/POOL,inbred_line,EA/POOL,20
EA,EA124N,inbred_line,18.4,POOL,EA/POOL,inbred_line,EA/POOL,20
EA,EA126N,inbred_line,17.7,POOL,EA/POOL,inbred_line,EA/POOL,20
EA,EA13N,inbred_line,19.8,POOL,EA/POOL,inbred_line,EA/POOL,20
EA,EA22N,inbred_line,20.2,POOL,EA/POOL,inbred_line,EA/POOL,20
EA,EA2N,inbred_line,38,POOL,EA/POOL,inbred_line,EA/POOL,20
EA,EA30N,inbred_line,35.5,POOL,EA/POOL,inbred_line,EA/POOL,20
EA,EA31N,inbred_line,21.2,POOL,EA/POOL,inbred_line,EA/POOL,20
EA,EA37N,inbred_line,16.7,POOL,EA/POOL,inbred_line,EA/POOL,20
EA,EA50N,inbred_line,32.2,POOL,EA/POOL,inbred_line,EA/POOL,20
EA,EA58N,inbred_line,20.6,POOL,EA/POOL,inbred_line,EA/POOL,20
EA,EA59N,inbred_line,15.3,POOL,EA/POOL,inbred_line,EA/POOL,20
EA,EA70N,inbred_line,54.1,POOL,EA/POOL,inbred_line,EA/POOL,20
EA,EA84N,inbred_line,32.3,POOL,EA/POOL,inbred_line,EA/POOL,20
EA,EA86N,inbred_line,8.5,POOL,EA/POOL,inbred_line,EA/POOL,20
EA,EA87N,inbred_line,25.5,POOL,EA/POOL,inbred_line,EA/POOL,20
EA,EA90N,inbred_line,27.6,POOL,EA/POOL,inbred_line,EA/POOL,20
EA,EA91N,inbred_line,25.1,POOL,EA/POOL,inbred_line,EA/POOL,20
EA,EA93N,inbred_line,11.8,POOL,EA/POOL,inbred_line,EA/POOL,20
EB,EB132,haploid_embryo,15.2,AGES,EB/AGES,haploid_embryo,EB/AGES,5
EB,EB148,haploid_embryo,27.4,AGES,EB/AGES,haploid_embryo,EB/AGES,5
EB,EB18,haploid_embryo,22.7,AGES,EB/AGES,haploid_embryo,EB/AGES,5
EB,EB237,haploid_embryo,18.9,AGES,EB/AGES,haploid_embryo,EB/AGES,5
EB,EB25,haploid_embryo,19.4,AGES,EB/AGES,haploid_embryo,EB/AGES,5
ED,ED10N,haploid_embryo,38.5,DPGP2,ED/DPGP2,haploid_embryo,ED/DPGP2,5
ED,ED2,haploid_embryo,32.4,DPGP2,ED/DPGP2,haploid_embryo,ED/DPGP2,5
ED,ED3,haploid_embryo,31,DPGP2,ED/DPGP2,haploid_embryo,ED/DPGP2,5
ED,ED5N,haploid_embryo,32.9,DPGP2,ED/DPGP2,haploid_embryo,ED/DPGP2,5
ED,ED6N,haploid_embryo,35.8,DPGP2,ED/DPGP2,haploid_embryo,ED/DPGP2,5
EF,EF101N,inbred_line,21.6,POOL,EF/POOL,inbred_line,EF/POOL,63
EF,EF102N,inbred_line,13.7,POOL,EF/POOL,inbred_line,EF/POOL,63
EF,EF103N,inbred_line,19.7,POOL,EF/POOL,inbred_line,EF/POOL,63
EF,EF108N,inbred_line,20.6,POOL,EF/POOL,inbred_line,EF/POOL,63
EF,EF10N,inbred_line,41.7,POOL,EF/POOL,inbred_line,EF/POOL,63
EF,EF110N,inbred_line,28.4,POOL,EF/POOL,inbred_line,EF/POOL,63
EF,EF112N,inbred_line,16.8,POOL,EF/POOL,inbred_line,EF/POOL,63
EF,EF114N,inbred_line,15.7,POOL,EF/POOL,inbred_line,EF/POOL,63
EF,EF115N,inbred_line,18.8,POOL,EF/POOL,inbred_line,EF/POOL,63
EF,EF116N,inbred_line,36,POOL,EF/POOL,inbred_line,EF/POOL,63
EF,EF117N,inbred_line,39.6,POOL,EF/POOL,inbred_line,EF/POOL,63
EF,EF119N,inbred_line,22.4,POOL,EF/POOL,inbred_line,EF/POOL,63
EF,EF11N,inbred_line,19.6,POOL,EF/POOL,inbred_line,EF/POOL,63
EF,EF122N,inbred_line,42.9,POOL,EF/POOL,inbred_line,EF/POOL,63
EF,EF126N,inbred_line,15.5,POOL,EF/POOL,inbred_line,EF/POOL,63
EF,EF12N,inbred_line,16.5,POOL,EF/POOL,inbred_line,EF/POOL,63
EF,EF130N,inbred_line,20.8,POOL,EF/POOL,inbred_line,EF/POOL,63
EF,EF131N,inbred_line,13.7,POOL,EF/POOL,inbred_line,EF/POOL,63
EF,EF132N,inbred_line,21.6,POOL,EF/POOL,inbred_line,EF/POOL,63
EF,EF134N,inbred_line,17.2,POOL,EF/POOL,inbred_line,EF/POOL,63
EF,EF135N,inbred_line,19.8,POOL,EF/POOL,inbred_line,EF/POOL,63
EF,EF136N,inbred_line,13.6,POOL,EF/POOL,inbred_line,EF/POOL,63
EF,EF15N,inbred_line,13.8,POOL,EF/POOL,inbred_line,EF/POOL,63
EF,EF16N,inbred_line,14.1,POOL,EF/POOL,inbred_line,EF/POOL,63
EF,EF19N,inbred_line,18.1,POOL,EF/POOL,inbred_line,EF/POOL,63
EF,EF1N,inbred_line,14.7,POOL,EF/POOL,inbred_line,EF/POOL,63
EF,EF24N,inbred_line,20.7,POOL,EF/POOL,inbred_line,EF/POOL,63
EF,EF25N,inbred_line,14.2,POOL,EF/POOL,inbred_line,EF/POOL,63
EF,EF26N,inbred_line,14,POOL,EF/POOL,inbred_line,EF/POOL,63
EF,EF27N,inbred_line,23.9,POOL,EF/POOL,inbred_line,EF/POOL,63
EF,EF31N,inbred_line,17.1,POOL,EF/POOL,inbred_line,EF/POOL,63
EF,EF32N,inbred_line,29.6,POOL,EF/POOL,inbred_line,EF/POOL,63
EF,EF35N,inbred_line,14.6,POOL,EF/POOL,inbred_line,EF/POOL,63
EF,EF3N,inbred_line,13.4,POOL,EF/POOL,inbred_line,EF/POOL,63
EF,EF43N,inbred_line,17.6,POOL,EF/POOL,inbred_line,EF/POOL,63
EF,EF46N,inbred_line,18.4,POOL,EF/POOL,inbred_line,EF/POOL,63
EF,EF48N,inbred_line,17.5,POOL,EF/POOL,inbred_line,EF/POOL,63
EF,EF52N,inbred_line,18.7,POOL,EF/POOL,inbred_line,EF/POOL,63
EF,EF53N,inbred_line,13,POOL,EF/POOL,inbred_line,EF/POOL,63
EF,EF54N,inbred_line,15,POOL,EF/POOL,inbred_line,EF/POOL,63
EF,EF59N,inbred_line,14.1,POOL,EF/POOL,inbred_line,EF/POOL,63
EF,EF64N,inbred_line,18.7,POOL,EF/POOL,inbred_line,EF/POOL,63
EF,EF66N,inbred_line,16.7,POOL,EF/POOL,inbred_line,EF/POOL,63
EF,EF67N,inbred_line,11.2,POOL,EF/POOL,inbred_line,EF/POOL,63
EF,EF69N,inbred_line,13.9,POOL,EF/POOL,inbred_line,EF/POOL,63
EF,EF6N,inbred_line,15.6,POOL,EF/POOL,inbred_line,EF/POOL,63
EF,EF70N,inbred_line,31.4,POOL,EF/POOL,inbred_line,EF/POOL,63
EF,EF73N,inbred_line,15.8,POOL,EF/POOL,inbred_line,EF/POOL,63
EF,EF74N,inbred_line,25.5,POOL,EF/POOL,inbred_line,EF/POOL,63
EF,EF75N,inbred_line,23,POOL,EF/POOL,inbred_line,EF/POOL,63
EF,EF7N,inbred_line,13.3,POOL,EF/POOL,inbred_line,EF/POOL,63
EF,EF80N,inbred_line,21.5,POOL,EF/POOL,inbred_line,EF/POOL,63
EF,EF81N,inbred_line,30.5,POOL,EF/POOL,inbred_line,EF/POOL,63
EF,EF82N,inbred_line,13.8,POOL,EF/POOL,inbred_line,EF/POOL,63
EF,EF83N,inbred_line,19.1,POOL,EF/POOL,inbred_line,EF/POOL,63
EF,EF86N,inbred_line,15.9,POOL,EF/POOL,inbred_line,EF/POOL,63
EF,EF88N,inbred_line,13.7,POOL,EF/POOL,inbred_line,EF/POOL,63
EF,EF8N,inbred_line,16.5,POOL,EF/POOL,inbred_line,EF/POOL,63
EF,EF93N,inbred_line,15.8,POOL,EF/POOL,inbred_line,EF/POOL,63
EF,EF95N,inbred_line,11.5,POOL,EF/POOL,inbred_line,EF/POOL,63
EF,EF96N,inbred_line,15,POOL,EF/POOL,inbred_line,EF/POOL,63
EF,EF98N,inbred_line,15.8,POOL,EF/POOL,inbred_line,EF/POOL,63
EF,EF9N,inbred_line,25.7,POOL,EF/POOL,inbred_line,EF/POOL,63
EG,EG12N,inbred_line,22.9,POOL,EG/POOL,inbred_line,EG/POOL,29
EG,EG15N,inbred_line,23.8,POOL,EG/POOL,inbred_line,EG/POOL,29
EG,EG16N,inbred_line,24.3,POOL,EG/POOL,inbred_line,EG/POOL,29
EG,EG25N,inbred_line,20.6,POOL,EG/POOL,inbred_line,EG/POOL,29
EG,EG26N,inbred_line,23.7,POOL,EG/POOL,inbred_line,EG/POOL,29
EG,EG28N,inbred_line,14.8,POOL,EG/POOL,inbred_line,EG/POOL,29
EG,EG29N,inbred_line,15.7,POOL,EG/POOL,inbred_line,EG/POOL,29
EG,EG31N,inbred_line,13.1,POOL,EG/POOL,inbred_line,EG/POOL,29
EG,EG33N,inbred_line,18.2,POOL,EG/POOL,inbred_line,EG/POOL,29
EG,EG34N,inbred_line,17.8,POOL,EG/POOL,inbred_line,EG/POOL,29
EG,EG35N,inbred_line,33.6,POOL,EG/POOL,inbred_line,EG/POOL,29
EG,EG36N,inbred_line,19.8,POOL,EG/POOL,inbred_line,EG/POOL,29
EG,EG38N,inbred_line,26.9,POOL,EG/POOL,inbred_line,EG/POOL,29
EG,EG44N,inbred_line,21.2,POOL,EG/POOL,inbred_line,EG/POOL,29
EG,EG46N,inbred_line,17.2,POOL,EG/POOL,inbred_line,EG/POOL,29
EG,EG48N,inbred_line,14,POOL,EG/POOL,inbred_line,EG/POOL,29
EG,EG49N,inbred_line,51.2,POOL,EG/POOL,inbred_line,EG/POOL,29
EG,EG50N,inbred_line,18.5,POOL,EG/POOL,inbred_line,EG/POOL,29
EG,EG53N,inbred_line,15.7,POOL,EG/POOL,inbred_line,EG/POOL,29
EG,EG54N,inbred_line,27.4,POOL,EG/POOL,inbred_line,EG/POOL,29
EG,EG55N,inbred_line,33.8,POOL,EG/POOL,inbred_line,EG/POOL,29
EG,EG57N,inbred_line,24.5,POOL,EG/POOL,inbred_line,EG/POOL,29
EG,EG58N,inbred_line,23.8,POOL,EG/POOL,inbred_line,EG/POOL,29
EG,EG59N,inbred_line,12.9,POOL,EG/POOL,inbred_line,EG/POOL,29
EG,EG65N,inbred_line,14.9,POOL,EG/POOL,inbred_line,EG/POOL,29
EG,EG70N,inbred_line,18.3,POOL,EG/POOL,inbred_line,EG/POOL,29
EG,EG74N,inbred_line,10.1,POOL,EG/POOL,inbred_line,EG/POOL,29
EG,EG75N,inbred_line,14.2,POOL,EG/POOL,inbred_line,EG/POOL,29
EG,EG76N,inbred_line,26.1,POOL,EG/POOL,inbred_line,EG/POOL,29
ER,ER11,haploid_embryo,37.3,AGES,ER/AGES,haploid_embryo,ER/AGES,5
ER,ER156,haploid_embryo,49.9,AGES,ER/AGES,haploid_embryo,ER/AGES,5
ER,ER32,haploid_embryo,48.9,AGES,ER/AGES,haploid_embryo,ER/AGES,5
ER,ER63,haploid_embryo,45.9,AGES,ER/AGES,haploid_embryo,ER/AGES,5
ER,ER85,haploid_embryo,36,AGES,ER/AGES,haploid_embryo,ER/AGES,5
FR,FR106N,inbred_line,11.3,POOL,FR/POOL,inbred_line,FR/POOL,87
FR,FR109N,inbred_line,36.7,POOL,FR/POOL,inbred_line,FR/POOL,87
FR,FR110N,inbred_line,21.1,POOL,FR/POOL,inbred_line,FR/POOL,87
FR,FR112N,inbred_line,27,POOL,FR/POOL,inbred_line,FR/POOL,87
FR,FR113N,inbred_line,17.9,POOL,FR/POOL,inbred_line,FR/POOL,87
FR,FR115N,inbred_line,15.6,POOL,FR/POOL,inbred_line,FR/POOL,87
FR,FR11N,inbred_line,27.8,POOL,FR/POOL,inbred_line,FR/POOL,87
FR,FR126N,inbred_line,28.4,POOL,FR/POOL,inbred_line,FR/POOL,87
FR,FR12N,inbred_line,16.4,POOL,FR/POOL,inbred_line,FR/POOL,87
FR,FR135N,inbred_line,20.2,POOL,FR/POOL,inbred_line,FR/POOL,87
FR,FR147N,inbred_line,17.9,POOL,FR/POOL,inbred_line,FR/POOL,87
FR,FR152N,inbred_line,15.5,POOL,FR/POOL,inbred_line,FR/POOL,87
FR,FR153N,inbred_line,17.6,POOL,FR/POOL,inbred_line,FR/POOL,87
FR,FR157N,inbred_line,24.2,POOL,FR/POOL,inbred_line,FR/POOL,87
FR,FR158N,inbred_line,18.5,POOL,FR/POOL,inbred_line,FR/POOL,87
FR,FR161N,inbred_line,18.9,POOL,FR/POOL,inbred_line,FR/POOL,87
FR,FR162N,inbred_line,15.1,POOL,FR/POOL,inbred_line,FR/POOL,87
FR,FR164N,inbred_line,13.7,POOL,FR/POOL,inbred_line,FR/POOL,87
FR,FR169N,inbred_line,18.2,POOL,FR/POOL,inbred_line,FR/POOL,87
FR,FR16N,inbred_line,15.6,POOL,FR/POOL,inbred_line,FR/POOL,87
FR,FR173N,inbred_line,19.5,POOL,FR/POOL,inbred_line,FR/POOL,87
FR,FR186N,inbred_line,14.2,POOL,FR/POOL,inbred_line,FR/POOL,87
FR,FR198N,inbred_line,53.8,POOL,FR/POOL,inbred_line,FR/POOL,87
FR,FR188N,inbred_line,18.3,POOL,FR/POOL,inbred_line,FR/POOL,87
FR,FR19N,inbred_line,13.5,POOL,FR/POOL,inbred_line,FR/POOL,87
FR,FR200N,inbred_line,15.3,POOL,FR/POOL,inbred_line,FR/POOL,87
FR,FR208N,inbred_line,23.6,POOL,FR/POOL,inbred_line,FR/POOL,87
FR,FR213N,inbred_line,16.5,POOL,FR/POOL,inbred_line,FR/POOL,87
FR,FR216N,inbred_line,14.5,POOL,FR/POOL,inbred_line,FR/POOL,87
FR,FR219N,inbred_line,26.1,POOL,FR/POOL,inbred_line,FR/POOL,87
FR,FR21N,inbred_line,15.5,POOL,FR/POOL,inbred_line,FR/POOL,87
FR,FR222N,inbred_line,17.5,POOL,FR/POOL,inbred_line,FR/POOL,87
FR,FR225N,inbred_line,18.5,POOL,FR/POOL,inbred_line,FR/POOL,87
FR,FR230N,inbred_line,17.4,POOL,FR/POOL,inbred_line,FR/POOL,87
FR,FR231N,inbred_line,18.2,POOL,FR/POOL,inbred_line,FR/POOL,87
FR,FR232N,inbred_line,18.2,POOL,FR/POOL,inbred_line,FR/POOL,87
FR,FR235N,inbred_line,7.7,POOL,FR/POOL,inbred_line,FR/POOL,87
FR,FR236N,inbred_line,13.7,POOL,FR/POOL,inbred_line,FR/POOL,87
FR,FR238N,inbred_line,13,POOL,FR/POOL,inbred_line,FR/POOL,87
FR,FR240N,inbred_line,22.4,POOL,FR/POOL,inbred_line,FR/POOL,87
FR,FR248N,inbred_line,18.3,POOL,FR/POOL,inbred_line,FR/POOL,87
FR,FR252N,inbred_line,13.6,POOL,FR/POOL,inbred_line,FR/POOL,87
FR,FR257N,inbred_line,10,POOL,FR/POOL,inbred_line,FR/POOL,87
FR,FR260N,inbred_line,20.9,POOL,FR/POOL,inbred_line,FR/POOL,87
FR,FR261N,inbred_line,14.9,POOL,FR/POOL,inbred_line,FR/POOL,87
FR,FR263N,inbred_line,15.5,POOL,FR/POOL,inbred_line,FR/POOL,87
FR,FR264N,inbred_line,14.7,POOL,FR/POOL,inbred_line,FR/POOL,87
FR,FR269N,inbred_line,12.9,POOL,FR/POOL,inbred_line,FR/POOL,87
FR,FR26N,inbred_line,12.7,POOL,FR/POOL,inbred_line,FR/POOL,87
FR,FR276N,inbred_line,10.5,POOL,FR/POOL,inbred_line,FR/POOL,87
FR,FR279N,inbred_line,16.1,POOL,FR/POOL,inbred_line,FR/POOL,87
FR,FR284N,inbred_line,17.3,POOL,FR/POOL,inbred_line,FR/POOL,87
FR,FR288N,inbred_line,17.4,POOL,FR/POOL,inbred_line,FR/POOL,87
FR,FR28N,inbred_line,15.3,POOL,FR/POOL,inbred_line,FR/POOL,87
FR,FR293N,inbred_line,15.2,POOL,FR/POOL,inbred_line,FR/POOL,87
FR,FR296N,inbred_line,12.8,POOL,FR/POOL,inbred_line,FR/POOL,87
FR,FR299N,inbred_line,13.1,POOL,FR/POOL,inbred_line,FR/POOL,87
FR,FR2N,inbred_line,14.7,POOL,FR/POOL,inbred_line,FR/POOL,87
FR,FR302N,inbred_line,14.2,POOL,FR/POOL,inbred_line,FR/POOL,87
FR,FR304N,inbred_line,18.4,POOL,FR/POOL,inbred_line,FR/POOL,87
FR,FR305N,inbred_line,11.8,POOL,FR/POOL,inbred_line,FR/POOL,87
FR,FR312N,inbred_line,29.1,POOL,FR/POOL,inbred_line,FR/POOL,87
FR,FR313N,inbred_line,14,POOL,FR/POOL,inbred_line,FR/POOL,87
FR,FR319N,inbred_line,14.9,POOL,FR/POOL,inbred_line,FR/POOL,87
FR,FR320N,inbred_line,14.9,POOL,FR/POOL,inbred_line,FR/POOL,87
FR,FR323N,inbred_line,17.6,POOL,FR/POOL,inbred_line,FR/POOL,87
FR,FR326N,inbred_line,11.6,POOL,FR/POOL,inbred_line,FR/POOL,87
FR,FR32N,inbred_line,17.3,POOL,FR/POOL,inbred_line,FR/POOL,87
FR,FR340N,inbred_line,19.4,POOL,FR/POOL,inbred_line,FR/POOL,87
FR,FR345N,inbred_line,16.9,POOL,FR/POOL,inbred_line,FR/POOL,87
FR,FR348N,inbred_line,14.4,POOL,FR/POOL,inbred_line,FR/POOL,87
FR,FR34N,inbred_line,12.7,POOL,FR/POOL,inbred_line,FR/POOL,87
FR,FR357N,inbred_line,13.1,POOL,FR/POOL,inbred_line,FR/POOL,87
FR,FR360N,inbred_line,20.1,POOL,FR/POOL,inbred_line,FR/POOL,87
FR,FR364N,inbred_line,14.1,POOL,FR/POOL,inbred_line,FR/POOL,87
FR,FR370N,inbred_line,17.7,POOL,FR/POOL,inbred_line,FR/POOL,87
FR,FR37N,inbred_line,15.8,POOL,FR/POOL,inbred_line,FR/POOL,87
FR,FR48N,inbred_line,17.1,POOL,FR/POOL,inbred_line,FR/POOL,87
FR,FR54N,inbred_line,19.5,POOL,FR/POOL,inbred_line,FR/POOL,87
FR,FR59N,inbred_line,41.4,POOL,FR/POOL,inbred_line,FR/POOL,87
FR,FR5N,inbred_line,12.4,POOL,FR/POOL,inbred_line,FR/POOL,87
FR,FR60N,inbred_line,13.2,POOL,FR/POOL,inbred_line,FR/POOL,87
FR,FR73N,inbred_line,13.9,POOL,FR/POOL,inbred_line,FR/POOL,87
FR,FR89N,inbred_line,16.8,POOL,FR/POOL,inbred_line,FR/POOL,87
FR,FR90N,inbred_line,17.9,POOL,FR/POOL,inbred_line,FR/POOL,87
FR,FR91N,inbred_line,16.6,POOL,FR/POOL,inbred_line,FR/POOL,87
FR,FR94N,inbred_line,14.8,POOL,FR/POOL,inbred_line,FR/POOL,87
GA,GA125,haploid_embryo,42.8,DPGP2,GA/DPGP2,haploid_embryo,GA/DPGP2,9
GA,GA129,haploid_embryo,47.9,DPGP2,GA/DPGP2,haploid_embryo,GA/DPGP2,9
GA,GA130,haploid_embryo,47.6,DPGP2,GA/DPGP2,haploid_embryo,GA/DPGP2,9
GA,GA132,haploid_embryo,45.2,DPGP2,GA/DPGP2,haploid_embryo,GA/DPGP2,9
GA,GA141,haploid_embryo,45.1,DPGP2,GA/DPGP2,haploid_embryo,GA/DPGP2,9
GA,GA145,haploid_embryo,45.1,DPGP2,GA/DPGP2,haploid_embryo,GA/DPGP2,9
GA,GA160,haploid_embryo,32.5,DPGP2,GA/DPGP2,haploid_embryo,GA/DPGP2,9
GA,GA185,haploid_embryo,49.5,DPGP2,GA/DPGP2,haploid_embryo,GA/DPGP2,9
GA,GA191,haploid_embryo,36.2,DPGP2,GA/DPGP2,haploid_embryo,GA/DPGP2,9
GU,GU10,haploid_embryo,38.9,DPGP2,GU/DPGP2,haploid_embryo,GU/DPGP2,5
GU,GU2,haploid_embryo,38.4,DPGP2,GU/DPGP2,haploid_embryo,GU/DPGP2,5
GU,GU6,haploid_embryo,38.1,DPGP2,GU/DPGP2,haploid_embryo,GU/DPGP2,5
GU,GU7,haploid_embryo,38,DPGP2,GU/DPGP2,haploid_embryo,GU/DPGP2,5
GU,GU9,haploid_embryo,36.3,DPGP2,GU/DPGP2,haploid_embryo,GU/DPGP2,5
I,I01,inbred_line,14.9,CLARK,I/CLARK,inbred_line,I/CLARK,19
I,I02,inbred_line,14.8,CLARK,I/CLARK,inbred_line,I/CLARK,19
I,I03,inbred_line,15.2,CLARK,I/CLARK,inbred_line,I/CLARK,19
I,I04,inbred_line,11.2,CLARK,I/CLARK,inbred_line,I/CLARK,19
I,I06,inbred_line,10.9,CLARK,I/CLARK,inbred_line,I/CLARK,19
I,I07,inbred_line,13.7,CLARK,I/CLARK,inbred_line,I/CLARK,19
I,I13,inbred_line,15.2,CLARK,I/CLARK,inbred_line,I/CLARK,19
I,I16,inbred_line,10.2,CLARK,I/CLARK,inbred_line,I/CLARK,19
I,I17,inbred_line,15.6,CLARK,I/CLARK,inbred_line,I/CLARK,19
I,I22,inbred_line,14,CLARK,I/CLARK,inbred_line,I/CLARK,19
I,I23,inbred_line,15.5,CLARK,I/CLARK,inbred_line,I/CLARK,19
I,I24,inbred_line,13.9,CLARK,I/CLARK,inbred_line,I/CLARK,19
I,I26,inbred_line,10.9,CLARK,I/CLARK,inbred_line,I/CLARK,19
I,I29,inbred_line,15.9,CLARK,I/CLARK,inbred_line,I/CLARK,19
I,I31,inbred_line,12.3,CLARK,I/CLARK,inbred_line,I/CLARK,19
I,I33,inbred_line,12,CLARK,I/CLARK,inbred_line,I/CLARK,19
I,I34,inbred_line,11.9,CLARK,I/CLARK,inbred_line,I/CLARK,19
I,I35,inbred_line,12.1,CLARK,I/CLARK,inbred_line,I/CLARK,19
I,I38,inbred_line,13.9,CLARK,I/CLARK,inbred_line,I/CLARK,19
KN,KN133N,haploid_embryo,35,DPGP2,KN/DPGP2,haploid_embryo,KN/DPGP2,5
KN,KN20N,haploid_embryo,37.6,DPGP2,KN/DPGP2,haploid_embryo,KN/DPGP2,5
KN,KN34,haploid_embryo,29.9,DPGP2,KN/DPGP2,haploid_embryo,KN/DPGP2,5
KN,KN35,haploid_embryo,34.3,DPGP2,KN/DPGP2,haploid_embryo,KN/DPGP2,5
KN,KN6,haploid_embryo,39.4,DPGP2,KN/DPGP2,haploid_embryo,KN/DPGP2,5
N,N01,inbred_line,11.7,CLARK,N/CLARK,inbred_line,N/CLARK,19
N,N02,inbred_line,12.6,CLARK,N/CLARK,inbred_line,N/CLARK,19
N,N03,inbred_line,11.7,CLARK,N/CLARK,inbred_line,N/CLARK,19
N,N04,inbred_line,11.7,CLARK,N/CLARK,inbred_line,N/CLARK,19
N,N07,inbred_line,11.8,CLARK,N/CLARK,inbred_line,N/CLARK,19
N,N10,inbred_line,12.3,CLARK,N/CLARK,inbred_line,N/CLARK,19
N,N11,inbred_line,11.5,CLARK,N/CLARK,inbred_line,N/CLARK,19
N,N13,inbred_line,9.3,CLARK,N/CLARK,inbred_line,N/CLARK,19
N,N14,inbred_line,11.6,CLARK,N/CLARK,inbred_line,N/CLARK,19
N,N15,inbred_line,9.9,CLARK,N/CLARK,inbred_line,N/CLARK,19
N,N16,inbred_line,12,CLARK,N/CLARK,inbred_line,N/CLARK,19
N,N17,inbred_line,10.4,CLARK,N/CLARK,inbred_line,N/CLARK,19
N,N18,inbred_line,11.6,CLARK,N/CLARK,inbred_line,N/CLARK,19
N,N19,inbred_line,11.3,CLARK,N/CLARK,inbred_line,N/CLARK,19
N,N22,inbred_line,11.5,CLARK,N/CLARK,inbred_line,N/CLARK,19
N,N23,inbred_line,11.7,CLARK,N/CLARK,inbred_line,N/CLARK,19
N,N25,inbred_line,10.8,CLARK,N/CLARK,inbred_line,N/CLARK,19
N,N29,inbred_line,9.5,CLARK,N/CLARK,inbred_line,N/CLARK,19
N,N30,inbred_line,11.4,CLARK,N/CLARK,inbred_line,N/CLARK,19
NG,NG10N,haploid_embryo,38.9,DPGP2,NG/DPGP2,haploid_embryo,NG/DPGP2,6
NG,NG1N,haploid_embryo,35.9,DPGP2,NG/DPGP2,haploid_embryo,NG/DPGP2,6
NG,NG3N,haploid_embryo,36.4,DPGP2,NG/DPGP2,haploid_embryo,NG/DPGP2,6
NG,NG6N,haploid_embryo,38.4,DPGP2,NG/DPGP2,haploid_embryo,NG/DPGP2,6
NG,NG7,haploid_embryo,30.9,DPGP2,NG/DPGP2,haploid_embryo,NG/DPGP2,6
NG,NG9,haploid_embryo,36,DPGP2,NG/DPGP2,haploid_embryo,NG/DPGP2,6
RAL,RAL-100,inbred_line,68.6,DGRP,RAL/DGRP,inbred_line,RAL/DGRP,205
RAL,RAL-101,inbred_line,16.6,DGRP,RAL/DGRP,inbred_line,RAL/DGRP,205
RAL,RAL-105,inbred_line,16.8,DGRP,RAL/DGRP,inbred_line,RAL/DGRP,205
RAL,RAL-109,inbred_line,61.1,DGRP,RAL/DGRP,inbred_line,RAL/DGRP,205
RAL,RAL-129,inbred_line,12.6,DGRP,RAL/DGRP,inbred_line,RAL/DGRP,205
RAL,RAL-136,inbred_line,18.5,DGRP,RAL/DGRP,inbred_line,RAL/DGRP,205
RAL,RAL-138,inbred_line,37.7,DGRP,RAL/DGRP,inbred_line,RAL/DGRP,205
RAL,RAL-142,inbred_line,30.3,DGRP,RAL/DGRP,inbred_line,RAL/DGRP,205
RAL,RAL-149,inbred_line,19.3,DGRP,RAL/DGRP,inbred_line,RAL/DGRP,205
RAL,RAL-153,inbred_line,12.1,DGRP,RAL/DGRP,inbred_line,RAL/DGRP,205
RAL,RAL-158,inbred_line,15.6,DGRP,RAL/DGRP,inbred_line,RAL/DGRP,205
RAL,RAL-161,inbred_line,17.7,DGRP,RAL/DGRP,inbred_line,RAL/DGRP,205
RAL,RAL-176,inbred_line,38.9,DGRP,RAL/DGRP,inbred_line,RAL/DGRP,205
RAL,RAL-177,inbred_line,28.6,DGRP,RAL/DGRP,inbred_line,RAL/DGRP,205
RAL,RAL-181,inbred_line,31.5,DGRP,RAL/DGRP,inbred_line,RAL/DGRP,205
RAL,RAL-189,inbred_line,49.6,DGRP,RAL/DGRP,inbred_line,RAL/DGRP,205
RAL,RAL-195,inbred_line,18.4,DGRP,RAL/DGRP,inbred_line,RAL/DGRP,205
RAL,RAL-208,inbred_line,18.5,DGRP,RAL/DGRP,inbred_line,RAL/DGRP,205
RAL,RAL-21,inbred_line,19.2,DGRP,RAL/DGRP,inbred_line,RAL/DGRP,205
RAL,RAL-217,inbred_line,16.5,DGRP,RAL/DGRP,inbred_line,RAL/DGRP,205
RAL,RAL-223,inbred_line,51.1,DGRP,RAL/DGRP,inbred_line,RAL/DGRP,205
RAL,RAL-227,inbred_line,14.2,DGRP,RAL/DGRP,inbred_line,RAL/DGRP,205
RAL,RAL-228,inbred_line,14.8,DGRP,RAL/DGRP,inbred_line,RAL/DGRP,205
RAL,RAL-229,inbred_line,68.1,DGRP,RAL/DGRP,inbred_line,RAL/DGRP,205
RAL,RAL-233,inbred_line,15.7,DGRP,RAL/DGRP,inbred_line,RAL/DGRP,205
RAL,RAL-235,inbred_line,23.1,DGRP,RAL/DGRP,inbred_line,RAL/DGRP,205
RAL,RAL-237,inbred_line,19.9,DGRP,RAL/DGRP,inbred_line,RAL/DGRP,205
RAL,RAL-239,inbred_line,17.8,DGRP,RAL/DGRP,inbred_line,RAL/DGRP,205
RAL,RAL-256,inbred_line,17.7,DGRP,RAL/DGRP,inbred_line,RAL/DGRP,205
RAL,RAL-26,inbred_line,18.7,DGRP,RAL/DGRP,inbred_line,RAL/DGRP,205
RAL,RAL-28,inbred_line,17.5,DGRP,RAL/DGRP,inbred_line,RAL/DGRP,205
RAL,RAL-280,inbred_line,17.9,DGRP,RAL/DGRP,inbred_line,RAL/DGRP,205
RAL,RAL-287,inbred_line,14,DGRP,RAL/DGRP,inbred_line,RAL/DGRP,205
RAL,RAL-301,inbred_line,69.5,DGRP,RAL/DGRP,inbred_line,RAL/DGRP,205
RAL,RAL-303,inbred_line,160.7,DGRP,RAL/DGRP,inbred_line,RAL/DGRP,205
RAL,RAL-304,inbred_line,143.3,DGRP,RAL/DGRP,inbred_line,RAL/DGRP,205
RAL,RAL-306,inbred_line,52.3,DGRP,RAL/DGRP,inbred_line,RAL/DGRP,205
RAL,RAL-307,inbred_line,166.7,DGRP,RAL/DGRP,inbred_line,RAL/DGRP,205
RAL,RAL-309,inbred_line,17.8,DGRP,RAL/DGRP,inbred_line,RAL/DGRP,205
RAL,RAL-31,inbred_line,60.4,DGRP,RAL/DGRP,inbred_line,RAL/DGRP,205
RAL,RAL-310,inbred_line,16.8,DGRP,RAL/DGRP,inbred_line,RAL/DGRP,205
RAL,RAL-313,inbred_line,7.8,DGRP,RAL/DGRP,inbred_line,RAL/DGRP,205
RAL,RAL-315,inbred_line,48.6,DGRP,RAL/DGRP,inbred_line,RAL/DGRP,205
RAL,RAL-317,inbred_line,13,DGRP,RAL/DGRP,inbred_line,RAL/DGRP,205
RAL,RAL-318,inbred_line,19.9,DGRP,RAL/DGRP,inbred_line,RAL/DGRP,205
RAL,RAL-319,inbred_line,45.4,DGRP,RAL/DGRP,inbred_line,RAL/DGRP,205
RAL,RAL-32,inbred_line,68.7,DGRP,RAL/DGRP,inbred_line,RAL/DGRP,205
RAL,RAL-320,inbred_line,30.7,DGRP,RAL/DGRP,inbred_line,RAL/DGRP,205
RAL,RAL-321,inbred_line,40.5,DGRP,RAL/DGRP,inbred_line,RAL/DGRP,205
RAL,RAL-324,inbred_line,123.1,DGRP,RAL/DGRP,inbred_line,RAL/DGRP,205
RAL,RAL-325,inbred_line,15.4,DGRP,RAL/DGRP,inbred_line,RAL/DGRP,205
RAL,RAL-332,inbred_line,33,DGRP,RAL/DGRP,inbred_line,RAL/DGRP,205
RAL,RAL-335,inbred_line,9.7,DGRP,RAL/DGRP,inbred_line,RAL/DGRP,205
RAL,RAL-336,inbred_line,13.9,DGRP,RAL/DGRP,inbred_line,RAL/DGRP,205
RAL,RAL-338,inbred_line,14,DGRP,RAL/DGRP,inbred_line,RAL/DGRP,205
RAL,RAL-340,inbred_line,85.8,DGRP,RAL/DGRP,inbred_line,RAL/DGRP,205
RAL,RAL-348,inbred_line,60.5,DGRP,RAL/DGRP,inbred_line,RAL/DGRP,205
RAL,RAL-350,inbred_line,13.2,DGRP,RAL/DGRP,inbred_line,RAL/DGRP,205
RAL,RAL-352,inbred_line,20.4,DGRP,RAL/DGRP,inbred_line,RAL/DGRP,205
RAL,RAL-354,inbred_line,68.6,DGRP,RAL/DGRP,inbred_line,RAL/DGRP,205
RAL,RAL-355,inbred_line,54.9,DGRP,RAL/DGRP,inbred_line,RAL/DGRP,205
RAL,RAL-356,inbred_line,20.6,DGRP,RAL/DGRP,inbred_line,RAL/DGRP,205
RAL,RAL-357,inbred_line,19.3,DGRP,RAL/DGRP,inbred_line,RAL/DGRP,205
RAL,RAL-358,inbred_line,9,DGRP,RAL/DGRP,inbred_line,RAL/DGRP,205
RAL,RAL-359,inbred_line,22.5,DGRP,RAL/DGRP,inbred_line,RAL/DGRP,205
RAL,RAL-360,inbred_line,45.6,DGRP,RAL/DGRP,inbred_line,RAL/DGRP,205
RAL,RAL-361,inbred_line,52.8,DGRP,RAL/DGRP,inbred_line,RAL/DGRP,205
RAL,RAL-362,inbred_line,47.9,DGRP,RAL/DGRP,inbred_line,RAL/DGRP,205
RAL,RAL-365,inbred_line,18.9,DGRP,RAL/DGRP,inbred_line,RAL/DGRP,205
RAL,RAL-367,inbred_line,16.2,DGRP,RAL/DGRP,inbred_line,RAL/DGRP,205
RAL,RAL-370,inbred_line,25.2,DGRP,RAL/DGRP,inbred_line,RAL/DGRP,205
RAL,RAL-371,inbred_line,51,DGRP,RAL/DGRP,inbred_line,RAL/DGRP,205
RAL,RAL-373,inbred_line,59,DGRP,RAL/DGRP,inbred_line,RAL/DGRP,205
RAL,RAL-374,inbred_line,16.3,DGRP,RAL/DGRP,inbred_line,RAL/DGRP,205
RAL,RAL-375,inbred_line,34.8,DGRP,RAL/DGRP,inbred_line,RAL/DGRP,205
RAL,RAL-377,inbred_line,26,DGRP,RAL/DGRP,inbred_line,RAL/DGRP,205
RAL,RAL-379,inbred_line,13.7,DGRP,RAL/DGRP,inbred_line,RAL/DGRP,205
RAL,RAL-38,inbred_line,33.3,DGRP,RAL/DGRP,inbred_line,RAL/DGRP,205
RAL,RAL-380,inbred_line,33.8,DGRP,RAL/DGRP,inbred_line,RAL/DGRP,205
RAL,RAL-381,inbred_line,26.8,DGRP,RAL/DGRP,inbred_line,RAL/DGRP,205
RAL,RAL-382,inbred_line,50,DGRP,RAL/DGRP,inbred_line,RAL/DGRP,205
RAL,RAL-383,inbred_line,22.7,DGRP,RAL/DGRP,inbred_line,RAL/DGRP,205
RAL,RAL-385,inbred_line,13.5,DGRP,RAL/DGRP,inbred_line,RAL/DGRP,205
RAL,RAL-386,inbred_line,14.1,DGRP,RAL/DGRP,inbred_line,RAL/DGRP,205
RAL,RAL-390,inbred_line,34.9,DGRP,RAL/DGRP,inbred_line,RAL/DGRP,205
RAL,RAL-391,inbred_line,44.3,DGRP,RAL/DGRP,inbred_line,RAL/DGRP,205
RAL,RAL-392,inbred_line,28.2,DGRP,RAL/DGRP,inbred_line,RAL/DGRP,205
RAL,RAL-395,inbred_line,56.2,DGRP,RAL/DGRP,inbred_line,RAL/DGRP,205
RAL,RAL-397,inbred_line,40.6,DGRP,RAL/DGRP,inbred_line,RAL/DGRP,205
RAL,RAL-399,inbred_line,18.3,DGRP,RAL/DGRP,inbred_line,RAL/DGRP,205
RAL,RAL-40,inbred_line,39.9,DGRP,RAL/DGRP,inbred_line,RAL/DGRP,205
RAL,RAL-405,inbred_line,25.7,DGRP,RAL/DGRP,inbred_line,RAL/DGRP,205
RAL,RAL-406,inbred_line,29.4,DGRP,RAL/DGRP,inbred_line,RAL/DGRP,205
RAL,RAL-409,inbred_line,49.3,DGRP,RAL/DGRP,inbred_line,RAL/DGRP,205
RAL,RAL-41,inbred_line,16.2,DGRP,RAL/DGRP,inbred_line,RAL/DGRP,205
RAL,RAL-42,inbred_line,21.9,DGRP,RAL/DGRP,inbred_line,RAL/DGRP,205
RAL,RAL-426,inbred_line,26.9,DGRP,RAL/DGRP,inbred_line,RAL/DGRP,205
RAL,RAL-427,inbred_line,19.2,DGRP,RAL/DGRP,inbred_line,RAL/DGRP,205
RAL,RAL-437,inbred_line,50.3,DGRP,RAL/DGRP,inbred_line,RAL/DGRP,205
RAL,RAL-439,inbred_line,22.8,DGRP,RAL/DGRP,inbred_line,RAL/DGRP,205
RAL,RAL-440,inbred_line,24.6,DGRP,RAL/DGRP,inbred_line,RAL/DGRP,205
RAL,RAL-441,inbred_line,23.8,DGRP,RAL/DGRP,inbred_line,RAL/DGRP,205
RAL,RAL-443,inbred_line,29.4,DGRP,RAL/DGRP,inbred_line,RAL/DGRP,205
RAL,RAL-45,inbred_line,18.4,DGRP,RAL/DGRP,inbred_line,RAL/DGRP,205
RAL,RAL-461,inbred_line,21.8,DGRP,RAL/DGRP,inbred_line,RAL/DGRP,205
RAL,RAL-48,inbred_line,40.4,DGRP,RAL/DGRP,inbred_line,RAL/DGRP,205
RAL,RAL-486,inbred_line,10.2,DGRP,RAL/DGRP,inbred_line,RAL/DGRP,205
RAL,RAL-49,inbred_line,19.6,DGRP,RAL/DGRP,inbred_line,RAL/DGRP,205
RAL,RAL-491,inbred_line,19.2,DGRP,RAL/DGRP,inbred_line,RAL/DGRP,205
RAL,RAL-492,inbred_line,27.7,DGRP,RAL/DGRP,inbred_line,RAL/DGRP,205
RAL,RAL-502,inbred_line,27.6,DGRP,RAL/DGRP,inbred_line,RAL/DGRP,205
RAL,RAL-505,inbred_line,53.6,DGRP,RAL/DGRP,inbred_line,RAL/DGRP,205
RAL,RAL-508,inbred_line,25.7,DGRP,RAL/DGRP,inbred_line,RAL/DGRP,205
RAL,RAL-509,inbred_line,19.5,DGRP,RAL/DGRP,inbred_line,RAL/DGRP,205
RAL,RAL-513,inbred_line,24.9,DGRP,RAL/DGRP,inbred_line,RAL/DGRP,205
RAL,RAL-517,inbred_line,29.1,DGRP,RAL/DGRP,inbred_line,RAL/DGRP,205
RAL,RAL-528,inbred_line,46.9,DGRP,RAL/DGRP,inbred_line,RAL/DGRP,205
RAL,RAL-530,inbred_line,25.3,DGRP,RAL/DGRP,inbred_line,RAL/DGRP,205
RAL,RAL-531,inbred_line,21.4,DGRP,RAL/DGRP,inbred_line,RAL/DGRP,205
RAL,RAL-535,inbred_line,19.2,DGRP,RAL/DGRP,inbred_line,RAL/DGRP,205
RAL,RAL-551,inbred_line,25.9,DGRP,RAL/DGRP,inbred_line,RAL/DGRP,205
RAL,RAL-555,inbred_line,23.6,DGRP,RAL/DGRP,inbred_line,RAL/DGRP,205
RAL,RAL-559,inbred_line,29.1,DGRP,RAL/DGRP,inbred_line,RAL/DGRP,205
RAL,RAL-563,inbred_line,14.2,DGRP,RAL/DGRP,inbred_line,RAL/DGRP,205
RAL,RAL-566,inbred_line,58.6,DGRP,RAL/DGRP,inbred_line,RAL/DGRP,205
RAL,RAL-57,inbred_line,40.6,DGRP,RAL/DGRP,inbred_line,RAL/DGRP,205
RAL,RAL-584,inbred_line,72.5,DGRP,RAL/DGRP,inbred_line,RAL/DGRP,205
RAL,RAL-589,inbred_line,109.7,DGRP,RAL/DGRP,inbred_line,RAL/DGRP,205
RAL,RAL-59,inbred_line,19.6,DGRP,RAL/DGRP,inbred_line,RAL/DGRP,205
RAL,RAL-595,inbred_line,13.4,DGRP,RAL/DGRP,inbred_line,RAL/DGRP,205
RAL,RAL-596,inbred_line,49.2,DGRP,RAL/DGRP,inbred_line,RAL/DGRP,205
RAL,RAL-627,inbred_line,61.8,DGRP,RAL/DGRP,inbred_line,RAL/DGRP,205
RAL,RAL-630,inbred_line,28.8,DGRP,RAL/DGRP,inbred_line,RAL/DGRP,205
RAL,RAL-634,inbred_line,23.8,DGRP,RAL/DGRP,inbred_line,RAL/DGRP,205
RAL,RAL-639,inbred_line,20.8,DGRP,RAL/DGRP,inbred_line,RAL/DGRP,205
RAL,RAL-642,inbred_line,17.9,DGRP,RAL/DGRP,inbred_line,RAL/DGRP,205
RAL,RAL-646,inbred_line,15.9,DGRP,RAL/DGRP,inbred_line,RAL/DGRP,205
RAL,RAL-69,inbred_line,21.5,DGRP,RAL/DGRP,inbred_line,RAL/DGRP,205
RAL,RAL-703,inbred_line,19.5,DGRP,RAL/DGRP,inbred_line,RAL/DGRP,205
RAL,RAL-705,inbred_line,21.6,DGRP,RAL/DGRP,inbred_line,RAL/DGRP,205
RAL,RAL-707,inbred_line,21.9,DGRP,RAL/DGRP,inbred_line,RAL/DGRP,205
RAL,RAL-712,inbred_line,20.1,DGRP,RAL/DGRP,inbred_line,RAL/DGRP,205
RAL,RAL-714,inbred_line,21.1,DGRP,RAL/DGRP,inbred_line,RAL/DGRP,205
RAL,RAL-716,inbred_line,16,DGRP,RAL/DGRP,inbred_line,RAL/DGRP,205
RAL,RAL-721,inbred_line,16.2,DGRP,RAL/DGRP,inbred_line,RAL/DGRP,205
RAL,RAL-727,inbred_line,32.9,DGRP,RAL/DGRP,inbred_line,RAL/DGRP,205
RAL,RAL-73,inbred_line,17.9,DGRP,RAL/DGRP,inbred_line,RAL/DGRP,205
RAL,RAL-730,inbred_line,17.1,DGRP,RAL/DGRP,inbred_line,RAL/DGRP,205
RAL,RAL-732,inbred_line,20,DGRP,RAL/DGRP,inbred_line,RAL/DGRP,205
RAL,RAL-737,inbred_line,31.1,DGRP,RAL/DGRP,inbred_line,RAL/DGRP,205
RAL,RAL-738,inbred_line,34.6,DGRP,RAL/DGRP,inbred_line,RAL/DGRP,205
RAL,RAL-748,inbred_line,57.9,DGRP,RAL/DGRP,inbred_line,RAL/DGRP,205
RAL,RAL-75,inbred_line,27.4,DGRP,RAL/DGRP,inbred_line,RAL/DGRP,205
RAL,RAL-757,inbred_line,33,DGRP,RAL/DGRP,inbred_line,RAL/DGRP,205
RAL,RAL-761,inbred_line,19.1,DGRP,RAL/DGRP,inbred_line,RAL/DGRP,205
RAL,RAL-765,inbred_line,20.8,DGRP,RAL/DGRP,inbred_line,RAL/DGRP,205
RAL,RAL-774,inbred_line,37.4,DGRP,RAL/DGRP,inbred_line,RAL/DGRP,205
RAL,RAL-776,inbred_line,20,DGRP,RAL/DGRP,inbred_line,RAL/DGRP,205
RAL,RAL-783,inbred_line,17,DGRP,RAL/DGRP,inbred_line,RAL/DGRP,205
RAL,RAL-786,inbred_line,13.7,DGRP,RAL/DGRP,inbred_line,RAL/DGRP,205
RAL,RAL-787,inbred_line,19.1,DGRP,RAL/DGRP,inbred_line,RAL/DGRP,205
RAL,RAL-790,inbred_line,20.1,DGRP,RAL/DGRP,inbred_line,RAL/DGRP,205
RAL,RAL-796,inbred_line,18.7,DGRP,RAL/DGRP,inbred_line,RAL/DGRP,205
RAL,RAL-799,inbred_line,20.1,DGRP,RAL/DGRP,inbred_line,RAL/DGRP,205
RAL,RAL-801,inbred_line,52.9,DGRP,RAL/DGRP,inbred_line,RAL/DGRP,205
RAL,RAL-802,inbred_line,62.2,DGRP,RAL/DGRP,inbred_line,RAL/DGRP,205
RAL,RAL-804,inbred_line,18.7,DGRP,RAL/DGRP,inbred_line,RAL/DGRP,205
RAL,RAL-805,inbred_line,19.7,DGRP,RAL/DGRP,inbred_line,RAL/DGRP,205
RAL,RAL-808,inbred_line,68.1,DGRP,RAL/DGRP,inbred_line,RAL/DGRP,205
RAL,RAL-810,inbred_line,16.9,DGRP,RAL/DGRP,inbred_line,RAL/DGRP,205
RAL,RAL-812,inbred_line,20.3,DGRP,RAL/DGRP,inbred_line,RAL/DGRP,205
RAL,RAL-818,inbred_line,18.5,DGRP,RAL/DGRP,inbred_line,RAL/DGRP,205
RAL,RAL-819,inbred_line,93.2,DGRP,RAL/DGRP,inbred_line,RAL/DGRP,205
RAL,RAL-820,inbred_line,18.2,DGRP,RAL/DGRP,inbred_line,RAL/DGRP,205
RAL,RAL-821,inbred_line,135.8,DGRP,RAL/DGRP,inbred_line,RAL/DGRP,205
RAL,RAL-822,inbred_line,23.9,DGRP,RAL/DGRP,inbred_line,RAL/DGRP,205
RAL,RAL-83,inbred_line,17.4,DGRP,RAL/DGRP,inbred_line,RAL/DGRP,205
RAL,RAL-832,inbred_line,17.5,DGRP,RAL/DGRP,inbred_line,RAL/DGRP,205
RAL,RAL-837,inbred_line,25,DGRP,RAL/DGRP,inbred_line,RAL/DGRP,205
RAL,RAL-843,inbred_line,52.6,DGRP,RAL/DGRP,inbred_line,RAL/DGRP,205
RAL,RAL-849,inbred_line,47.5,DGRP,RAL/DGRP,inbred_line,RAL/DGRP,205
RAL,RAL-85,inbred_line,18.5,DGRP,RAL/DGRP,inbred_line,RAL/DGRP,205
RAL,RAL-850,inbred_line,54.8,DGRP,RAL/DGRP,inbred_line,RAL/DGRP,205
RAL,RAL-852,inbred_line,26.4,DGRP,RAL/DGRP,inbred_line,RAL/DGRP,205
RAL,RAL-853,inbred_line,75.7,DGRP,RAL/DGRP,inbred_line,RAL/DGRP,205
RAL,RAL-855,inbred_line,25.3,DGRP,RAL/DGRP,inbred_line,RAL/DGRP,205
RAL,RAL-857,inbred_line,27.6,DGRP,RAL/DGRP,inbred_line,RAL/DGRP,205
RAL,RAL-859,inbred_line,18.1,DGRP,RAL/DGRP,inbred_line,RAL/DGRP,205
RAL,RAL-861,inbred_line,17.4,DGRP,RAL/DGRP,inbred_line,RAL/DGRP,205
RAL,RAL-879,inbred_line,19,DGRP,RAL/DGRP,inbred_line,RAL/DGRP,205
RAL,RAL-88,inbred_line,16.7,DGRP,RAL/DGRP,inbred_line,RAL/DGRP,205
RAL,RAL-882,inbred_line,21.3,DGRP,RAL/DGRP,inbred_line,RAL/DGRP,205
RAL,RAL-884,inbred_line,19.2,DGRP,RAL/DGRP,inbred_line,RAL/DGRP,205
RAL,RAL-887,inbred_line,24.9,DGRP,RAL/DGRP,inbred_line,RAL/DGRP,205
RAL,RAL-890,inbred_line,18.9,DGRP,RAL/DGRP,inbred_line,RAL/DGRP,205
RAL,RAL-892,inbred_line,25,DGRP,RAL/DGRP,inbred_line,RAL/DGRP,205
RAL,RAL-894,inbred_line,20.2,DGRP,RAL/DGRP,inbred_line,RAL/DGRP,205
RAL,RAL-897,inbred_line,33.3,DGRP,RAL/DGRP,inbred_line,RAL/DGRP,205
RAL,RAL-900,inbred_line,67.3,DGRP,RAL/DGRP,inbred_line,RAL/DGRP,205
RAL,RAL-907,inbred_line,21.4,DGRP,RAL/DGRP,inbred_line,RAL/DGRP,205
RAL,RAL-908,inbred_line,21.4,DGRP,RAL/DGRP,inbred_line,RAL/DGRP,205
RAL,RAL-91,inbred_line,16.7,DGRP,RAL/DGRP,inbred_line,RAL/DGRP,205
RAL,RAL-911,inbred_line,19,DGRP,RAL/DGRP,inbred_line,RAL/DGRP,205
RAL,RAL-913,inbred_line,51.8,DGRP,RAL/DGRP,inbred_line,RAL/DGRP,205
RAL,RAL-93,inbred_line,18.3,DGRP,RAL/DGRP,inbred_line,RAL/DGRP,205
RG,RG10,haploid_embryo,37.8,DPGP2,RG/DPGP2,haploid_embryo,RG/DPGP2,27
RG,RG11N,haploid_embryo,38,DPGP2,RG/DPGP2,haploid_embryo,RG/DPGP2,27
RG,RG13N,haploid_embryo,37.3,DPGP2,RG/DPGP2,haploid_embryo,RG/DPGP2,27
RG,RG15,haploid_embryo,43,DPGP2,RG/DPGP2,haploid_embryo,RG/DPGP2,27
RG,RG18N,haploid_embryo,49.5,DPGP2,RG/DPGP2,haploid_embryo,RG/DPGP2,27
RG,RG19,haploid_embryo,29.2,DPGP2,RG/DPGP2,haploid_embryo,RG/DPGP2,27
RG,RG2,haploid_embryo,37.3,DPGP2,RG/DPGP2,haploid_embryo,RG/DPGP2,27
RG,RG21N,haploid_embryo,43.1,DPGP2,RG/DPGP2,haploid_embryo,RG/DPGP2,27
RG,RG22,haploid_embryo,38,DPGP2,RG/DPGP2,haploid_embryo,RG/DPGP2,27
RG,RG24,haploid_embryo,36.6,DPGP2,RG/DPGP2,haploid_embryo,RG/DPGP2,27
RG,RG25,haploid_embryo,38.1,DPGP2,RG/DPGP2,haploid_embryo,RG/DPGP2,27
RG,RG28,haploid_embryo,36.5,DPGP2,RG/DPGP2,haploid_embryo,RG/DPGP2,27
RG,RG3,haploid_embryo,37.8,DPGP2,RG/DPGP2,haploid_embryo,RG/DPGP2,27
RG,RG32N,haploid_embryo,41.4,DPGP2,RG/DPGP2,haploid_embryo,RG/DPGP2,27
RG,RG33,haploid_embryo,69.8,DPGP2,RG/DPGP2,haploid_embryo,RG/DPGP2,27
RG,RG34,haploid_embryo,29.9,DPGP2,RG/DPGP2,haploid_embryo,RG/DPGP2,27
RG,RG35,haploid_embryo,31.6,DPGP2,RG/DPGP2,haploid_embryo,RG/DPGP2,27
RG,RG36,haploid_embryo,29.8,DPGP2,RG/DPGP2,haploid_embryo,RG/DPGP2,27
RG,RG37N,haploid_embryo,34.4,DPGP2,RG/DPGP2,haploid_embryo,RG/DPGP2,27
RG,RG38N,haploid_embryo,42.3,DPGP2,RG/DPGP2,haploid_embryo,RG/DPGP2,27
RG,RG39,haploid_embryo,37.6,DPGP2,RG/DPGP2,haploid_embryo,RG/DPGP2,27
RG,RG4N,haploid_embryo,54.2,DPGP2,RG/DPGP2,haploid_embryo,RG/DPGP2,27
RG,RG5,haploid_embryo,27.1,DPGP2,RG/DPGP2,haploid_embryo,RG/DPGP2,27
RG,RG6N,haploid_embryo,47.7,DPGP2,RG/DPGP2,haploid_embryo,RG/DPGP2,27
RG,RG7,haploid_embryo,36.3,DPGP2,RG/DPGP2,haploid_embryo,RG/DPGP2,27
RG,RG8,haploid_embryo,48.8,DPGP2,RG/DPGP2,haploid_embryo,RG/DPGP2,27
RG,RG9,haploid_embryo,37.4,DPGP2,RG/DPGP2,haploid_embryo,RG/DPGP2,27
SB,SB10,haploid_embryo,34.2,AGES,SB/AGES,haploid_embryo,SB/AGES,5
SB,SB16,haploid_embryo,32.4,AGES,SB/AGES,haploid_embryo,SB/AGES,5
SB,SB26,haploid_embryo,24.2,AGES,SB/AGES,haploid_embryo,SB/AGES,5
SB,SB31,haploid_embryo,30.2,AGES,SB/AGES,haploid_embryo,SB/AGES,5
SB,SB51,haploid_embryo,30.5,AGES,SB/AGES,haploid_embryo,SB/AGES,5
SD,SD101N,inbred_line,14.7,POOL,SD/POOL,inbred_line,SD/POOL,76
SD,SD104N,inbred_line,17.3,POOL,SD/POOL,inbred_line,SD/POOL,76
SD,SD105N,inbred_line,21.1,POOL,SD/POOL,inbred_line,SD/POOL,76
SD,SD106N,inbred_line,18.6,POOL,SD/POOL,inbred_line,SD/POOL,76
SD,SD108N,inbred_line,17.7,POOL,SD/POOL,inbred_line,SD/POOL,76
SD,SD109N,inbred_line,17.1,POOL,SD/POOL,inbred_line,SD/POOL,76
SD,SD110N,inbred_line,18.1,POOL,SD/POOL,inbred_line,SD/POOL,76
SD,SD113N,inbred_line,14.2,POOL,SD/POOL,inbred_line,SD/POOL,76
SD,SD114N,inbred_line,16.6,POOL,SD/POOL,inbred_line,SD/POOL,76
SD,SD115N,inbred_line,19.4,POOL,SD/POOL,inbred_line,SD/POOL,76
SD,SD116N,inbred_line,20.9,POOL,SD/POOL,inbred_line,SD/POOL,76
SD,SD117N,inbred_line,21.7,POOL,SD/POOL,inbred_line,SD/POOL,76
SD,SD120N,inbred_line,18.8,POOL,SD/POOL,inbred_line,SD/POOL,76
SD,SD121N,inbred_line,22.6,POOL,SD/POOL,inbred_line,SD/POOL,76
SD,SD124N,inbred_line,16,POOL,SD/POOL,inbred_line,SD/POOL,76
SD,SD127N,inbred_line,23.3,POOL,SD/POOL,inbred_line,SD/POOL,76
SD,SD128N,inbred_line,14.4,POOL,SD/POOL,inbred_line,SD/POOL,76
SD,SD130N,inbred_line,18.9,POOL,SD/POOL,inbred_line,SD/POOL,76
SD,SD131N,inbred_line,35,POOL,SD/POOL,inbred_line,SD/POOL,76
SD,SD132N,inbred_line,30.1,POOL,SD/POOL,inbred_line,SD/POOL,76
SD,SD133N,inbred_line,17.1,POOL,SD/POOL,inbred_line,SD/POOL,76
SD,SD135N,inbred_line,23.3,POOL,SD/POOL,inbred_line,SD/POOL,76
SD,SD137N,inbred_line,22.4,POOL,SD/POOL,inbred_line,SD/POOL,76
SD,SD138N,inbred_line,24.4,POOL,SD/POOL,inbred_line,SD/POOL,76
SD,SD140N,inbred_line,14.7,POOL,SD/POOL,inbred_line,SD/POOL,76
SD,SD141N,inbred_line,23.7,POOL,SD/POOL,inbred_line,SD/POOL,76
SD,SD142N,inbred_line,21.3,POOL,SD/POOL,inbred_line,SD/POOL,76
SD,SD144N,inbred_line,18.6,POOL,SD/POOL,inbred_line,SD/POOL,76
SD,SD149N,inbred_line,43.7,POOL,SD/POOL,inbred_line,SD/POOL,76
SD,SD14N,inbred_line,23.9,POOL,SD/POOL,inbred_line,SD/POOL,76
SD,SD151N,inbred_line,17,POOL,SD/POOL,inbred_line,SD/POOL,76
SD,SD17N,inbred_line,17.7,POOL,SD/POOL,inbred_line,SD/POOL,76
SD,SD18N,inbred_line,22.4,POOL,SD/POOL,inbred_line,SD/POOL,76
SD,SD1N,inbred_line,15.5,POOL,SD/POOL,inbred_line,SD/POOL,76
SD,SD20N,inbred_line,18.2,POOL,SD/POOL,inbred_line,SD/POOL,76
SD,SD21N,inbred_line,17.4,POOL,SD/POOL,inbred_line,SD/POOL,76
SD,SD23N,inbred_line,29.2,POOL,SD/POOL,inbred_line,SD/POOL,76
SD,SD24N,inbred_line,19.7,POOL,SD/POOL,inbred_line,SD/POOL,76
SD,SD25N,inbred_line,28,POOL,SD/POOL,inbred_line,SD/POOL,76
SD,SD27N,inbred_line,22.9,POOL,SD/POOL,inbred_line,SD/POOL,76
SD,SD28N,inbred_line,16,POOL,SD/POOL,inbred_line,SD/POOL,76
SD,SD29N,inbred_line,20.6,POOL,SD/POOL,inbred_line,SD/POOL,76
SD,SD32N,inbred_line,13.1,POOL,SD/POOL,inbred_line,SD/POOL,76
SD,SD35N,inbred_line,19.6,POOL,SD/POOL,inbred_line,SD/POOL,76
SD,SD37N,inbred_line,16.3,POOL,SD/POOL,inbred_line,SD/POOL,76
SD,SD38N,inbred_line,25.7,POOL,SD/POOL,inbred_line,SD/POOL,76
SD,SD39N,inbred_line,26.3,POOL,SD/POOL,inbred_line,SD/POOL,76
SD,SD3N,inbred_line,13.2,POOL,SD/POOL,inbred_line,SD/POOL,76
SD,SD42N,inbred_line,33.1,POOL,SD/POOL,inbred_line,SD/POOL,76
SD,SD43N,inbred_line,16,POOL,SD/POOL,inbred_line,SD/POOL,76
SD,SD44N,inbred_line,14.5,POOL,SD/POOL,inbred_line,SD/POOL,76
SD,SD47N,inbred_line,18.8,POOL,SD/POOL,inbred_line,SD/POOL,76
SD,SD48N,inbred_line,18.5,POOL,SD/POOL,inbred_line,SD/POOL,76
SD,SD49N,inbred_line,15.5,POOL,SD/POOL,inbred_line,SD/POOL,76
SD,SD51N,inbred_line,20.2,POOL,SD/POOL,inbred_line,SD/POOL,76
SD,SD53N,inbred_line,14.6,POOL,SD/POOL,inbred_line,SD/POOL,76
SD,SD54N,inbred_line,17.4,POOL,SD/POOL,inbred_line,SD/POOL,76
SD,SD55N,inbred_line,15.3,POOL,SD/POOL,inbred_line,SD/POOL,76
SD,SD56N,inbred_line,19.2,POOL,SD/POOL,inbred_line,SD/POOL,76
SD,SD59N,inbred_line,12,POOL,SD/POOL,inbred_line,SD/POOL,76
SD,SD5N,inbred_line,19.8,POOL,SD/POOL,inbred_line,SD/POOL,76
SD,SD63N,inbred_line,14.4,POOL,SD/POOL,inbred_line,SD/POOL,76
SD,SD64N,inbred_line,13.9,POOL,SD/POOL,inbred_line,SD/POOL,76
SD,SD65N,inbred_line,26.1,POOL,SD/POOL,inbred_line,SD/POOL,76
SD,SD68N,inbred_line,14.4,POOL,SD/POOL,inbred_line,SD/POOL,76
SD,SD71N,inbred_line,17.2,POOL,SD/POOL,inbred_line,SD/POOL,76
SD,SD72N,inbred_line,18.6,POOL,SD/POOL,inbred_line,SD/POOL,76
SD,SD73N,inbred_line,22.6,POOL,SD/POOL,inbred_line,SD/POOL,76
SD,SD77N,inbred_line,33.8,POOL,SD/POOL,inbred_line,SD/POOL,76
SD,SD78N,inbred_line,19.9,POOL,SD/POOL,inbred_line,SD/POOL,76
SD,SD79N,inbred_line,16.4,POOL,SD/POOL,inbred_line,SD/POOL,76
SD,SD88N,inbred_line,13.4,POOL,SD/POOL,inbred_line,SD/POOL,76
SD,SD8N,inbred_line,22.2,POOL,SD/POOL,inbred_line,SD/POOL,76
SD,SD90N,inbred_line,15.8,POOL,SD/POOL,inbred_line,SD/POOL,76
SD,SD92N,inbred_line,15.5,POOL,SD/POOL,inbred_line,SD/POOL,76
SD,SD94N,inbred_line,18.3,POOL,SD/POOL,inbred_line,SD/POOL,76
SP,SP103N,inbred_line,16.3,POOL,SP/POOL,inbred_line,SP/POOL,30
SP,SP107N,inbred_line,16.6,POOL,SP/POOL,inbred_line,SP/POOL,30
SP,SP115N,inbred_line,15.6,POOL,SP/POOL,inbred_line,SP/POOL,30
SP,SP127N,inbred_line,21.3,POOL,SP/POOL,inbred_line,SP/POOL,30
SP,SP133N,inbred_line,18.5,POOL,SP/POOL,inbred_line,SP/POOL,30
SP,SP159N,inbred_line,35.9,POOL,SP/POOL,inbred_line,SP/POOL,30
SP,SP15N,inbred_line,41.5,POOL,SP/POOL,inbred_line,SP/POOL,30
SP,SP175N,inbred_line,23.4,POOL,SP/POOL,inbred_line,SP/POOL,30
SP,SP17N,inbred_line,16.5,POOL,SP/POOL,inbred_line,SP/POOL,30
SP,SP191N,inbred_line,32.1,POOL,SP/POOL,inbred_line,SP/POOL,30
SP,SP19N,inbred_line,15.1,POOL,SP/POOL,inbred_line,SP/POOL,30
SP,SP1N,inbred_line,20.5,POOL,SP/POOL,inbred_line,SP/POOL,30
SP,SP201N,inbred_line,18.6,POOL,SP/POOL,inbred_line,SP/POOL,30
SP,SP213N,inbred_line,22.7,POOL,SP/POOL,inbred_line,SP/POOL,30
SP,SP249N,inbred_line,19.4,POOL,SP/POOL,inbred_line,SP/POOL,30
SP,SP267N,inbred_line,22.8,POOL,SP/POOL,inbred_line,SP/POOL,30
SP,SP279N,inbred_line,13,POOL,SP/POOL,inbred_line,SP/POOL,30
SP,SP287N,inbred_line,11.9,POOL,SP/POOL,inbred_line,SP/POOL,30
SP,SP291N,inbred_line,22.6,POOL,SP/POOL,inbred_line,SP/POOL,30
SP,SP315N,inbred_line,22.7,POOL,SP/POOL,inbred_line,SP/POOL,30
SP,SP323N,inbred_line,19.3,POOL,SP/POOL,inbred_line,SP/POOL,30
SP,SP335N,inbred_line,22.9,POOL,SP/POOL,inbred_line,SP/POOL,30
SP,SP347N,inbred_line,31.6,POOL,SP/POOL,inbred_line,SP/POOL,30
SP,SP39N,inbred_line,14.4,POOL,SP/POOL,inbred_line,SP/POOL,30
SP,SP61N,inbred_line,19.9,POOL,SP/POOL,inbred_line,SP/POOL,30
SP,SP69N,inbred_line,25.8,POOL,SP/POOL,inbred_line,SP/POOL,30
SP,SP75N,inbred_line,25.4,POOL,SP/POOL,inbred_line,SP/POOL,30
SP,SP83N,inbred_line,23.2,POOL,SP/POOL,inbred_line,SP/POOL,30
SP,SP87N,inbred_line,10.2,POOL,SP/POOL,inbred_line,SP/POOL,30
SP,SP95N,inbred_line,37.9,POOL,SP/POOL,inbred_line,SP/POOL,30
T,T01,inbred_line,11.5,CLARK,T/CLARK,inbred_line,T/CLARK,18
T,T04,inbred_line,12,CLARK,T/CLARK,inbred_line,T/CLARK,18
T,T05,inbred_line,10,CLARK,T/CLARK,inbred_line,T/CLARK,18
T,T07,inbred_line,12.1,CLARK,T/CLARK,inbred_line,T/CLARK,18
T,T09,inbred_line,11.6,CLARK,T/CLARK,inbred_line,T/CLARK,18
T,T10,inbred_line,12.1,CLARK,T/CLARK,inbred_line,T/CLARK,18
T,T14A,inbred_line,12.6,CLARK,T/CLARK,inbred_line,T/CLARK,18
T,T22A,inbred_line,10.9,CLARK,T/CLARK,inbred_line,T/CLARK,18
T,T23,inbred_line,9.9,CLARK,T/CLARK,inbred_line,T/CLARK,18
T,T24,inbred_line,11.1,CLARK,T/CLARK,inbred_line,T/CLARK,18
T,T25A,inbred_line,10.6,CLARK,T/CLARK,inbred_line,T/CLARK,18
T,T29A,inbred_line,12.5,CLARK,T/CLARK,inbred_line,T/CLARK,18
T,T30A,inbred_line,12,CLARK,T/CLARK,inbred_line,T/CLARK,18
T,T35,inbred_line,10.9,CLARK,T/CLARK,inbred_line,T/CLARK,18
T,T36B,inbred_line,11.8,CLARK,T/CLARK,inbred_line,T/CLARK,18
T,T39,inbred_line,11.9,CLARK,T/CLARK,inbred_line,T/CLARK,18
T,T43A,inbred_line,10.2,CLARK,T/CLARK,inbred_line,T/CLARK,18
T,T45B,inbred_line,10.5,CLARK,T/CLARK,inbred_line,T/CLARK,18
UK,UK10,haploid_embryo,18.2,AGES,UK/AGES,haploid_embryo,UK/AGES,5
UK,UK120,haploid_embryo,23.2,AGES,UK/AGES,haploid_embryo,UK/AGES,5
UK,UK2,haploid_embryo,25.2,AGES,UK/AGES,haploid_embryo,UK/AGES,5
UK,UK57,haploid_embryo,29.9,AGES,UK/AGES,haploid_embryo,UK/AGES,5
UK,UK73,haploid_embryo,15.8,AGES,UK/AGES,haploid_embryo,UK/AGES,5
W,w114,inbred_line,7.1,NUZHDIN,W/NUZHDIN,inbred_line,W/NUZHDIN,35
W,w23,inbred_line,17.6,NUZHDIN,W/NUZHDIN,inbred_line,W/NUZHDIN,35
W,w26,inbred_line,4.5,NUZHDIN,W/NUZHDIN,inbred_line,W/NUZHDIN,35
W,w33,inbred_line,5.9,NUZHDIN,W/NUZHDIN,inbred_line,W/NUZHDIN,35
W,w34,inbred_line,11,NUZHDIN,W/NUZHDIN,inbred_line,W/NUZHDIN,35
W,w35,inbred_line,7.2,NUZHDIN,W/NUZHDIN,inbred_line,W/NUZHDIN,35
W,w36,inbred_line,6.9,NUZHDIN,W/NUZHDIN,inbred_line,W/NUZHDIN,35
W,w37,inbred_line,6.4,NUZHDIN,W/NUZHDIN,inbred_line,W/NUZHDIN,35
W,w38,inbred_line,5.9,NUZHDIN,W/NUZHDIN,inbred_line,W/NUZHDIN,35
W,w40,inbred_line,6.8,NUZHDIN,W/NUZHDIN,inbred_line,W/NUZHDIN,35
W,w43,inbred_line,7,NUZHDIN,W/NUZHDIN,inbred_line,W/NUZHDIN,35
W,w47,inbred_line,6.4,NUZHDIN,W/NUZHDIN,inbred_line,W/NUZHDIN,35
W,w49,inbred_line,6.7,NUZHDIN,W/NUZHDIN,inbred_line,W/NUZHDIN,35
W,w50,inbred_line,6,NUZHDIN,W/NUZHDIN,inbred_line,W/NUZHDIN,35
W,w52,inbred_line,6.8,NUZHDIN,W/NUZHDIN,inbred_line,W/NUZHDIN,35
W,w54,inbred_line,6.9,NUZHDIN,W/NUZHDIN,inbred_line,W/NUZHDIN,35
W,w55,inbred_line,4.4,NUZHDIN,W/NUZHDIN,inbred_line,W/NUZHDIN,35
W,w56,inbred_line,14.6,NUZHDIN,W/NUZHDIN,inbred_line,W/NUZHDIN,35
W,w59,inbred_line,9.9,NUZHDIN,W/NUZHDIN,inbred_line,W/NUZHDIN,35
W,w60,inbred_line,5.8,NUZHDIN,W/NUZHDIN,inbred_line,W/NUZHDIN,35
W,w62,inbred_line,7.1,NUZHDIN,W/NUZHDIN,inbred_line,W/NUZHDIN,35
W,w63,inbred_line,6.6,NUZHDIN,W/NUZHDIN,inbred_line,W/NUZHDIN,35
W,w64,inbred_line,7.6,NUZHDIN,W/NUZHDIN,inbred_line,W/NUZHDIN,35
W,w66,inbred_line,6.4,NUZHDIN,W/NUZHDIN,inbred_line,W/NUZHDIN,35
W,w67,inbred_line,3.6,NUZHDIN,W/NUZHDIN,inbred_line,W/NUZHDIN,35
W,w68,inbred_line,3.2,NUZHDIN,W/NUZHDIN,inbred_line,W/NUZHDIN,35
W,w69,inbred_line,4.8,NUZHDIN,W/NUZHDIN,inbred_line,W/NUZHDIN,35
W,w74,inbred_line,6.3,NUZHDIN,W/NUZHDIN,inbred_line,W/NUZHDIN,35
W,w76,inbred_line,5.3,NUZHDIN,W/NUZHDIN,inbred_line,W/NUZHDIN,35
W,w79,inbred_line,6.4,NUZHDIN,W/NUZHDIN,inbred_line,W/NUZHDIN,35
W,w80,inbred_line,8.1,NUZHDIN,W/NUZHDIN,inbred_line,W/NUZHDIN,35
W,w82,inbred_line,6.5,NUZHDIN,W/NUZHDIN,inbred_line,W/NUZHDIN,35
W,w84,inbred_line,4.2,NUZHDIN,W/NUZHDIN,inbred_line,W/NUZHDIN,35
W,w86,inbred_line,5.2,NUZHDIN,W/NUZHDIN,inbred_line,W/NUZHDIN,35
W,w87,inbred_line,5.9,NUZHDIN,W/NUZHDIN,inbred_line,W/NUZHDIN,35
ZI,ZI10,haploid_embryo,36.7,DPGP3,ZI/DPGP3,haploid_embryo,ZI/DPGP3,196
ZI,ZI103,haploid_embryo,35.7,DPGP3,ZI/DPGP3,haploid_embryo,ZI/DPGP3,196
ZI,ZI104,haploid_embryo,46.4,DPGP3,ZI/DPGP3,haploid_embryo,ZI/DPGP3,196
ZI,ZI114N,haploid_embryo,54.9,DPGP3,ZI/DPGP3,haploid_embryo,ZI/DPGP3,196
ZI,ZI117,haploid_embryo,33.7,DPGP3,ZI/DPGP3,haploid_embryo,ZI/DPGP3,196
ZI,ZI118N,haploid_embryo,36.8,DPGP3,ZI/DPGP3,haploid_embryo,ZI/DPGP3,196
ZI,ZI126,haploid_embryo,49.2,DPGP3,ZI/DPGP3,haploid_embryo,ZI/DPGP3,196
ZI,ZI129,haploid_embryo,36.5,DPGP3,ZI/DPGP3,haploid_embryo,ZI/DPGP3,196
ZI,ZI134N,haploid_embryo,43,DPGP3,ZI/DPGP3,haploid_embryo,ZI/DPGP3,196
ZI,ZI136,haploid_embryo,43,DPGP3,ZI/DPGP3,haploid_embryo,ZI/DPGP3,196
ZI,ZI138,haploid_embryo,46.5,DPGP3,ZI/DPGP3,haploid_embryo,ZI/DPGP3,196
ZI,ZI152,haploid_embryo,43.4,DPGP3,ZI/DPGP3,haploid_embryo,ZI/DPGP3,196
ZI,ZI157,haploid_embryo,39.4,DPGP3,ZI/DPGP3,haploid_embryo,ZI/DPGP3,196
ZI,ZI161,haploid_embryo,44.6,DPGP3,ZI/DPGP3,haploid_embryo,ZI/DPGP3,196
ZI,ZI164,haploid_embryo,43.6,DPGP3,ZI/DPGP3,haploid_embryo,ZI/DPGP3,196
ZI,ZI165,haploid_embryo,40.4,DPGP3,ZI/DPGP3,haploid_embryo,ZI/DPGP3,196
ZI,ZI167,haploid_embryo,49,DPGP3,ZI/DPGP3,haploid_embryo,ZI/DPGP3,196
ZI,ZI170,haploid_embryo,32.6,DPGP3,ZI/DPGP3,haploid_embryo,ZI/DPGP3,196
ZI,ZI172,haploid_embryo,42.8,DPGP3,ZI/DPGP3,haploid_embryo,ZI/DPGP3,196
ZI,ZI173,haploid_embryo,43.5,DPGP3,ZI/DPGP3,haploid_embryo,ZI/DPGP3,196
ZI,ZI176,haploid_embryo,46.2,DPGP3,ZI/DPGP3,haploid_embryo,ZI/DPGP3,196
ZI,ZI177,haploid_embryo,45,DPGP3,ZI/DPGP3,haploid_embryo,ZI/DPGP3,196
ZI,ZI178,haploid_embryo,38.4,DPGP3,ZI/DPGP3,haploid_embryo,ZI/DPGP3,196
ZI,ZI179,haploid_embryo,34.3,DPGP3,ZI/DPGP3,haploid_embryo,ZI/DPGP3,196
ZI,ZI181,haploid_embryo,38.5,DPGP3,ZI/DPGP3,haploid_embryo,ZI/DPGP3,196
ZI,ZI182,haploid_embryo,45.2,DPGP3,ZI/DPGP3,haploid_embryo,ZI/DPGP3,196
ZI,ZI184,haploid_embryo,40.4,DPGP3,ZI/DPGP3,haploid_embryo,ZI/DPGP3,196
ZI,ZI185,haploid_embryo,51.9,DPGP3,ZI/DPGP3,haploid_embryo,ZI/DPGP3,196
ZI,ZI188,haploid_embryo,44.9,DPGP3,ZI/DPGP3,haploid_embryo,ZI/DPGP3,196
ZI,ZI190,haploid_embryo,41.8,DPGP3,ZI/DPGP3,haploid_embryo,ZI/DPGP3,196
ZI,ZI191,haploid_embryo,49.2,DPGP3,ZI/DPGP3,haploid_embryo,ZI/DPGP3,196
ZI,ZI193,haploid_embryo,39.3,DPGP3,ZI/DPGP3,haploid_embryo,ZI/DPGP3,196
ZI,ZI194,haploid_embryo,44.9,DPGP3,ZI/DPGP3,haploid_embryo,ZI/DPGP3,196
ZI,ZI196,haploid_embryo,47.7,DPGP3,ZI/DPGP3,haploid_embryo,ZI/DPGP3,196
ZI,ZI197N,haploid_embryo,39.2,DPGP3,ZI/DPGP3,haploid_embryo,ZI/DPGP3,196
ZI,ZI198,haploid_embryo,33.6,DPGP3,ZI/DPGP3,haploid_embryo,ZI/DPGP3,196
ZI,ZI199,haploid_embryo,46.1,DPGP3,ZI/DPGP3,haploid_embryo,ZI/DPGP3,196
ZI,ZI200,haploid_embryo,30.7,DPGP3,ZI/DPGP3,haploid_embryo,ZI/DPGP3,196
ZI,ZI202,haploid_embryo,37.5,DPGP3,ZI/DPGP3,haploid_embryo,ZI/DPGP3,196
ZI,ZI206,haploid_embryo,43.3,DPGP3,ZI/DPGP3,haploid_embryo,ZI/DPGP3,196
ZI,ZI207,haploid_embryo,40,DPGP3,ZI/DPGP3,haploid_embryo,ZI/DPGP3,196
ZI,ZI210,haploid_embryo,37.1,DPGP3,ZI/DPGP3,haploid_embryo,ZI/DPGP3,196
ZI,ZI211,haploid_embryo,42.9,DPGP3,ZI/DPGP3,haploid_embryo,ZI/DPGP3,196
ZI,ZI212,haploid_embryo,44,DPGP3,ZI/DPGP3,haploid_embryo,ZI/DPGP3,196
ZI,ZI213,haploid_embryo,44.2,DPGP3,ZI/DPGP3,haploid_embryo,ZI/DPGP3,196
ZI,ZI214,haploid_embryo,41.6,DPGP3,ZI/DPGP3,haploid_embryo,ZI/DPGP3,196
ZI,ZI216N,haploid_embryo,44.2,DPGP3,ZI/DPGP3,haploid_embryo,ZI/DPGP3,196
ZI,ZI218,haploid_embryo,32.1,DPGP3,ZI/DPGP3,haploid_embryo,ZI/DPGP3,196
ZI,ZI219,haploid_embryo,39.8,DPGP3,ZI/DPGP3,haploid_embryo,ZI/DPGP3,196
ZI,ZI220,haploid_embryo,51.3,DPGP3,ZI/DPGP3,haploid_embryo,ZI/DPGP3,196
ZI,ZI221,haploid_embryo,38,DPGP3,ZI/DPGP3,haploid_embryo,ZI/DPGP3,196
ZI,ZI225,haploid_embryo,48.3,DPGP3,ZI/DPGP3,haploid_embryo,ZI/DPGP3,196
ZI,ZI226,haploid_embryo,43.6,DPGP3,ZI/DPGP3,haploid_embryo,ZI/DPGP3,196
ZI,ZI227,haploid_embryo,54.7,DPGP3,ZI/DPGP3,haploid_embryo,ZI/DPGP3,196
ZI,ZI228,haploid_embryo,37.8,DPGP3,ZI/DPGP3,haploid_embryo,ZI/DPGP3,196
ZI,ZI230,haploid_embryo,53.2,DPGP3,ZI/DPGP3,haploid_embryo,ZI/DPGP3,196
ZI,ZI231,haploid_embryo,35.2,DPGP3,ZI/DPGP3,haploid_embryo,ZI/DPGP3,196
ZI,ZI232,haploid_embryo,49.3,DPGP3,ZI/DPGP3,haploid_embryo,ZI/DPGP3,196
ZI,ZI233,haploid_embryo,48.3,DPGP3,ZI/DPGP3,haploid_embryo,ZI/DPGP3,196
ZI,ZI235,haploid_embryo,37.5,DPGP3,ZI/DPGP3,haploid_embryo,ZI/DPGP3,196
ZI,ZI237,haploid_embryo,42.8,DPGP3,ZI/DPGP3,haploid_embryo,ZI/DPGP3,196
ZI,ZI239,haploid_embryo,46.8,DPGP3,ZI/DPGP3,haploid_embryo,ZI/DPGP3,196
ZI,ZI240,haploid_embryo,41.6,DPGP3,ZI/DPGP3,haploid_embryo,ZI/DPGP3,196
ZI,ZI241,haploid_embryo,44.7,DPGP3,ZI/DPGP3,haploid_embryo,ZI/DPGP3,196
ZI,ZI250,haploid_embryo,35,DPGP3,ZI/DPGP3,haploid_embryo,ZI/DPGP3,196
ZI,ZI251N,haploid_embryo,38.8,DPGP3,ZI/DPGP3,haploid_embryo,ZI/DPGP3,196
ZI,ZI252,haploid_embryo,43.2,DPGP3,ZI/DPGP3,haploid_embryo,ZI/DPGP3,196
ZI,ZI253,haploid_embryo,46.6,DPGP3,ZI/DPGP3,haploid_embryo,ZI/DPGP3,196
ZI,ZI254N,haploid_embryo,41.2,DPGP3,ZI/DPGP3,haploid_embryo,ZI/DPGP3,196
ZI,ZI255,haploid_embryo,34.8,DPGP3,ZI/DPGP3,haploid_embryo,ZI/DPGP3,196
ZI,ZI26,haploid_embryo,39,DPGP3,ZI/DPGP3,haploid_embryo,ZI/DPGP3,196
ZI,ZI261,haploid_embryo,39.9,DPGP3,ZI/DPGP3,haploid_embryo,ZI/DPGP3,196
ZI,ZI263,haploid_embryo,47.7,DPGP3,ZI/DPGP3,haploid_embryo,ZI/DPGP3,196
ZI,ZI264,haploid_embryo,40,DPGP3,ZI/DPGP3,haploid_embryo,ZI/DPGP3,196
ZI,ZI265,haploid_embryo,35.6,DPGP3,ZI/DPGP3,haploid_embryo,ZI/DPGP3,196
ZI,ZI267,haploid_embryo,36.1,DPGP3,ZI/DPGP3,haploid_embryo,ZI/DPGP3,196
ZI,ZI268,haploid_embryo,42,DPGP3,ZI/DPGP3,haploid_embryo,ZI/DPGP3,196
ZI,ZI269,haploid_embryo,35,DPGP3,ZI/DPGP3,haploid_embryo,ZI/DPGP3,196
ZI,ZI27,haploid_embryo,39.4,DPGP3,ZI/DPGP3,haploid_embryo,ZI/DPGP3,196
ZI,ZI271,haploid_embryo,38.9,DPGP3,ZI/DPGP3,haploid_embryo,ZI/DPGP3,196
ZI,ZI273N,haploid_embryo,43.2,DPGP3,ZI/DPGP3,haploid_embryo,ZI/DPGP3,196
ZI,ZI276,haploid_embryo,43.4,DPGP3,ZI/DPGP3,haploid_embryo,ZI/DPGP3,196
ZI,ZI279,haploid_embryo,43.2,DPGP3,ZI/DPGP3,haploid_embryo,ZI/DPGP3,196
ZI,ZI28,haploid_embryo,42.2,DPGP3,ZI/DPGP3,haploid_embryo,ZI/DPGP3,196
ZI,ZI281,haploid_embryo,46.6,DPGP3,ZI/DPGP3,haploid_embryo,ZI/DPGP3,196
ZI,ZI284,haploid_embryo,60.6,DPGP3,ZI/DPGP3,haploid_embryo,ZI/DPGP3,196
ZI,ZI286,haploid_embryo,41.9,DPGP3,ZI/DPGP3,haploid_embryo,ZI/DPGP3,196
ZI,ZI291,haploid_embryo,50.4,DPGP3,ZI/DPGP3,haploid_embryo,ZI/DPGP3,196
ZI,ZI292,haploid_embryo,43.7,DPGP3,ZI/DPGP3,haploid_embryo,ZI/DPGP3,196
ZI,ZI293,haploid_embryo,35.9,DPGP3,ZI/DPGP3,haploid_embryo,ZI/DPGP3,196
ZI,ZI295,haploid_embryo,45.1,DPGP3,ZI/DPGP3,haploid_embryo,ZI/DPGP3,196
ZI,ZI296,haploid_embryo,40.7,DPGP3,ZI/DPGP3,haploid_embryo,ZI/DPGP3,196
ZI,ZI303,haploid_embryo,48.5,DPGP3,ZI/DPGP3,haploid_embryo,ZI/DPGP3,196
ZI,ZI311N,haploid_embryo,46.4,DPGP3,ZI/DPGP3,haploid_embryo,ZI/DPGP3,196
ZI,ZI313,haploid_embryo,44.2,DPGP3,ZI/DPGP3,haploid_embryo,ZI/DPGP3,196
ZI,ZI314,haploid_embryo,46,DPGP3,ZI/DPGP3,haploid_embryo,ZI/DPGP3,196
ZI,ZI316,haploid_embryo,31.7,DPGP3,ZI/DPGP3,haploid_embryo,ZI/DPGP3,196
ZI,ZI317,haploid_embryo,45.6,DPGP3,ZI/DPGP3,haploid_embryo,ZI/DPGP3,196
ZI,ZI319,haploid_embryo,47.7,DPGP3,ZI/DPGP3,haploid_embryo,ZI/DPGP3,196
ZI,ZI31N,haploid_embryo,43.6,DPGP3,ZI/DPGP3,haploid_embryo,ZI/DPGP3,196
ZI,ZI320,haploid_embryo,52.6,DPGP3,ZI/DPGP3,haploid_embryo,ZI/DPGP3,196
ZI,ZI321,haploid_embryo,35.2,DPGP3,ZI/DPGP3,haploid_embryo,ZI/DPGP3,196
ZI,ZI324,haploid_embryo,44.1,DPGP3,ZI/DPGP3,haploid_embryo,ZI/DPGP3,196
ZI,ZI329,haploid_embryo,47.5,DPGP3,ZI/DPGP3,haploid_embryo,ZI/DPGP3,196
ZI,ZI33,haploid_embryo,47.4,DPGP3,ZI/DPGP3,haploid_embryo,ZI/DPGP3,196
ZI,ZI332,haploid_embryo,42.8,DPGP3,ZI/DPGP3,haploid_embryo,ZI/DPGP3,196
ZI,ZI333,haploid_embryo,52.7,DPGP3,ZI/DPGP3,haploid_embryo,ZI/DPGP3,196
ZI,ZI335,haploid_embryo,45.1,DPGP3,ZI/DPGP3,haploid_embryo,ZI/DPGP3,196
ZI,ZI336,haploid_embryo,43.9,DPGP3,ZI/DPGP3,haploid_embryo,ZI/DPGP3,196
ZI,ZI339,haploid_embryo,36.2,DPGP3,ZI/DPGP3,haploid_embryo,ZI/DPGP3,196
ZI,ZI341,haploid_embryo,40.4,DPGP3,ZI/DPGP3,haploid_embryo,ZI/DPGP3,196
ZI,ZI342,haploid_embryo,40.9,DPGP3,ZI/DPGP3,haploid_embryo,ZI/DPGP3,196
ZI,ZI344,haploid_embryo,68.2,DPGP3,ZI/DPGP3,haploid_embryo,ZI/DPGP3,196
ZI,ZI348,haploid_embryo,44.2,DPGP3,ZI/DPGP3,haploid_embryo,ZI/DPGP3,196
ZI,ZI351,haploid_embryo,51.3,DPGP3,ZI/DPGP3,haploid_embryo,ZI/DPGP3,196
ZI,ZI352,haploid_embryo,52.6,DPGP3,ZI/DPGP3,haploid_embryo,ZI/DPGP3,196
ZI,ZI353,haploid_embryo,52.6,DPGP3,ZI/DPGP3,haploid_embryo,ZI/DPGP3,196
ZI,ZI357N,haploid_embryo,34.4,DPGP3,ZI/DPGP3,haploid_embryo,ZI/DPGP3,196
ZI,ZI358,haploid_embryo,39.3,DPGP3,ZI/DPGP3,haploid_embryo,ZI/DPGP3,196
ZI,ZI359,haploid_embryo,43.9,DPGP3,ZI/DPGP3,haploid_embryo,ZI/DPGP3,196
ZI,ZI362,haploid_embryo,47.1,DPGP3,ZI/DPGP3,haploid_embryo,ZI/DPGP3,196
ZI,ZI364,haploid_embryo,42.3,DPGP3,ZI/DPGP3,haploid_embryo,ZI/DPGP3,196
ZI,ZI365,haploid_embryo,32.6,DPGP3,ZI/DPGP3,haploid_embryo,ZI/DPGP3,196
ZI,ZI368,haploid_embryo,46.3,DPGP3,ZI/DPGP3,haploid_embryo,ZI/DPGP3,196
ZI,ZI370,haploid_embryo,40.3,DPGP3,ZI/DPGP3,haploid_embryo,ZI/DPGP3,196
ZI,ZI373,haploid_embryo,37.5,DPGP3,ZI/DPGP3,haploid_embryo,ZI/DPGP3,196
ZI,ZI374,haploid_embryo,47.7,DPGP3,ZI/DPGP3,haploid_embryo,ZI/DPGP3,196
ZI,ZI377,haploid_embryo,43.5,DPGP3,ZI/DPGP3,haploid_embryo,ZI/DPGP3,196
ZI,ZI378,haploid_embryo,46.6,DPGP3,ZI/DPGP3,haploid_embryo,ZI/DPGP3,196
ZI,ZI379,haploid_embryo,40.3,DPGP3,ZI/DPGP3,haploid_embryo,ZI/DPGP3,196
ZI,ZI380,haploid_embryo,34.1,DPGP3,ZI/DPGP3,haploid_embryo,ZI/DPGP3,196
ZI,ZI381,haploid_embryo,54.3,DPGP3,ZI/DPGP3,haploid_embryo,ZI/DPGP3,196
ZI,ZI382,haploid_embryo,39,DPGP3,ZI/DPGP3,haploid_embryo,ZI/DPGP3,196
ZI,ZI384,haploid_embryo,34.7,DPGP3,ZI/DPGP3,haploid_embryo,ZI/DPGP3,196
ZI,ZI386,haploid_embryo,41.5,DPGP3,ZI/DPGP3,haploid_embryo,ZI/DPGP3,196
ZI,ZI392,haploid_embryo,38.2,DPGP3,ZI/DPGP3,haploid_embryo,ZI/DPGP3,196
ZI,ZI394N,haploid_embryo,36.3,DPGP3,ZI/DPGP3,haploid_embryo,ZI/DPGP3,196
ZI,ZI395,haploid_embryo,44.3,DPGP3,ZI/DPGP3,haploid_embryo,ZI/DPGP3,196
ZI,ZI396,haploid_embryo,43.8,DPGP3,ZI/DPGP3,haploid_embryo,ZI/DPGP3,196
ZI,ZI397N,haploid_embryo,39.6,DPGP3,ZI/DPGP3,haploid_embryo,ZI/DPGP3,196
ZI,ZI398,haploid_embryo,34.2,DPGP3,ZI/DPGP3,haploid_embryo,ZI/DPGP3,196
ZI,ZI400,haploid_embryo,35.8,DPGP3,ZI/DPGP3,haploid_embryo,ZI/DPGP3,196
ZI,ZI402,haploid_embryo,40.4,DPGP3,ZI/DPGP3,haploid_embryo,ZI/DPGP3,196
ZI,ZI405,haploid_embryo,41,DPGP3,ZI/DPGP3,haploid_embryo,ZI/DPGP3,196
ZI,ZI413,haploid_embryo,40.4,DPGP3,ZI/DPGP3,haploid_embryo,ZI/DPGP3,196
ZI,ZI418N,haploid_embryo,46.4,DPGP3,ZI/DPGP3,haploid_embryo,ZI/DPGP3,196
ZI,ZI420,haploid_embryo,42.2,DPGP3,ZI/DPGP3,haploid_embryo,ZI/DPGP3,196
ZI,ZI421,haploid_embryo,40.1,DPGP3,ZI/DPGP3,haploid_embryo,ZI/DPGP3,196
ZI,ZI429,haploid_embryo,41.7,DPGP3,ZI/DPGP3,haploid_embryo,ZI/DPGP3,196
ZI,ZI431,haploid_embryo,49.1,DPGP3,ZI/DPGP3,haploid_embryo,ZI/DPGP3,196
ZI,ZI433,haploid_embryo,38.9,DPGP3,ZI/DPGP3,haploid_embryo,ZI/DPGP3,196
ZI,ZI437,haploid_embryo,37.3,DPGP3,ZI/DPGP3,haploid_embryo,ZI/DPGP3,196
ZI,ZI443,haploid_embryo,38.4,DPGP3,ZI/DPGP3,haploid_embryo,ZI/DPGP3,196
ZI,ZI444,haploid_embryo,46.4,DPGP3,ZI/DPGP3,haploid_embryo,ZI/DPGP3,196
ZI,ZI445,haploid_embryo,42.5,DPGP3,ZI/DPGP3,haploid_embryo,ZI/DPGP3,196
ZI,ZI446,haploid_embryo,42.4,DPGP3,ZI/DPGP3,haploid_embryo,ZI/DPGP3,196
ZI,ZI447,haploid_embryo,47.9,DPGP3,ZI/DPGP3,haploid_embryo,ZI/DPGP3,196
ZI,ZI448,haploid_embryo,37.4,DPGP3,ZI/DPGP3,haploid_embryo,ZI/DPGP3,196
ZI,ZI453,haploid_embryo,44.4,DPGP3,ZI/DPGP3,haploid_embryo,ZI/DPGP3,196
ZI,ZI455N,haploid_embryo,44.3,DPGP3,ZI/DPGP3,haploid_embryo,ZI/DPGP3,196
ZI,ZI456,haploid_embryo,48.7,DPGP3,ZI/DPGP3,haploid_embryo,ZI/DPGP3,196
ZI,ZI457,haploid_embryo,41,DPGP3,ZI/DPGP3,haploid_embryo,ZI/DPGP3,196
ZI,ZI458,haploid_embryo,41.4,DPGP3,ZI/DPGP3,haploid_embryo,ZI/DPGP3,196
ZI,ZI460,haploid_embryo,44.9,DPGP3,ZI/DPGP3,haploid_embryo,ZI/DPGP3,196
ZI,ZI466,haploid_embryo,33,DPGP3,ZI/DPGP3,haploid_embryo,ZI/DPGP3,196
ZI,ZI467,haploid_embryo,39.5,DPGP3,ZI/DPGP3,haploid_embryo,ZI/DPGP3,196
ZI,ZI468,haploid_embryo,39.8,DPGP3,ZI/DPGP3,haploid_embryo,ZI/DPGP3,196
ZI,ZI471,haploid_embryo,37.8,DPGP3,ZI/DPGP3,haploid_embryo,ZI/DPGP3,196
ZI,ZI472,haploid_embryo,45.3,DPGP3,ZI/DPGP3,haploid_embryo,ZI/DPGP3,196
ZI,ZI476,haploid_embryo,33.8,DPGP3,ZI/DPGP3,haploid_embryo,ZI/DPGP3,196
ZI,ZI477,haploid_embryo,41,DPGP3,ZI/DPGP3,haploid_embryo,ZI/DPGP3,196
ZI,ZI486,haploid_embryo,51.4,DPGP3,ZI/DPGP3,haploid_embryo,ZI/DPGP3,196
ZI,ZI488,haploid_embryo,42.6,DPGP3,ZI/DPGP3,haploid_embryo,ZI/DPGP3,196
ZI,ZI490,haploid_embryo,41.3,DPGP3,ZI/DPGP3,haploid_embryo,ZI/DPGP3,196
ZI,ZI491,haploid_embryo,42.7,DPGP3,ZI/DPGP3,haploid_embryo,ZI/DPGP3,196
ZI,ZI504,haploid_embryo,35.2,DPGP3,ZI/DPGP3,haploid_embryo,ZI/DPGP3,196
ZI,ZI505,haploid_embryo,57.5,DPGP3,ZI/DPGP3,haploid_embryo,ZI/DPGP3,196
ZI,ZI508,haploid_embryo,40.1,DPGP3,ZI/DPGP3,haploid_embryo,ZI/DPGP3,196
ZI,ZI50N,haploid_embryo,34,DPGP3,ZI/DPGP3,haploid_embryo,ZI/DPGP3,196
ZI,ZI514N,haploid_embryo,66,DPGP3,ZI/DPGP3,haploid_embryo,ZI/DPGP3,196
ZI,ZI517,haploid_embryo,41.7,DPGP3,ZI/DPGP3,haploid_embryo,ZI/DPGP3,196
ZI,ZI523,haploid_embryo,42.6,DPGP3,ZI/DPGP3,haploid_embryo,ZI/DPGP3,196
ZI,ZI524,haploid_embryo,46.7,DPGP3,ZI/DPGP3,haploid_embryo,ZI/DPGP3,196
ZI,ZI527,haploid_embryo,44.8,DPGP3,ZI/DPGP3,haploid_embryo,ZI/DPGP3,196
ZI,ZI530,haploid_embryo,41.3,DPGP3,ZI/DPGP3,haploid_embryo,ZI/DPGP3,196
ZI,ZI56,haploid_embryo,41.8,DPGP3,ZI/DPGP3,haploid_embryo,ZI/DPGP3,196
ZI,ZI59,haploid_embryo,46.3,DPGP3,ZI/DPGP3,haploid_embryo,ZI/DPGP3,196
ZI,ZI61,haploid_embryo,44.1,DPGP3,ZI/DPGP3,haploid_embryo,ZI/DPGP3,196
ZI,ZI68,haploid_embryo,44.7,DPGP3,ZI/DPGP3,haploid_embryo,ZI/DPGP3,196
ZI,ZI76,haploid_embryo,34.6,DPGP3,ZI/DPGP3,haploid_embryo,ZI/DPGP3,196
ZI,ZI81,haploid_embryo,32.7,DPGP3,ZI/DPGP3,haploid_embryo,ZI/DPGP3,196
ZI,ZI85,haploid_embryo,47,DPGP3,ZI/DPGP3,haploid_embryo,ZI/DPGP3,196
ZI,ZI86,haploid_embryo,33.7,DPGP3,ZI/DPGP3,haploid_embryo,ZI/DPGP3,196
ZI,ZI90,haploid_embryo,41.6,DPGP3,ZI/DPGP3,haploid_embryo,ZI/DPGP3,196
ZI,ZI91,haploid_embryo,40.3,DPGP3,ZI/DPGP3,haploid_embryo,ZI/DPGP3,196
ZI,ZI99,haploid_embryo,37.6,DPGP3,ZI/DPGP3,haploid_embryo,ZI/DPGP3,196
ZW,ZW09,inbred_line,12.4,CLARK,ZW/CLARK,inbred_line,ZW/CLARK,9
ZW,ZW139,inbred_line,12.9,CLARK,ZW/CLARK,inbred_line,ZW/CLARK,9
ZW,ZW140,inbred_line,12.7,CLARK,ZW/CLARK,inbred_line,ZW/CLARK,9
ZW,ZW142,inbred_line,12.5,CLARK,ZW/CLARK,inbred_line,ZW/CLARK,9
ZW,ZW144,inbred_line,11.9,CLARK,ZW/CLARK,inbred_line,ZW/CLARK,9
ZW,ZW155,inbred_line,12.2,CLARK,ZW/CLARK,inbred_line,ZW/CLARK,9
ZW,ZW177,inbred_line,12.2,CLARK,ZW/CLARK,inbred_line,ZW/CLARK,9
ZW,ZW184,inbred_line,12.3,CLARK,ZW/CLARK,inbred_line,ZW/CLARK,9
ZW,ZW185,inbred_line,12.3,CLARK,ZW/CLARK,inbred_line,ZW/CLARK,9
SIM,Simulans,inbred_line,NA,SIM,SIM/SIM,inbred_line,SIM/SIM,1
