Run,ReleaseDate,LoadDate,spots,bases,spots_with_mates,avgLength,size_MB,AssemblyName,download_path,Experiment,LibraryName,LibraryStrategy,LibrarySelection,LibrarySource,LibraryLayout,InsertSize,InsertDev,Platform,Model,SRAStudy,BioProject,Study_Pubmed_id,ProjectID,Sample,BioSample,SampleType,TaxID,ScientificName,SampleName,g1k_pop_code,source,g1k_analysis_group,Subject_ID,Sex,Disease,Tumor,Affection_Status,Analyte_Type,Histological_Type,Body_Site,CenterName,Submission,dbgap_study_accession,Consent,RunHash,ReadHash
SRR8439127,2019-01-14 05:24:04,2019-01-14 05:17:48,63554843,19066452900,63554843,300,7102,,https://sra-download.ncbi.nlm.nih.gov/traces/sra75/SRR/008241/SRR8439127,SRX5246581,AT_Mau_15_50,WGS,RANDOM,GENOMIC,PAIRED,0,0,ILLUMINA,HiSeq X Ten,SRP108658,PRJNA388788,,388788,SRS4248854,SAMN10520159,simple,7227,Drosophila melanogaster,AT_Mau_15_50,,,,,male,,no,,,,,INSTITUT DE BIOLOGIA EVOLUTIVA (CSIC-UPF),SRA834373,,public,678DA8E4603403F781F4DAA7B90098BE,7607978433EB41A6B1C486D595A9E5E1
SRR8439143,2019-01-14 05:21:11,2019-01-14 05:14:22,56282184,16884655200,56282184,300,6754,,https://sra-download.ncbi.nlm.nih.gov/traces/sra75/SRR/008241/SRR8439143,SRX5246565,AT_Mau_15_51,WGS,RANDOM,GENOMIC,PAIRED,0,0,ILLUMINA,HiSeq X Ten,SRP108658,PRJNA388788,,388788,SRS4248838,SAMN10520160,simple,7227,Drosophila melanogaster,AT_Mau_15_51,,,,,male,,no,,,,,INSTITUT DE BIOLOGIA EVOLUTIVA (CSIC-UPF),SRA834373,,public,842A562FC522F1F4A7D630E68E8E6091,F3FD721A7B26DFEAB9F221AF13477873
SRR8494439,2019-01-28 05:54:11,2019-01-28 05:46:25,67738976,20457170752,67738976,302,8407,,https://sra-download.ncbi.nlm.nih.gov/traces/sra76/SRR/008295/SRR8494439,SRX5299028,AT_See_16_1,WGS,RANDOM,GENOMIC,PAIRED,0,0,ILLUMINA,HiSeq X Ten,SRP108658,PRJNA388788,,388788,SRS4298037,SAMN10537705,simple,7227,Drosophila melanogaster,AT_See_16_1,,,,,male,,no,,,,,INSTITUT DE BIOLOGIA EVOLUTIVA (CSIC-UPF),SRA840123,,public,E436D02A275A484E88A0DB22AC89E9E2,7699FBF41B09526C5C3989FDC5677BCD
SRR8494459,2019-01-28 05:47:11,2019-01-28 05:43:27,50593468,15279227336,50593468,302,6227,,https://sra-download.ncbi.nlm.nih.gov/traces/sra76/SRR/008295/SRR8494459,SRX5299008,CH_Cha_16_38,WGS,RANDOM,GENOMIC,PAIRED,0,0,ILLUMINA,HiSeq X Ten,SRP108658,PRJNA388788,,388788,SRS4298017,SAMN10537738,simple,7227,Drosophila melanogaster,CH_Cha_16_38,,,,,male,,no,,,,,INSTITUT DE BIOLOGIA EVOLUTIVA (CSIC-UPF),SRA840123,,public,E4BE65DFCEA2859DCA3D077A58D66F5C,7718FC6940A1F02AD13A3019E8146D64
SRR8439148,2019-01-14 05:24:04,2019-01-14 05:16:20,60622865,18186859500,60622865,300,6603,,https://sra-download.ncbi.nlm.nih.gov/traces/sra75/SRR/008241/SRR8439148,SRX5246560,DE_Bro_15_53,WGS,RANDOM,GENOMIC,PAIRED,0,0,ILLUMINA,HiSeq X Ten,SRP108658,PRJNA388788,,388788,SRS4248833,SAMN10520162,simple,7227,Drosophila melanogaster,DE_Bro_15_53,,,,,male,,no,,,,,INSTITUT DE BIOLOGIA EVOLUTIVA (CSIC-UPF),SRA834373,,public,3E6C353CEDB5207AE21077B2555450FC,B3D3BA3F2520C6E3519E0E30F59AD4E4
SRR8439144,2019-01-14 05:24:04,2019-01-14 05:17:26,62094921,18628476300,62094921,300,6749,,https://sra-download.ncbi.nlm.nih.gov/traces/sra75/SRR/008241/SRR8439144,SRX5246564,DE_Bro_15_54,WGS,RANDOM,GENOMIC,PAIRED,0,0,ILLUMINA,HiSeq X Ten,SRP108658,PRJNA388788,,388788,SRS4248837,SAMN10520163,simple,7227,Drosophila melanogaster,DE_Bro_15_54,,,,,male,,no,,,,,INSTITUT DE BIOLOGIA EVOLUTIVA (CSIC-UPF),SRA834373,,public,248B591D6BA2C11F66CC182DD482FB19,925149E0951041FBE3FF7B59BCE18398
SRR8494434,2019-01-28 05:46:11,2019-01-28 05:43:06,51710532,15616580664,51710532,302,6480,,https://sra-download.ncbi.nlm.nih.gov/traces/sra76/SRR/008295/SRR8494434,SRX5299033,DE_Bro_16_10,WGS,RANDOM,GENOMIC,PAIRED,0,0,ILLUMINA,HiSeq X Ten,SRP108658,PRJNA388788,,388788,SRS4298042,SAMN10537714,simple,7227,Drosophila melanogaster,DE_Bro_16_10,,,,,male,,no,,,,,INSTITUT DE BIOLOGIA EVOLUTIVA (CSIC-UPF),SRA840123,,public,D35453DAD38B53083963B7A22FE695FE,60FC28769AF844F3BBE288EA2D0C4EE6
SRR8494452,2019-01-28 05:57:12,2019-01-28 05:48:12,55316001,16705432302,55316001,302,6911,,https://sra-download.ncbi.nlm.nih.gov/traces/sra76/SRR/008295/SRR8494452,SRX5299015,DE_Bro_16_11,WGS,RANDOM,GENOMIC,PAIRED,0,0,ILLUMINA,HiSeq X Ten,SRP108658,PRJNA388788,,388788,SRS4298024,SAMN10537715,simple,7227,Drosophila melanogaster,DE_Bro_16_11,,,,,male,,no,,,,,INSTITUT DE BIOLOGIA EVOLUTIVA (CSIC-UPF),SRA840123,,public,C88A32E3A9669E6F9432560F8C2B56A8,D331FABCAE0DE2D74B7CF139DC158B03
SRR8439125,2019-01-14 05:21:11,2019-01-14 05:14:13,45260835,13578250500,45260835,300,5273,,https://sra-download.ncbi.nlm.nih.gov/traces/sra75/SRR/008241/SRR8439125,SRX5246583,DE_Mun_15_45,WGS,RANDOM,GENOMIC,PAIRED,0,0,ILLUMINA,HiSeq X Ten,SRP108658,PRJNA388788,,388788,SRS4248856,SAMN10520155,simple,7227,Drosophila melanogaster,DE_Mun_15_45,,,,,male,,no,,,,,INSTITUT DE BIOLOGIA EVOLUTIVA (CSIC-UPF),SRA834373,,public,CEC79EA11C207EFEE8A73D2C379E80FD,147FB573A23867A6F27E8971BE385B5C
SRR8439124,2019-01-14 05:17:41,2019-01-14 05:11:54,47841526,14352457800,47841526,300,5721,,https://sra-download.ncbi.nlm.nih.gov/traces/sra75/SRR/008241/SRR8439124,SRX5246584,DE_Mun_15_46,WGS,RANDOM,GENOMIC,PAIRED,0,0,ILLUMINA,HiSeq X Ten,SRP108658,PRJNA388788,,388788,SRS4248857,SAMN10520154,simple,7227,Drosophila melanogaster,DE_Mun_15_46,,,,,male,,no,,,,,INSTITUT DE BIOLOGIA EVOLUTIVA (CSIC-UPF),SRA834373,,public,CCAA0D71BF26C5A8E0E044F41918CF32,2336A7187CFF020FA5CF5F08983378D5
SRR8494451,2019-01-28 05:53:10,2019-01-28 05:47:39,54943749,16593012198,54943749,302,6834,,https://sra-download.ncbi.nlm.nih.gov/traces/sra76/SRR/008295/SRR8494451,SRX5299016,DE_Mun_16_12,WGS,RANDOM,GENOMIC,PAIRED,0,0,ILLUMINA,HiSeq X Ten,SRP108658,PRJNA388788,,388788,SRS4298025,SAMN10537716,simple,7227,Drosophila melanogaster,DE_Mun_16_12,,,,,male,,no,,,,,INSTITUT DE BIOLOGIA EVOLUTIVA (CSIC-UPF),SRA840123,,public,8D4B3C88441EAF18FFC2DB1CAF08970C,433497C11E964EEA70050ACD1A11A3D5
SRR8494454,2019-01-28 05:58:26,2019-01-28 05:51:19,62962727,19014743554,62962727,302,7806,,https://sra-download.ncbi.nlm.nih.gov/traces/sra76/SRR/008295/SRR8494454,SRX5299013,DE_Mun_16_13,WGS,RANDOM,GENOMIC,PAIRED,0,0,ILLUMINA,HiSeq X Ten,SRP108658,PRJNA388788,,388788,SRS4298022,SAMN10537717,simple,7227,Drosophila melanogaster,DE_Mun_16_13,,,,,male,,no,,,,,INSTITUT DE BIOLOGIA EVOLUTIVA (CSIC-UPF),SRA840123,,public,6D7C3CCB0C1B5DFE8424EB133ADD8D0B,52189A952291C52DB03D9691337A63A9
SRR8494440,2019-01-28 06:02:11,2019-01-28 05:54:21,67615015,20419734530,67615015,302,8363,,https://sra-download.ncbi.nlm.nih.gov/traces/sra76/SRR/008295/SRR8494440,SRX5299027,DK_Kar_16_2,WGS,RANDOM,GENOMIC,PAIRED,0,0,ILLUMINA,HiSeq X Ten,SRP108658,PRJNA388788,,388788,SRS4298036,SAMN10537706,simple,7227,Drosophila melanogaster,DK_Kar_16_2,,,,,male,,no,,,,,INSTITUT DE BIOLOGIA EVOLUTIVA (CSIC-UPF),SRA840123,,public,E9BD43F6A949F71317651E53567321E8,F1649EBDF265E3A1043979D2DEF6C590
SRR8494438,2019-01-28 06:02:11,2019-01-28 05:52:47,60851081,18377026462,60851081,302,7569,,https://sra-download.ncbi.nlm.nih.gov/traces/sra76/SRR/008295/SRR8494438,SRX5299029,DK_Kar_16_3,WGS,RANDOM,GENOMIC,PAIRED,0,0,ILLUMINA,HiSeq X Ten,SRP108658,PRJNA388788,,388788,SRS4298038,SAMN10537707,simple,7227,Drosophila melanogaster,DK_Kar_16_3,,,,,male,,no,,,,,INSTITUT DE BIOLOGIA EVOLUTIVA (CSIC-UPF),SRA840123,,public,1CADD52D4B2BF87E57586E5848705228,98BA02FA05237A8A99659C3133EB9533
SRR8494437,2019-01-28 06:08:13,2019-01-28 05:57:27,70746995,21365592490,70746995,302,8889,,https://sra-download.ncbi.nlm.nih.gov/traces/sra76/SRR/008295/SRR8494437,SRX5299030,DK_Kar_16_4,WGS,RANDOM,GENOMIC,PAIRED,0,0,ILLUMINA,HiSeq X Ten,SRP108658,PRJNA388788,,388788,SRS4298039,SAMN10537708,simple,7227,Drosophila melanogaster,DK_Kar_16_4,,,,,male,,no,,,,,INSTITUT DE BIOLOGIA EVOLUTIVA (CSIC-UPF),SRA840123,,public,46303478A9EC9B77A4B6F158763880B1,51396D6AD3D654A2D9E83C08DE741A68
SRR8494475,2019-01-28 05:53:10,2019-01-28 05:47:23,54983156,16604913112,54983156,302,6793,,https://sra-download.ncbi.nlm.nih.gov/traces/sra76/SRR/008295/SRR8494475,SRX5298992,ES_Ben_16_32,WGS,RANDOM,GENOMIC,PAIRED,0,0,ILLUMINA,HiSeq X Ten,SRP108658,PRJNA388788,,388788,SRS4298001,SAMN10537732,simple,7227,Drosophila melanogaster,ES_Ben_16_32,,,,,male,,no,,,,,INSTITUT DE BIOLOGIA EVOLUTIVA (CSIC-UPF),SRA840123,,public,30D8EDB16C20F666CC5A0891A7F70F79,618414292555DA633E5BA4DB2D31A0F1
SRR8439138,2019-01-14 05:21:11,2019-01-14 05:14:29,46381217,13914365100,46381217,300,5406,,https://sra-download.ncbi.nlm.nih.gov/traces/sra75/SRR/008241/SRR8439138,SRX5246570,ES_Gim_15_30,WGS,RANDOM,GENOMIC,PAIRED,0,0,ILLUMINA,HiSeq X Ten,SRP108658,PRJNA388788,,388788,SRS4248843,SAMN10520139,simple,7227,Drosophila melanogaster,ES_Gim_15_30,,,,,male,,no,,,,,INSTITUT DE BIOLOGIA EVOLUTIVA (CSIC-UPF),SRA834373,,public,ABE60BA2DAB0869B8E077E673EE14880,BC9F588F2257E335596007066ABA16C1
SRR8494470,2019-01-28 05:57:12,2019-01-28 05:52:13,60825422,18369277444,60825422,302,7543,,https://sra-download.ncbi.nlm.nih.gov/traces/sra76/SRR/008295/SRR8494470,SRX5298997,ES_Gim_16_33,WGS,RANDOM,GENOMIC,PAIRED,0,0,ILLUMINA,HiSeq X Ten,SRP108658,PRJNA388788,,388788,SRS4298006,SAMN10537733,simple,7227,Drosophila melanogaster,ES_Gim_16_33,,,,,male,,no,,,,,INSTITUT DE BIOLOGIA EVOLUTIVA (CSIC-UPF),SRA840123,,public,99E4028DEE4DD483FDC4D25AB116B8B1,9548C57D47B2E48F983BAB8738E6D858
SRR8494472,2019-01-28 05:56:14,2019-01-28 05:48:43,52496655,15853989810,52496655,302,6596,,https://sra-download.ncbi.nlm.nih.gov/traces/sra76/SRR/008295/SRR8494472,SRX5298995,ES_Gim_16_34,WGS,RANDOM,GENOMIC,PAIRED,0,0,ILLUMINA,HiSeq X Ten,SRP108658,PRJNA388788,,388788,SRS4298004,SAMN10537734,simple,7227,Drosophila melanogaster,ES_Gim_16_34,,,,,male,,no,,,,,INSTITUT DE BIOLOGIA EVOLUTIVA (CSIC-UPF),SRA840123,,public,E3AE65B3D65EBDFF80A17C22992C895E,C213CA8EB7BF196195A040BCB5C1919A
SRR8494462,2019-01-28 05:54:11,2019-01-28 05:48:37,53486129,16152810958,53486129,302,6643,,https://sra-download.ncbi.nlm.nih.gov/traces/sra76/SRR/008295/SRR8494462,SRX5299005,ES_Pur_16_35,WGS,RANDOM,GENOMIC,PAIRED,0,0,ILLUMINA,HiSeq X Ten,SRP108658,PRJNA388788,,388788,SRS4298014,SAMN10537735,simple,7227,Drosophila melanogaster,ES_Pur_16_35,,,,,male,,no,,,,,INSTITUT DE BIOLOGIA EVOLUTIVA (CSIC-UPF),SRA840123,,public,E8B8A8A698498370D9031352AC46518F,866BA6FBD99F32436D281D34180DA386
SRR8439136,2019-01-14 05:14:08,2019-01-14 05:10:34,45327364,13598209200,45327364,300,5285,,https://sra-download.ncbi.nlm.nih.gov/traces/sra75/SRR/008241/SRR8439136,SRX5246572,ES_Tom_15_28,WGS,RANDOM,GENOMIC,PAIRED,0,0,ILLUMINA,HiSeq X Ten,SRP108658,PRJNA388788,,388788,SRS4248845,SAMN10520137,simple,7227,Drosophila melanogaster,ES_Tom_15_28,,,,,male,,no,,,,,INSTITUT DE BIOLOGIA EVOLUTIVA (CSIC-UPF),SRA834373,,public,17FDD60C0A377D5B84976301109AB291,A7203D9294298E61211E4708C2DC56D5
SRR8439137,2019-01-14 05:21:11,2019-01-14 05:13:23,51041865,15312559500,51041865,300,5962,,https://sra-download.ncbi.nlm.nih.gov/traces/sra75/SRR/008241/SRR8439137,SRX5246571,ES_Tom_15_29,WGS,RANDOM,GENOMIC,PAIRED,0,0,ILLUMINA,HiSeq X Ten,SRP108658,PRJNA388788,,388788,SRS4248844,SAMN10520138,simple,7227,Drosophila melanogaster,ES_Tom_15_29,,,,,male,,no,,,,,INSTITUT DE BIOLOGIA EVOLUTIVA (CSIC-UPF),SRA834373,,public,768C885DC102AD5679C40A2035400CFE,6ABFFE9539164B059FE41A1DAACBCFFD
SRR8494461,2019-01-28 06:02:11,2019-01-28 05:55:44,67048770,20248728540,67048770,302,8378,,https://sra-download.ncbi.nlm.nih.gov/traces/sra76/SRR/008295/SRR8494461,SRX5299006,ES_Tom_16_36,WGS,RANDOM,GENOMIC,PAIRED,0,0,ILLUMINA,HiSeq X Ten,SRP108658,PRJNA388788,,388788,SRS4298015,SAMN10537736,simple,7227,Drosophila melanogaster,ES_Tom_16_36,,,,,male,,no,,,,,INSTITUT DE BIOLOGIA EVOLUTIVA (CSIC-UPF),SRA840123,,public,1390DBE00566780383EF6B1386A05BC5,F42828A7589FEED5B72E94EB99C19A50
SRR8494460,2019-01-28 05:58:26,2019-01-28 05:53:21,52490895,15852250290,52490895,302,6485,,https://sra-download.ncbi.nlm.nih.gov/traces/sra76/SRR/008295/SRR8494460,SRX5299007,ES_Tom_16_37,WGS,RANDOM,GENOMIC,PAIRED,0,0,ILLUMINA,HiSeq X Ten,SRP108658,PRJNA388788,,388788,SRS4298016,SAMN10537737,simple,7227,Drosophila melanogaster,ES_Tom_16_37,,,,,male,,no,,,,,INSTITUT DE BIOLOGIA EVOLUTIVA (CSIC-UPF),SRA840123,,public,9F4C69297E2FEFD0B38BFDEDE4D7FED9,7CD824623D81F0105B5FA15A5C0D4E6B
SRR8494445,2019-01-28 05:51:14,2019-01-28 05:44:58,46690131,14100419562,46690131,302,5818,,https://sra-download.ncbi.nlm.nih.gov/traces/sra76/SRR/008295/SRR8494445,SRX5299022,FI_Aka_16_5,WGS,RANDOM,GENOMIC,PAIRED,0,0,ILLUMINA,HiSeq X Ten,SRP108658,PRJNA388788,,388788,SRS4298031,SAMN10537709,simple,7227,Drosophila melanogaster,FI_Aka_16_5,,,,,male,,no,,,,,INSTITUT DE BIOLOGIA EVOLUTIVA (CSIC-UPF),SRA840123,,public,691112F1B5F5F367A029610F60AD7C65,4D2811B96879F879B546764BB508BAC6
SRR8494443,2019-01-28 05:55:11,2019-01-28 05:49:26,64071638,19349634676,64071638,302,7956,,https://sra-download.ncbi.nlm.nih.gov/traces/sra76/SRR/008295/SRR8494443,SRX5299024,FI_Aka_16_6,WGS,RANDOM,GENOMIC,PAIRED,0,0,ILLUMINA,HiSeq X Ten,SRP108658,PRJNA388788,,388788,SRS4298033,SAMN10537710,simple,7227,Drosophila melanogaster,FI_Aka_16_6,,,,,male,,no,,,,,INSTITUT DE BIOLOGIA EVOLUTIVA (CSIC-UPF),SRA840123,,public,66757FA9A68510C851424DF513F6975C,D9AE22E332198943EAFE49895737E349
SRR8494442,2019-01-28 06:02:11,2019-01-28 05:54:54,69259310,20916311620,69259310,302,8589,,https://sra-download.ncbi.nlm.nih.gov/traces/sra76/SRR/008295/SRR8494442,SRX5299025,FI_Ves_16_7,WGS,RANDOM,GENOMIC,PAIRED,0,0,ILLUMINA,HiSeq X Ten,SRP108658,PRJNA388788,,388788,SRS4298034,SAMN10537711,simple,7227,Drosophila melanogaster,FI_Ves_16_7,,,,,male,,no,,,,,INSTITUT DE BIOLOGIA EVOLUTIVA (CSIC-UPF),SRA840123,,public,6F4030837FCAF2436656FD4ED9F71784,0A705F483552ECA837E4A041FDDE320F
SRR8439122,2019-01-14 05:24:04,2019-01-14 05:21:03,47654870,14296461000,47654870,300,5532,,https://sra-download.ncbi.nlm.nih.gov/traces/sra75/SRR/008241/SRR8439122,SRX5246586,FR_Got_15_47,WGS,RANDOM,GENOMIC,PAIRED,0,0,ILLUMINA,HiSeq X Ten,SRP108658,PRJNA388788,,388788,SRS4248859,SAMN10520156,simple,7227,Drosophila melanogaster,FR_Got_15_47,,,,,male,,no,,,,,INSTITUT DE BIOLOGIA EVOLUTIVA (CSIC-UPF),SRA834373,,public,EBFA3415CF0F81C648A76200CC6FCDAE,39EA944216BC218B677E9DD6BF3546BE
SRR8439123,2019-01-14 05:16:11,2019-01-14 05:11:08,48018863,14405658900,48018863,300,5782,,https://sra-download.ncbi.nlm.nih.gov/traces/sra75/SRR/008241/SRR8439123,SRX5246585,FR_Got_15_48,WGS,RANDOM,GENOMIC,PAIRED,0,0,ILLUMINA,HiSeq X Ten,SRP108658,PRJNA388788,,388788,SRS4248858,SAMN10520157,simple,7227,Drosophila melanogaster,FR_Got_15_48,,,,,male,,no,,,,,INSTITUT DE BIOLOGIA EVOLUTIVA (CSIC-UPF),SRA834373,,public,1306EA77244A8DF4185C30A5848E7AC1,F279D1F29FB280F68648012B99621D3E
SRR8439126,2019-01-14 05:21:11,2019-01-14 05:15:09,47019729,14105918700,47019729,300,5647,,https://sra-download.ncbi.nlm.nih.gov/traces/sra75/SRR/008241/SRR8439126,SRX5246582,FR_Got_15_49,WGS,RANDOM,GENOMIC,PAIRED,0,0,ILLUMINA,HiSeq X Ten,SRP108658,PRJNA388788,,388788,SRS4248855,SAMN10520158,simple,7227,Drosophila melanogaster,FR_Got_15_49,,,,,male,,no,,,,,INSTITUT DE BIOLOGIA EVOLUTIVA (CSIC-UPF),SRA834373,,public,7404126EFA99F26C19FBE0C296BFC035,216A8F02869B5C4F7D9C3D5B539AB788
SRR8494447,2019-01-28 05:56:14,2019-01-28 05:46:32,58424640,17644241280,58424640,302,7327,,https://sra-download.ncbi.nlm.nih.gov/traces/sra76/SRR/008295/SRR8494447,SRX5299020,FR_Got_16_8,WGS,RANDOM,GENOMIC,PAIRED,0,0,ILLUMINA,HiSeq X Ten,SRP108658,PRJNA388788,,388788,SRS4298029,SAMN10537712,simple,7227,Drosophila melanogaster,FR_Got_16_8,,,,,male,,no,,,,,INSTITUT DE BIOLOGIA EVOLUTIVA (CSIC-UPF),SRA840123,,public,26AF0290D432D812E43501ED0B2CD39E,6CCCC5941F2ABB2E290D4AEEAA4B6095
SRR8439120,2019-01-14 05:21:11,2019-01-14 05:14:18,47560248,14268074400,47560248,300,5528,,https://sra-download.ncbi.nlm.nih.gov/traces/sra75/SRR/008241/SRR8439120,SRX5246588,FR_Vil_15_41,WGS,RANDOM,GENOMIC,PAIRED,0,0,ILLUMINA,HiSeq X Ten,SRP108658,PRJNA388788,,388788,SRS4248861,SAMN10520150,simple,7227,Drosophila melanogaster,FR_Vil_15_41,,,,,male,,no,,,,,INSTITUT DE BIOLOGIA EVOLUTIVA (CSIC-UPF),SRA834373,,public,364CBCAEF9D6BE33A48641160CCFB8A5,0A8B4773F234C30C3249D89D61B435CC
SRR8494435,2019-01-28 05:57:12,2019-01-28 05:51:45,57963111,17504859522,57963111,302,7220,,https://sra-download.ncbi.nlm.nih.gov/traces/sra76/SRR/008295/SRR8494435,SRX5299032,FR_Vil_16_9,WGS,RANDOM,GENOMIC,PAIRED,0,0,ILLUMINA,HiSeq X Ten,SRP108658,PRJNA388788,,388788,SRS4298041,SAMN10537713,simple,7227,Drosophila melanogaster,FR_Vil_16_9,,,,,male,,no,,,,,INSTITUT DE BIOLOGIA EVOLUTIVA (CSIC-UPF),SRA840123,,public,9A6EE706051A37FCADA41635C0A070C8,8AB8CA43E3D8EBE97737FA1966D47364
SRR8439114,2019-01-14 05:22:11,2019-01-14 05:16:21,50056404,15016921200,50056404,300,5993,,https://sra-download.ncbi.nlm.nih.gov/traces/sra75/SRR/008241/SRR8439114,SRX5246595,GS_Des_15_1,WGS,RANDOM,GENOMIC,PAIRED,0,0,ILLUMINA,HiSeq X Ten,SRP108658,PRJNA388788,,388788,SRS4248868,SAMN10520110,simple,7227,Drosophila melanogaster,GS_Des_15_1,,,,,male,,no,,,,,INSTITUT DE BIOLOGIA EVOLUTIVA (CSIC-UPF),SRA834373,,public,141B88DDDF6955A59F7DC00012692996,90BC436E40C3B50AD17B8EBC0FA3EBCD
SRR8439112,2019-01-14 05:21:12,2019-01-14 05:14:23,51352413,15405723900,51352413,300,6098,,https://sra-download.ncbi.nlm.nih.gov/traces/sra75/SRR/008241/SRR8439112,SRX5246596,GS_Sai_15_2,WGS,RANDOM,GENOMIC,PAIRED,0,0,ILLUMINA,HiSeq X Ten,SRP108658,PRJNA388788,,388788,SRS4248869,SAMN10520111,simple,7227,Drosophila melanogaster,GS_Sai_15_2,,,,,male,,no,,,,,INSTITUT DE BIOLOGIA EVOLUTIVA (CSIC-UPF),SRA834373,,public,054D3D781FC56A92EEF1BCF3AB257027,9317BF3B94EF1A903AA25759C6A47DDC
SRR8494453,2019-01-28 05:58:26,2019-01-28 05:46:58,52495491,15853638282,52495491,302,6494,,https://sra-download.ncbi.nlm.nih.gov/traces/sra76/SRR/008295/SRR8494453,SRX5299014,HU_Sze_16_14,WGS,RANDOM,GENOMIC,PAIRED,0,0,ILLUMINA,HiSeq X Ten,SRP108658,PRJNA388788,,388788,SRS4298023,SAMN10537718,simple,7227,Drosophila melanogaster,HU_Sze_16_14,,,,,male,,no,,,,,INSTITUT DE BIOLOGIA EVOLUTIVA (CSIC-UPF),SRA840123,,public,90BDCEB109D1AD1A7E85A79DDBDBDFE4,F664D437B8FE13CF025C23A24505C33D
SRR8439118,2019-01-14 05:21:11,2019-01-14 05:15:30,50636755,15191026500,50636755,300,5915,,https://sra-download.ncbi.nlm.nih.gov/traces/sra75/SRR/008241/SRR8439118,SRX5246590,IT_Mez_15_43,WGS,RANDOM,GENOMIC,PAIRED,0,0,ILLUMINA,HiSeq X Ten,SRP108658,PRJNA388788,,388788,SRS4248863,SAMN10520152,simple,7227,Drosophila melanogaster,IT_Mez_15_43,,,,,male,,no,,,,,INSTITUT DE BIOLOGIA EVOLUTIVA (CSIC-UPF),SRA834373,,public,2F5A5A0FD07A92EA020E650731E657BA,D68655502E144CC2D980389A35829A30
SRR8439119,2019-01-14 05:16:11,2019-01-14 05:11:30,47133262,14139978600,47133262,300,5482,,https://sra-download.ncbi.nlm.nih.gov/traces/sra75/SRR/008241/SRR8439119,SRX5246589,IT_Mez_15_44,WGS,RANDOM,GENOMIC,PAIRED,0,0,ILLUMINA,HiSeq X Ten,SRP108658,PRJNA388788,,388788,SRS4248862,SAMN10520153,simple,7227,Drosophila melanogaster,IT_Mez_15_44,,,,,male,,no,,,,,INSTITUT DE BIOLOGIA EVOLUTIVA (CSIC-UPF),SRA834373,,public,1255C5581CEFF37D0ACFDAC3E47950AF,48E5D54152A7BB9DB3F291528036A61C
SRR8494456,2019-01-28 05:54:11,2019-01-28 05:47:58,57485613,17360655126,57485613,302,7032,,https://sra-download.ncbi.nlm.nih.gov/traces/sra76/SRR/008295/SRR8494456,SRX5299011,IT_Tre_16_15,WGS,RANDOM,GENOMIC,PAIRED,0,0,ILLUMINA,HiSeq X Ten,SRP108658,PRJNA388788,,388788,SRS4298020,SAMN10537719,simple,7227,Drosophila melanogaster,IT_Tre_16_15,,,,,male,,no,,,,,INSTITUT DE BIOLOGIA EVOLUTIVA (CSIC-UPF),SRA840123,,public,D3890CFBBC1898C25331287421D36CA4,64C601F824432A7FD41DD6F188249F7F
SRR8494458,2019-01-28 06:08:13,2019-01-28 05:56:43,62393295,18842775090,62393295,302,7755,,https://sra-download.ncbi.nlm.nih.gov/traces/sra76/SRR/008295/SRR8494458,SRX5299009,PO_Brz_16_17,WGS,RANDOM,GENOMIC,PAIRED,0,0,ILLUMINA,HiSeq X Ten,SRP108658,PRJNA388788,,388788,SRS4298018,SAMN10537721,simple,7227,Drosophila melanogaster,PO_Brz_16_17,,,,,male,,no,,,,,INSTITUT DE BIOLOGIA EVOLUTIVA (CSIC-UPF),SRA840123,,public,8125C486FD0AA46895549DCAF9787F40,3368AA8049254FB3D6A8CE3CD052A6B2
SRR8494455,2019-01-28 06:02:11,2019-01-28 05:55:47,58336777,17617706654,58336777,302,7333,,https://sra-download.ncbi.nlm.nih.gov/traces/sra76/SRR/008295/SRR8494455,SRX5299012,PO_Gda_16_16,WGS,RANDOM,GENOMIC,PAIRED,0,0,ILLUMINA,HiSeq X Ten,SRP108658,PRJNA388788,,388788,SRS4298021,SAMN10537720,simple,7227,Drosophila melanogaster,PO_Gda_16_16,,,,,male,,no,,,,,INSTITUT DE BIOLOGIA EVOLUTIVA (CSIC-UPF),SRA840123,,public,32DB92C453E53183AF150140CDB6A478,2C995B221434D7762BF8E0E15896FF52
SRR8494457,2019-01-28 06:11:17,2019-01-28 06:05:40,78809947,23800603994,78809947,302,9835,,https://sra-download.ncbi.nlm.nih.gov/traces/sra76/SRR/008295/SRR8494457,SRX5299010,PT_Rec_16_18,WGS,RANDOM,GENOMIC,PAIRED,0,0,ILLUMINA,HiSeq X Ten,SRP108658,PRJNA388788,,388788,SRS4298019,SAMN10537722,simple,7227,Drosophila melanogaster,PT_Rec_16_18,,,,,male,,no,,,,,INSTITUT DE BIOLOGIA EVOLUTIVA (CSIC-UPF),SRA840123,,public,6882EF37AE5A8BDFB243BAD77E1D5417,A9C3C08A000B7C3596E185FA3C605DEF
SRR8494479,2019-01-28 06:08:13,2019-01-28 05:57:42,57686242,17421245084,57686242,302,7167,,https://sra-download.ncbi.nlm.nih.gov/traces/sra76/SRR/008295/SRR8494479,SRX5298988,RS_Kal_16_28,WGS,RANDOM,GENOMIC,PAIRED,0,0,ILLUMINA,HiSeq X Ten,SRP108658,PRJNA388788,,388788,SRS4297997,SAMN10537728,simple,7227,Drosophila melanogaster,RS_Kal_16_28,,,,,male,,no,,,,,INSTITUT DE BIOLOGIA EVOLUTIVA (CSIC-UPF),SRA840123,,public,A19BE75E3C3C34171E8EF70A23AD650D,7F1F8595BD8591D7EB75781857797BFA
SRR8494471,2019-01-28 06:08:13,2019-01-28 05:58:17,71452574,21578677348,71452574,302,8828,,https://sra-download.ncbi.nlm.nih.gov/traces/sra76/SRR/008295/SRR8494471,SRX5298996,RS_Kal_16_29,WGS,RANDOM,GENOMIC,PAIRED,0,0,ILLUMINA,HiSeq X Ten,SRP108658,PRJNA388788,,388788,SRS4298005,SAMN10537729,simple,7227,Drosophila melanogaster,RS_Kal_16_29,,,,,male,,no,,,,,INSTITUT DE BIOLOGIA EVOLUTIVA (CSIC-UPF),SRA840123,,public,32A1E319E416336538E90CA6C6424A5A,F60E00C82F1090F4ADB9A34CEF8AE0D5
SRR8494473,2019-01-28 06:02:11,2019-01-28 05:47:33,53171378,16057756156,53171378,302,6540,,https://sra-download.ncbi.nlm.nih.gov/traces/sra76/SRR/008295/SRR8494473,SRX5298994,RS_Sla_16_30,WGS,RANDOM,GENOMIC,PAIRED,0,0,ILLUMINA,HiSeq X Ten,SRP108658,PRJNA388788,,388788,SRS4298003,SAMN10537730,simple,7227,Drosophila melanogaster,RS_Sla_16_30,,,,,male,,no,,,,,INSTITUT DE BIOLOGIA EVOLUTIVA (CSIC-UPF),SRA840123,,public,F3E7F48D6A3AE628A13785805569E27B,5DFAE42BD5FB7E22EB49B9676A5F8E30
SRR8494474,2019-01-28 05:53:10,2019-01-28 05:45:36,56052229,16927773158,56052229,302,6900,,https://sra-download.ncbi.nlm.nih.gov/traces/sra76/SRR/008295/SRR8494474,SRX5298993,RS_Sla_16_31,WGS,RANDOM,GENOMIC,PAIRED,0,0,ILLUMINA,HiSeq X Ten,SRP108658,PRJNA388788,,388788,SRS4298002,SAMN10537731,simple,7227,Drosophila melanogaster,RS_Sla_16_31,,,,,male,,no,,,,,INSTITUT DE BIOLOGIA EVOLUTIVA (CSIC-UPF),SRA840123,,public,D29BE8D36B0FEBDD9EE4324DEE934641,E13DE5ACD6AC8269D1B93C5218A0CEB7
SRR8439141,2019-01-14 05:16:11,2019-01-14 05:11:30,45540505,13662151500,45540505,300,5007,,https://sra-download.ncbi.nlm.nih.gov/traces/sra75/SRR/008241/SRR8439141,SRX5246567,RU_Ale_15_55,WGS,RANDOM,GENOMIC,PAIRED,0,0,ILLUMINA,HiSeq X Ten,SRP108658,PRJNA388788,,388788,SRS4248840,SAMN10520164,simple,7227,Drosophila melanogaster,RU_Ale_15_55,,,,,male,,no,,,,,INSTITUT DE BIOLOGIA EVOLUTIVA (CSIC-UPF),SRA834373,,public,3EED3FA602EFEC870BB58A87136CFB2E,4290135599FAD806D36E8778E7AFEB13
SRR8494476,2019-01-28 05:55:11,2019-01-28 05:49:09,56196889,16971460478,56196889,302,6994,,https://sra-download.ncbi.nlm.nih.gov/traces/sra76/SRR/008295/SRR8494476,SRX5298991,RU_Ale_16_22,WGS,RANDOM,GENOMIC,PAIRED,0,0,ILLUMINA,HiSeq X Ten,SRP108658,PRJNA388788,,388788,SRS4298000,SAMN10537726,simple,7227,Drosophila melanogaster,RU_Ale_16_22,,,,,male,,no,,,,,INSTITUT DE BIOLOGIA EVOLUTIVA (CSIC-UPF),SRA840123,,public,1280FCEB373AAF0420EF8C78F25D1C1E,B595A1114C67AAAD30CB56CAA0412618
SRR8494449,2019-01-28 05:58:26,2019-01-28 05:50:39,61611251,18606597802,61611251,302,8000,,https://sra-download.ncbi.nlm.nih.gov/traces/sra76/SRR/008295/SRR8494449,SRX5299018,RU_Val_16_19,WGS,RANDOM,GENOMIC,PAIRED,0,0,ILLUMINA,HiSeq X Ten,SRP108658,PRJNA388788,,388788,SRS4298027,SAMN10537723,simple,7227,Drosophila melanogaster,RU_Val_16_19,,,,,male,,no,,,,,INSTITUT DE BIOLOGIA EVOLUTIVA (CSIC-UPF),SRA840123,,public,DBB623511F2072EC9786F75811C4B978,49FC76308189BB0C5365DE0D5ABE8AA7
SRR8494450,2019-01-28 06:08:13,2019-01-28 05:57:07,65302474,19721347148,65302474,302,8131,,https://sra-download.ncbi.nlm.nih.gov/traces/sra76/SRR/008295/SRR8494450,SRX5299017,RU_Val_16_20,WGS,RANDOM,GENOMIC,PAIRED,0,0,ILLUMINA,HiSeq X Ten,SRP108658,PRJNA388788,,388788,SRS4298026,SAMN10537724,simple,7227,Drosophila melanogaster,RU_Val_16_20,,,,,male,,no,,,,,INSTITUT DE BIOLOGIA EVOLUTIVA (CSIC-UPF),SRA840123,,public,5B038EEAC230EB617580899E89B930CD,1B7BFDCF6ACB0125A812260DD12AE057
SRR8494477,2019-01-28 06:08:13,2019-01-28 05:59:23,72883252,22010742104,72883252,302,8994,,https://sra-download.ncbi.nlm.nih.gov/traces/sra76/SRR/008295/SRR8494477,SRX5298990,RU_Val_16_21,WGS,RANDOM,GENOMIC,PAIRED,0,0,ILLUMINA,HiSeq X Ten,SRP108658,PRJNA388788,,388788,SRS4297999,SAMN10537725,simple,7227,Drosophila melanogaster,RU_Val_16_21,,,,,male,,no,,,,,INSTITUT DE BIOLOGIA EVOLUTIVA (CSIC-UPF),SRA840123,,public,EA6B06D55E60621EB723D25F9E6E6AED,6F9AA922309E130FCC5E0F7A045D4DDD
SRR8439113,2019-01-14 05:21:12,2019-01-14 05:13:45,53312584,15993775200,53312584,300,6213,,https://sra-download.ncbi.nlm.nih.gov/traces/sra75/SRR/008241/SRR8439113,SRX5246594,TR_Yes_15_3,WGS,RANDOM,GENOMIC,PAIRED,0,0,ILLUMINA,HiSeq X Ten,SRP108658,PRJNA388788,,388788,SRS4248867,SAMN10520112,simple,7227,Drosophila melanogaster,TR_Yes_15_3,,,,,male,,no,,,,,INSTITUT DE BIOLOGIA EVOLUTIVA (CSIC-UPF),SRA834373,,public,F4CEC78736CF5D478AB6ECFFAE791C5C,E17F5540636224D21DB4F83ADBF4E781
SRR8439111,2019-01-14 05:16:11,2019-01-14 05:11:23,51398859,15419657700,51398859,300,5850,,https://sra-download.ncbi.nlm.nih.gov/traces/sra75/SRR/008241/SRR8439111,SRX5246597,TR_Yes_15_4,WGS,RANDOM,GENOMIC,PAIRED,0,0,ILLUMINA,HiSeq X Ten,SRP108658,PRJNA388788,,388788,SRS4248870,SAMN10520113,simple,7227,Drosophila melanogaster,TR_Yes_15_4,,,,,male,,no,,,,,INSTITUT DE BIOLOGIA EVOLUTIVA (CSIC-UPF),SRA834373,,public,A6AA8DDB3F49092C9FC067EEF0389F72,DC78F87DFC38326AB2CB774221BBECB8
SRR8439110,2019-01-14 05:24:04,2019-01-14 05:17:37,59548127,17864438100,59548127,300,6835,,https://sra-download.ncbi.nlm.nih.gov/traces/sra75/SRR/008241/SRR8439110,SRX5246598,TR_Yes_15_5,WGS,RANDOM,GENOMIC,PAIRED,0,0,ILLUMINA,HiSeq X Ten,SRP108658,PRJNA388788,,388788,SRS4248871,SAMN10520114,simple,7227,Drosophila melanogaster,TR_Yes_15_5,,,,,male,,no,,,,,INSTITUT DE BIOLOGIA EVOLUTIVA (CSIC-UPF),SRA834373,,public,BE3CE4B3E5EA42CB2788AA41B3589306,E866DA8CDB4FBAE6BC35DA84E90458F9
SRR8439109,2019-01-14 05:22:11,2019-01-14 05:14:40,60537681,18161304300,60537681,300,6898,,https://sra-download.ncbi.nlm.nih.gov/traces/sra75/SRR/008241/SRR8439109,SRX5246599,TR_Yes_15_6,WGS,RANDOM,GENOMIC,PAIRED,0,0,ILLUMINA,HiSeq X Ten,SRP108658,PRJNA388788,,388788,SRS4248872,SAMN10520115,simple,7227,Drosophila melanogaster,TR_Yes_15_6,,,,,male,,no,,,,,INSTITUT DE BIOLOGIA EVOLUTIVA (CSIC-UPF),SRA834373,,public,4FA5F153F331F71678A5ED9C327830DA,D32651F8FF78F298235822C6D882D11F
SRR8439108,2019-01-14 05:22:11,2019-01-14 05:17:26,53049708,15914912400,53049708,300,6154,,https://sra-download.ncbi.nlm.nih.gov/traces/sra75/SRR/008241/SRR8439108,SRX5246600,TR_Yes_15_7,WGS,RANDOM,GENOMIC,PAIRED,0,0,ILLUMINA,HiSeq X Ten,SRP108658,PRJNA388788,,388788,SRS4248873,SAMN10520116,simple,7227,Drosophila melanogaster,TR_Yes_15_7,,,,,male,,no,,,,,INSTITUT DE BIOLOGIA EVOLUTIVA (CSIC-UPF),SRA834373,,public,5CCAA35FDD338B1CFD9C4F52CAFB136C,CD83330EA43945F35D7BF59CFD5FD363
SRR8439107,2019-01-14 05:22:11,2019-01-14 05:14:57,55011053,16503315900,55011053,300,6546,,https://sra-download.ncbi.nlm.nih.gov/traces/sra75/SRR/008241/SRR8439107,SRX5246601,TR_Yes_15_8,WGS,RANDOM,GENOMIC,PAIRED,0,0,ILLUMINA,HiSeq X Ten,SRP108658,PRJNA388788,,388788,SRS4248874,SAMN10520117,simple,7227,Drosophila melanogaster,TR_Yes_15_8,,,,,male,,no,,,,,INSTITUT DE BIOLOGIA EVOLUTIVA (CSIC-UPF),SRA834373,,public,3DBE75CA31393FA6D5060E5DC295821F,1EE84E17B5882959DCAB441A63F20ADB
SRR8494467,2019-01-28 05:58:26,2019-01-28 05:51:49,53813614,16251711428,53813614,302,6640,,https://sra-download.ncbi.nlm.nih.gov/traces/sra76/SRR/008295/SRR8494467,SRX5299000,TR_Yes_16_39,WGS,RANDOM,GENOMIC,PAIRED,0,0,ILLUMINA,HiSeq X Ten,SRP108658,PRJNA388788,,388788,SRS4298009,SAMN10537739,simple,7227,Drosophila melanogaster,TR_Yes_16_39,,,,,male,,no,,,,,INSTITUT DE BIOLOGIA EVOLUTIVA (CSIC-UPF),SRA840123,,public,3984503A0B71D88419FF9C105DB37427,5524ACA2A4C042DB0D5E8D52CD13EB92
SRR8494465,2019-01-28 05:51:14,2019-01-28 05:43:42,51855746,15660435292,51855746,302,6362,,https://sra-download.ncbi.nlm.nih.gov/traces/sra76/SRR/008295/SRR8494465,SRX5299002,TR_Yes_16_40,WGS,RANDOM,GENOMIC,PAIRED,0,0,ILLUMINA,HiSeq X Ten,SRP108658,PRJNA388788,,388788,SRS4298011,SAMN10537740,simple,7227,Drosophila melanogaster,TR_Yes_16_40,,,,,male,,no,,,,,INSTITUT DE BIOLOGIA EVOLUTIVA (CSIC-UPF),SRA840123,,public,9426F731F755A37DFD7663750294D469,C5D4B298B9CE37111B7A03B8DF5367CE
SRR8494464,2019-01-28 06:08:13,2019-01-28 06:00:21,64090244,19355253688,64090244,302,7941,,https://sra-download.ncbi.nlm.nih.gov/traces/sra76/SRR/008295/SRR8494464,SRX5299003,TR_Yes_16_41,WGS,RANDOM,GENOMIC,PAIRED,0,0,ILLUMINA,HiSeq X Ten,SRP108658,PRJNA388788,,388788,SRS4298012,SAMN10537741,simple,7227,Drosophila melanogaster,TR_Yes_16_41,,,,,male,,no,,,,,INSTITUT DE BIOLOGIA EVOLUTIVA (CSIC-UPF),SRA840123,,public,FF4DE8035B73E909F1DCA0D93B06E857,09BD902787D29F924C7635EF18334096
SRR8494463,2019-01-28 05:55:11,2019-01-28 05:46:43,54061829,16326672358,54061829,302,6657,,https://sra-download.ncbi.nlm.nih.gov/traces/sra76/SRR/008295/SRR8494463,SRX5299004,TR_Yes_16_42,WGS,RANDOM,GENOMIC,PAIRED,0,0,ILLUMINA,HiSeq X Ten,SRP108658,PRJNA388788,,388788,SRS4298013,SAMN10537742,simple,7227,Drosophila melanogaster,TR_Yes_16_42,,,,,male,,no,,,,,INSTITUT DE BIOLOGIA EVOLUTIVA (CSIC-UPF),SRA840123,,public,26A24DEC317A9B1FFD612E2D6691449E,6C4D7059EB0B0E455BB1A8F04D2DEFA6
SRR8494468,2019-01-28 06:02:11,2019-01-28 05:46:25,65009166,19632768132,65009166,302,8007,,https://sra-download.ncbi.nlm.nih.gov/traces/sra76/SRR/008295/SRR8494468,SRX5298999,TR_Yes_16_43,WGS,RANDOM,GENOMIC,PAIRED,0,0,ILLUMINA,HiSeq X Ten,SRP108658,PRJNA388788,,388788,SRS4298008,SAMN10537743,simple,7227,Drosophila melanogaster,TR_Yes_16_43,,,,,male,,no,,,,,INSTITUT DE BIOLOGIA EVOLUTIVA (CSIC-UPF),SRA840123,,public,E23AC38BAA6341E4585434CBD5F8E423,6DF9C83B24B0788A0BEA47F2D4A531D5
SRR8494423,2019-01-28 05:55:11,2019-01-28 05:45:48,57464378,17354242156,57464378,302,7020,,https://sra-download.ncbi.nlm.nih.gov/traces/sra76/SRR/008295/SRR8494423,SRX5299044,TR_Yes_16_52,WGS,RANDOM,GENOMIC,PAIRED,0,0,ILLUMINA,HiSeq X Ten,SRP108658,PRJNA388788,,388788,SRS4298053,SAMN10537752,simple,7227,Drosophila melanogaster,TR_Yes_16_52,,,,,male,,no,,,,,INSTITUT DE BIOLOGIA EVOLUTIVA (CSIC-UPF),SRA840123,,public,9DEE18B1C30EDBDA380EEDA843A80C30,EC9123723238A80CCC735FEAE7E6ED1F
SRR8439132,2019-01-14 05:21:11,2019-01-14 05:14:00,44871934,13461580200,44871934,300,5176,,https://sra-download.ncbi.nlm.nih.gov/traces/sra75/SRR/008241/SRR8439132,SRX5246576,UA_Cho_15_24,WGS,RANDOM,GENOMIC,PAIRED,0,0,ILLUMINA,HiSeq X Ten,SRP108658,PRJNA388788,,388788,SRS4248849,SAMN10520133,simple,7227,Drosophila melanogaster,UA_Cho_15_24,,,,,male,,no,,,,,INSTITUT DE BIOLOGIA EVOLUTIVA (CSIC-UPF),SRA834373,,public,FF77E050F425E22E62DB735283BE41F7,7DA90F09654D1C2ECD7C3427B1D394F3
SRR8439133,2019-01-14 05:17:41,2019-01-14 05:11:23,47056575,14116972500,47056575,300,5403,,https://sra-download.ncbi.nlm.nih.gov/traces/sra75/SRR/008241/SRR8439133,SRX5246575,UA_Cho_15_25,WGS,RANDOM,GENOMIC,PAIRED,0,0,ILLUMINA,HiSeq X Ten,SRP108658,PRJNA388788,,388788,SRS4248848,SAMN10520134,simple,7227,Drosophila melanogaster,UA_Cho_15_25,,,,,male,,no,,,,,INSTITUT DE BIOLOGIA EVOLUTIVA (CSIC-UPF),SRA834373,,public,AC29E9C8DF25A3F3305E19D6F69151C3,3ABB4E110FDF017433EAAE2F919BE3C0
SRR8439134,2019-01-14 05:21:11,2019-01-14 05:13:26,51377587,15413276100,51377587,300,6045,,https://sra-download.ncbi.nlm.nih.gov/traces/sra75/SRR/008241/SRR8439134,SRX5246574,UA_Cho_15_26,WGS,RANDOM,GENOMIC,PAIRED,0,0,ILLUMINA,HiSeq X Ten,SRP108658,PRJNA388788,,388788,SRS4248847,SAMN10520135,simple,7227,Drosophila melanogaster,UA_Cho_15_26,,,,,male,,no,,,,,INSTITUT DE BIOLOGIA EVOLUTIVA (CSIC-UPF),SRA834373,,public,066883E74440C6486C6018C77D119202,2BE6390450A9CA953E6C6C8EA4238B42
SRR8439135,2019-01-14 05:21:11,2019-01-14 05:15:40,55907041,16772112300,55907041,300,6395,,https://sra-download.ncbi.nlm.nih.gov/traces/sra75/SRR/008241/SRR8439135,SRX5246573,UA_Cho_15_27,WGS,RANDOM,GENOMIC,PAIRED,0,0,ILLUMINA,HiSeq X Ten,SRP108658,PRJNA388788,,388788,SRS4248846,SAMN10520136,simple,7227,Drosophila melanogaster,UA_Cho_15_27,,,,,male,,no,,,,,INSTITUT DE BIOLOGIA EVOLUTIVA (CSIC-UPF),SRA834373,,public,6EA38F1F23C4DB9F5A60DB911E2EEB32,B6A8467413775CDAA302EB550EBE11C3
SRR8439128,2019-01-14 05:26:36,2019-01-14 05:22:19,59511096,17972350992,59511096,302,7566,,https://sra-download.ncbi.nlm.nih.gov/traces/sra75/SRR/008241/SRR8439128,SRX5246580,UA_Cho_15_67,WGS,RANDOM,GENOMIC,PAIRED,0,0,ILLUMINA,HiSeq X Ten,SRP108658,PRJNA388788,,388788,SRS4248853,SAMN10520169,simple,7227,Drosophila melanogaster,UA_Cho_15_67,,,,,male,,no,,,,,INSTITUT DE BIOLOGIA EVOLUTIVA (CSIC-UPF),SRA834373,,public,D37EA1D2F36382733FD81A832ADC5944,D8703E07DFFC1C699F5246D344B537C4
SRR8439139,2019-01-14 05:22:11,2019-01-14 05:15:53,52774952,15938035504,52774952,302,6487,,https://sra-download.ncbi.nlm.nih.gov/traces/sra75/SRR/008241/SRR8439139,SRX5246569,UA_Cho_15_69,WGS,RANDOM,GENOMIC,PAIRED,0,0,ILLUMINA,HiSeq X Ten,SRP108658,PRJNA388788,,388788,SRS4248842,SAMN10520171,simple,7227,Drosophila melanogaster,UA_Cho_15_69,,,,,male,,no,,,,,INSTITUT DE BIOLOGIA EVOLUTIVA (CSIC-UPF),SRA834373,,public,4F6FBA618D3C95E39CF165112CE807E9,2DC28D3CFF1CD00FC80D563BF89C2075
SRR8439115,2019-01-14 05:24:04,2019-01-14 05:15:25,54701040,16519714080,54701040,302,6780,,https://sra-download.ncbi.nlm.nih.gov/traces/sra75/SRR/008241/SRR8439115,SRX5246593,UA_Cho_15_70,WGS,RANDOM,GENOMIC,PAIRED,0,0,ILLUMINA,HiSeq X Ten,SRP108658,PRJNA388788,,388788,SRS4248866,SAMN10520172,simple,7227,Drosophila melanogaster,UA_Cho_15_70,,,,,male,,no,,,,,INSTITUT DE BIOLOGIA EVOLUTIVA (CSIC-UPF),SRA834373,,public,8341B8F09876A235EFFA433A1CF9D77B,E950A0B1B2A53282F3147683229FD5DB
SRR8494431,2019-01-28 05:55:11,2019-01-28 05:49:23,58106913,17548287726,58106913,302,7199,,https://sra-download.ncbi.nlm.nih.gov/traces/sra76/SRR/008295/SRR8494431,SRX5299036,UA_Cho_16_54,WGS,RANDOM,GENOMIC,PAIRED,0,0,ILLUMINA,HiSeq X Ten,SRP108658,PRJNA388788,,388788,SRS4298045,SAMN10537754,simple,7227,Drosophila melanogaster,UA_Cho_16_54,,,,,male,,no,,,,,INSTITUT DE BIOLOGIA EVOLUTIVA (CSIC-UPF),SRA840123,,public,E6373A6772E9C52FC29955AF3E21D3DF,1CA861B981769BC0E458E5849529B3F6
SRR8494444,2019-01-28 06:08:13,2019-01-28 05:58:20,71853387,21699722874,71853387,302,8920,,https://sra-download.ncbi.nlm.nih.gov/traces/sra76/SRR/008295/SRR8494444,SRX5299023,UA_Cho_16_55,WGS,RANDOM,GENOMIC,PAIRED,0,0,ILLUMINA,HiSeq X Ten,SRP108658,PRJNA388788,,388788,SRS4298032,SAMN10537755,simple,7227,Drosophila melanogaster,UA_Cho_16_55,,,,,male,,no,,,,,INSTITUT DE BIOLOGIA EVOLUTIVA (CSIC-UPF),SRA840123,,public,4412FDA74A9A474B08F8F7FC5B4A3438,E28656D0ED13ACC54F41B5C33C8354DB
SRR8494433,2019-01-28 06:08:13,2019-01-28 05:59:04,64582634,19503955468,64582634,302,7927,,https://sra-download.ncbi.nlm.nih.gov/traces/sra76/SRR/008295/SRR8494433,SRX5299034,UA_Cho_16_62,WGS,RANDOM,GENOMIC,PAIRED,0,0,ILLUMINA,HiSeq X Ten,SRP108658,PRJNA388788,,388788,SRS4298043,SAMN10537762,simple,7227,Drosophila melanogaster,UA_Cho_16_62,,,,,male,,no,,,,,INSTITUT DE BIOLOGIA EVOLUTIVA (CSIC-UPF),SRA840123,,public,7619F57399AC2D594D3F0591448E1B0D,0362FBA32F0512475E903DA36C3C68D1
SRR8439116,2019-01-14 05:24:04,2019-01-14 05:16:29,52160904,15648271200,52160904,300,6311,,https://sra-download.ncbi.nlm.nih.gov/traces/sra75/SRR/008241/SRR8439116,SRX5246592,UA_Dro_15_10,WGS,RANDOM,GENOMIC,PAIRED,0,0,ILLUMINA,HiSeq X Ten,SRP108658,PRJNA388788,,388788,SRS4248865,SAMN10520119,simple,7227,Drosophila melanogaster,UA_Dro_15_10,,,,,male,,no,,,,,INSTITUT DE BIOLOGIA EVOLUTIVA (CSIC-UPF),SRA834373,,public,951AAF9E998F722DFECF01DCA61F12C0,C056FC3ED0B7D69C37BB83BF613256DD
SRR8494441,2019-01-28 06:02:11,2019-01-28 05:55:30,60704432,18332738464,60704432,302,7296,,https://sra-download.ncbi.nlm.nih.gov/traces/sra76/SRR/008295/SRR8494441,SRX5299026,UA_Dro_16_56,WGS,RANDOM,GENOMIC,PAIRED,0,0,ILLUMINA,HiSeq X Ten,SRP108658,PRJNA388788,,388788,SRS4298035,SAMN10537756,simple,7227,Drosophila melanogaster,UA_Dro_16_56,,,,,male,,no,,,,,INSTITUT DE BIOLOGIA EVOLUTIVA (CSIC-UPF),SRA840123,,public,84825DF44FFD22E7FCE0228DA4187737,1199C3B191C6958BEBA24EE3FCA22A95
SRR8494448,2019-01-28 05:58:26,2019-01-28 05:50:10,60738999,18343177698,60738999,302,7515,,https://sra-download.ncbi.nlm.nih.gov/traces/sra76/SRR/008295/SRR8494448,SRX5299019,UA_Kan_16_57,WGS,RANDOM,GENOMIC,PAIRED,0,0,ILLUMINA,HiSeq X Ten,SRP108658,PRJNA388788,,388788,SRS4298028,SAMN10537757,simple,7227,Drosophila melanogaster,UA_Kan_16_57,,,,,male,,no,,,,,INSTITUT DE BIOLOGIA EVOLUTIVA (CSIC-UPF),SRA840123,,public,201DD557D06F65625FC76A7ACF5DD586,A34D0321489B3EF4A4F8F4EEDF88357E
SRR8439146,2019-01-14 05:25:12,2019-01-14 05:20:21,65692433,19707729900,65692433,300,7640,,https://sra-download.ncbi.nlm.nih.gov/traces/sra75/SRR/008241/SRR8439146,SRX5246562,UA_Kha_15_19,WGS,RANDOM,GENOMIC,PAIRED,0,0,ILLUMINA,HiSeq X Ten,SRP108658,PRJNA388788,,388788,SRS4248835,SAMN10520128,simple,7227,Drosophila melanogaster,UA_Kha_15_19,,,,,male,,no,,,,,INSTITUT DE BIOLOGIA EVOLUTIVA (CSIC-UPF),SRA834373,,public,47274BD3B2D62874692DAE7174B26341,9696332BA6291FBF4088E745987A4D9A
SRR8494446,2019-01-28 05:54:11,2019-01-28 05:48:03,54068685,16328742870,54068685,302,6663,,https://sra-download.ncbi.nlm.nih.gov/traces/sra76/SRR/008295/SRR8494446,SRX5299021,UA_Kha_16_58,WGS,RANDOM,GENOMIC,PAIRED,0,0,ILLUMINA,HiSeq X Ten,SRP108658,PRJNA388788,,388788,SRS4298030,SAMN10537758,simple,7227,Drosophila melanogaster,UA_Kha_16_58,,,,,male,,no,,,,,INSTITUT DE BIOLOGIA EVOLUTIVA (CSIC-UPF),SRA840123,,public,323BBAEB478A63573A3A82463ED4B9BB,5856AE4441AD270FBA24D92F6DA843D4
SRR8439147,2019-01-14 05:40:12,2019-01-14 05:24:41,68671956,20738930712,68671956,302,8461,,https://sra-download.ncbi.nlm.nih.gov/traces/sra75/SRR/008241/SRR8439147,SRX5246561,UA_Kyi_15_64,WGS,RANDOM,GENOMIC,PAIRED,0,0,ILLUMINA,HiSeq X Ten,SRP108658,PRJNA388788,,388788,SRS4248834,SAMN10520166,simple,7227,Drosophila melanogaster,UA_Kyi_15_64,,,,,male,,no,,,,,INSTITUT DE BIOLOGIA EVOLUTIVA (CSIC-UPF),SRA834373,,public,56B35F524A5985DA9B5F96CC7DC0DD79,1FC5E15ADDD531CAB8BD77A16D726899
SRR8494466,2019-01-28 06:08:13,2019-01-28 05:55:46,66399762,20052728124,66399762,302,8234,,https://sra-download.ncbi.nlm.nih.gov/traces/sra76/SRR/008295/SRR8494466,SRX5299001,UA_Kyi_16_44,WGS,RANDOM,GENOMIC,PAIRED,0,0,ILLUMINA,HiSeq X Ten,SRP108658,PRJNA388788,,388788,SRS4298010,SAMN10537744,simple,7227,Drosophila melanogaster,UA_Kyi_16_44,,,,,male,,no,,,,,INSTITUT DE BIOLOGIA EVOLUTIVA (CSIC-UPF),SRA840123,,public,0C4C605132B76C59C635C66A9F65CA44,A4ACE02536A0F63B85F50B94159EE877
SRR8494428,2019-01-28 05:47:11,2019-01-28 05:41:13,54388837,16425428774,54388837,302,6675,,https://sra-download.ncbi.nlm.nih.gov/traces/sra76/SRR/008295/SRR8494428,SRX5299039,UA_Kyi_16_45,WGS,RANDOM,GENOMIC,PAIRED,0,0,ILLUMINA,HiSeq X Ten,SRP108658,PRJNA388788,,388788,SRS4298048,SAMN10537745,simple,7227,Drosophila melanogaster,UA_Kyi_16_45,,,,,male,,no,,,,,INSTITUT DE BIOLOGIA EVOLUTIVA (CSIC-UPF),SRA840123,,public,ADFDCE86DB41A306E6C314F5EFD62C17,E78F0FEDE71384F5E16275F119949C19
SRR8494430,2019-01-28 06:09:13,2019-01-28 06:02:32,67343675,20337789850,67343675,302,8307,,https://sra-download.ncbi.nlm.nih.gov/traces/sra76/SRR/008295/SRR8494430,SRX5299037,UA_Kyi_16_59,WGS,RANDOM,GENOMIC,PAIRED,0,0,ILLUMINA,HiSeq X Ten,SRP108658,PRJNA388788,,388788,SRS4298046,SAMN10537759,simple,7227,Drosophila melanogaster,UA_Kyi_16_59,,,,,male,,no,,,,,INSTITUT DE BIOLOGIA EVOLUTIVA (CSIC-UPF),SRA840123,,public,6BAF975AC79D5CA0171DF0E16FBA52C3,960B52824D7DA799477E9EF224B3376A
SRR8439145,2019-01-14 05:16:11,2019-01-14 05:11:14,47233649,14170094700,47233649,300,5413,,https://sra-download.ncbi.nlm.nih.gov/traces/sra75/SRR/008241/SRR8439145,SRX5246563,UA_Ode_15_20,WGS,RANDOM,GENOMIC,PAIRED,0,0,ILLUMINA,HiSeq X Ten,SRP108658,PRJNA388788,,388788,SRS4248836,SAMN10520129,simple,7227,Drosophila melanogaster,UA_Ode_15_20,,,,,male,,no,,,,,INSTITUT DE BIOLOGIA EVOLUTIVA (CSIC-UPF),SRA834373,,public,13FB74F03CFADEBBB95E615C8BC2C85F,D614B428AAF6EE528B1EA254F52F578D
SRR8439130,2019-01-14 05:16:11,2019-01-14 05:10:38,45939349,13781804700,45939349,300,5381,,https://sra-download.ncbi.nlm.nih.gov/traces/sra75/SRR/008241/SRR8439130,SRX5246578,UA_Ode_15_22,WGS,RANDOM,GENOMIC,PAIRED,0,0,ILLUMINA,HiSeq X Ten,SRP108658,PRJNA388788,,388788,SRS4248851,SAMN10520131,simple,7227,Drosophila melanogaster,UA_Ode_15_22,,,,,male,,no,,,,,INSTITUT DE BIOLOGIA EVOLUTIVA (CSIC-UPF),SRA834373,,public,43730F7DBE4F743C0B4E96915FA7BB91,A2F60BC01A5D2AA5E767AB3BAB9E828A
SRR8439140,2019-01-14 05:24:04,2019-01-14 05:17:03,55028284,16618541768,55028284,302,6802,,https://sra-download.ncbi.nlm.nih.gov/traces/sra75/SRR/008241/SRR8439140,SRX5246568,UA_Ode_15_66,WGS,RANDOM,GENOMIC,PAIRED,0,0,ILLUMINA,HiSeq X Ten,SRP108658,PRJNA388788,,388788,SRS4248841,SAMN10520168,simple,7227,Drosophila melanogaster,UA_Ode_15_66,,,,,male,,no,,,,,INSTITUT DE BIOLOGIA EVOLUTIVA (CSIC-UPF),SRA834373,,public,B9FFF0259EF183CE422D2B9C521344CE,B31BF5BA068023508094B35C39061582
SRR8494429,2019-01-28 05:55:11,2019-01-28 05:45:32,64190147,19385424394,64190147,302,7646,,https://sra-download.ncbi.nlm.nih.gov/traces/sra76/SRR/008295/SRR8494429,SRX5299038,UA_Ode_16_46,WGS,RANDOM,GENOMIC,PAIRED,0,0,ILLUMINA,HiSeq X Ten,SRP108658,PRJNA388788,,388788,SRS4298047,SAMN10537746,simple,7227,Drosophila melanogaster,UA_Ode_16_46,,,,,male,,no,,,,,INSTITUT DE BIOLOGIA EVOLUTIVA (CSIC-UPF),SRA840123,,public,F08E5237AB6F873BE6AC6B3E50D417C8,378F56786ECA3363276F5A202E261862
SRR8494427,2019-01-28 05:50:11,2019-01-28 05:41:03,51284928,15488048256,51284928,302,6306,,https://sra-download.ncbi.nlm.nih.gov/traces/sra76/SRR/008295/SRR8494427,SRX5299040,UA_Ode_16_47,WGS,RANDOM,GENOMIC,PAIRED,0,0,ILLUMINA,HiSeq X Ten,SRP108658,PRJNA388788,,388788,SRS4298049,SAMN10537747,simple,7227,Drosophila melanogaster,UA_Ode_16_47,,,,,male,,no,,,,,INSTITUT DE BIOLOGIA EVOLUTIVA (CSIC-UPF),SRA840123,,public,8FD67FFBC02F88C7B77B2AFF7CE1A552,39E35CEE0FF3A1398B6A284C51818F8C
SRR8439129,2019-01-14 05:21:11,2019-01-14 05:12:12,44553268,13365980400,44553268,300,5104,,https://sra-download.ncbi.nlm.nih.gov/traces/sra75/SRR/008241/SRR8439129,SRX5246579,UA_Pir_15_21,WGS,RANDOM,GENOMIC,PAIRED,0,0,ILLUMINA,HiSeq X Ten,SRP108658,PRJNA388788,,388788,SRS4248852,SAMN10520130,simple,7227,Drosophila melanogaster,UA_Pir_15_21,,,,,male,,no,,,,,INSTITUT DE BIOLOGIA EVOLUTIVA (CSIC-UPF),SRA834373,,public,C6A6CDBB4039BD668063274FEEB2B477,2988B428C855DE3A4D31744A505384EE
SRR8494426,2019-01-28 05:55:11,2019-01-28 05:50:16,56895041,17182302382,56895041,302,6825,,https://sra-download.ncbi.nlm.nih.gov/traces/sra76/SRR/008295/SRR8494426,SRX5299041,UA_Pyr_16_48,WGS,RANDOM,GENOMIC,PAIRED,0,0,ILLUMINA,HiSeq X Ten,SRP108658,PRJNA388788,,388788,SRS4298050,SAMN10537748,simple,7227,Drosophila melanogaster,UA_Pyr_16_48,,,,,male,,no,,,,,INSTITUT DE BIOLOGIA EVOLUTIVA (CSIC-UPF),SRA840123,,public,9D43885D3FED95BE771834B7A9567F90,FC8FD279FEE59089423760C6B9AB58CF
SRR8494424,2019-01-28 05:58:27,2019-01-28 05:52:22,74814607,22594011314,74814607,302,9227,,https://sra-download.ncbi.nlm.nih.gov/traces/sra76/SRR/008295/SRR8494424,SRX5299043,UA_Pyr_16_49,WGS,RANDOM,GENOMIC,PAIRED,0,0,ILLUMINA,HiSeq X Ten,SRP108658,PRJNA388788,,388788,SRS4298052,SAMN10537749,simple,7227,Drosophila melanogaster,UA_Pyr_16_49,,,,,male,,no,,,,,INSTITUT DE BIOLOGIA EVOLUTIVA (CSIC-UPF),SRA840123,,public,7F8F9E158C33925C6C5DC5ADFD22747C,46FF3B592BF3955F4B4A88649A79724B
SRR8439117,2019-01-14 05:21:11,2019-01-14 05:15:32,49156048,14746814400,49156048,300,5801,,https://sra-download.ncbi.nlm.nih.gov/traces/sra75/SRR/008241/SRR8439117,SRX5246591,UA_Uma_15_9,WGS,RANDOM,GENOMIC,PAIRED,0,0,ILLUMINA,HiSeq X Ten,SRP108658,PRJNA388788,,388788,SRS4248864,SAMN10520118,simple,7227,Drosophila melanogaster,UA_Uma_15_9,,,,,male,,no,,,,,INSTITUT DE BIOLOGIA EVOLUTIVA (CSIC-UPF),SRA834373,,public,6DECC710289BD6A80EB2D52FFEC2D76D,6520CD8EEB438D15667D97FA641131EE
SRR8494425,2019-01-28 05:57:12,2019-01-28 05:46:51,53984595,16303347690,53984595,302,6639,,https://sra-download.ncbi.nlm.nih.gov/traces/sra76/SRR/008295/SRR8494425,SRX5299042,UA_Uma_16_50,WGS,RANDOM,GENOMIC,PAIRED,0,0,ILLUMINA,HiSeq X Ten,SRP108658,PRJNA388788,,388788,SRS4298051,SAMN10537750,simple,7227,Drosophila melanogaster,UA_Uma_16_50,,,,,male,,no,,,,,INSTITUT DE BIOLOGIA EVOLUTIVA (CSIC-UPF),SRA840123,,public,297BEA02F60E21C22ED213E9BB70FDCE,3F72C4780462F8A26161CDCFFC7DF55B
SRR8494422,2019-01-28 05:53:10,2019-01-28 05:45:16,55885366,16877380532,55885366,302,6848,,https://sra-download.ncbi.nlm.nih.gov/traces/sra76/SRR/008295/SRR8494422,SRX5299045,UA_Uma_16_51,WGS,RANDOM,GENOMIC,PAIRED,0,0,ILLUMINA,HiSeq X Ten,SRP108658,PRJNA388788,,388788,SRS4298054,SAMN10537751,simple,7227,Drosophila melanogaster,UA_Uma_16_51,,,,,male,,no,,,,,INSTITUT DE BIOLOGIA EVOLUTIVA (CSIC-UPF),SRA840123,,public,F862EFCD7F9DE3E85E81A394765C9E89,883CC5C72C7EC2FFCDAFC229723B6577
SRR8494469,2019-01-28 05:50:11,2019-01-28 05:43:00,52609563,15888088026,52609563,302,6456,,https://sra-download.ncbi.nlm.nih.gov/traces/sra76/SRR/008295/SRR8494469,SRX5298998,UA_Var_16_60,WGS,RANDOM,GENOMIC,PAIRED,0,0,ILLUMINA,HiSeq X Ten,SRP108658,PRJNA388788,,388788,SRS4298007,SAMN10537760,simple,7227,Drosophila melanogaster,UA_Var_16_60,,,,,male,,no,,,,,INSTITUT DE BIOLOGIA EVOLUTIVA (CSIC-UPF),SRA840123,,public,39FD2E0C295266181CE03E7C960B726C,4FB3BE418E389BEB9A3FF061B958DBD8
SRR8439131,2019-01-14 05:14:08,2019-01-14 05:09:47,44909604,13472881200,44909604,300,5358,,https://sra-download.ncbi.nlm.nih.gov/traces/sra75/SRR/008241/SRR8439131,SRX5246577,UA_Yal_15_23,WGS,RANDOM,GENOMIC,PAIRED,0,0,ILLUMINA,HiSeq X Ten,SRP108658,PRJNA388788,,388788,SRS4248850,SAMN10520132,simple,7227,Drosophila melanogaster,UA_Yal_15_23,,,,,male,,no,,,,,INSTITUT DE BIOLOGIA EVOLUTIVA (CSIC-UPF),SRA834373,,public,A898E1FDB9B04FB345D6EF6DFD8B395A,DD17954703D877135118DEA76366EB28
SRR8494436,2019-01-28 05:56:14,2019-01-28 05:50:48,56217716,16977750232,56217716,302,6890,,https://sra-download.ncbi.nlm.nih.gov/traces/sra76/SRR/008295/SRR8494436,SRX5299031,UA_Yal_16_61,WGS,RANDOM,GENOMIC,PAIRED,0,0,ILLUMINA,HiSeq X Ten,SRP108658,PRJNA388788,,388788,SRS4298040,SAMN10537761,simple,7227,Drosophila melanogaster,UA_Yal_16_61,,,,,male,,no,,,,,INSTITUT DE BIOLOGIA EVOLUTIVA (CSIC-UPF),SRA840123,,public,D5DCED352016C9DCB2633C651287BA1C,E123AB5CB63DC3A6F13C4859BC0FCAB0
SRR8439142,2019-01-14 05:24:04,2019-01-14 05:16:30,58754316,17626294800,58754316,300,6908,,https://sra-download.ncbi.nlm.nih.gov/traces/sra75/SRR/008241/SRR8439142,SRX5246566,UK_Dai_15_52,WGS,RANDOM,GENOMIC,PAIRED,0,0,ILLUMINA,HiSeq X Ten,SRP108658,PRJNA388788,,388788,SRS4248839,SAMN10520161,simple,7227,Drosophila melanogaster,UK_Dai_15_52,,,,,male,,no,,,,,INSTITUT DE BIOLOGIA EVOLUTIVA (CSIC-UPF),SRA834373,,public,8E35E43752BA616B5112D18A4C120414,655BCB4DBB1C2CE088406290DE5C1B8D
SRR8494478,2019-01-28 06:02:11,2019-01-28 05:55:10,64469014,19469642228,64469014,302,7992,,https://sra-download.ncbi.nlm.nih.gov/traces/sra76/SRR/008295/SRR8494478,SRX5298989,UK_Dai_16_23,WGS,RANDOM,GENOMIC,PAIRED,0,0,ILLUMINA,HiSeq X Ten,SRP108658,PRJNA388788,,388788,SRS4297998,SAMN10537727,simple,7227,Drosophila melanogaster,UK_Dai_16_23,,,,,male,,no,,,,,INSTITUT DE BIOLOGIA EVOLUTIVA (CSIC-UPF),SRA840123,,public,A56A189992274A2859BE653472E30B0C,D01589E4D72F35524C7752B00121A090
SRR8439121,2019-01-14 05:21:11,2019-01-14 05:14:57,49099779,14729933700,49099779,300,5669,,https://sra-download.ncbi.nlm.nih.gov/traces/sra75/SRR/008241/SRR8439121,SRX5246587,UK_Mar_15_42,WGS,RANDOM,GENOMIC,PAIRED,0,0,ILLUMINA,HiSeq X Ten,SRP108658,PRJNA388788,,388788,SRS4248860,SAMN10520151,simple,7227,Drosophila melanogaster,UK_Mar_15_42,,,,,male,,no,,,,,INSTITUT DE BIOLOGIA EVOLUTIVA (CSIC-UPF),SRA834373,,public,33865ABF259221F02E4D14BC9DF47543,DC35F9645A6F3DBB9C10FD2381C92A98
SRR8494432,2019-01-28 05:58:26,2019-01-28 05:50:43,73939468,22329719336,73939468,302,9189,,https://sra-download.ncbi.nlm.nih.gov/traces/sra76/SRR/008295/SRR8494432,SRX5299035,UK_Mar_16_53,WGS,RANDOM,GENOMIC,PAIRED,0,0,ILLUMINA,HiSeq X Ten,SRP108658,PRJNA388788,,388788,SRS4298044,SAMN10537753,simple,7227,Drosophila melanogaster,UK_Mar_16_53,,,,,male,,no,,,,,INSTITUT DE BIOLOGIA EVOLUTIVA (CSIC-UPF),SRA840123,,public,A5E55E22F287F18F96A7A533A4BD93CC,08D03E0F47AE802739F1D7E0E96FE710
SRR5647751,2017-12-31 00:02:34,2017-06-06 07:07:38,35907330,10806254339,35907330,300,5614,,https://sra-download.ncbi.nlm.nih.gov/traces/sra49/SRR/005515/SRR5647751,SRX2885357,AT_Mau_14_01,WGS,RANDOM,GENOMIC,PAIRED,0,0,ILLUMINA,NextSeq 500,SRP108658,PRJNA388788,,388788,SRS2253442,SAMN07184610,simple,7227,Drosophila melanogaster,AT_Mau_14_01,,,,,male,,no,,,,,INSTITUT DE BIOLOGIA EVOLUTIVA (CSIC-UPF),SRA570721,,public,B18CCD0BA18F17FD1F1DEAACA8B4DC12,B33F12A57DDF45371A163C3FD64B71B6
SRR5647750,2017-12-31 00:02:34,2019-02-21 15:41:47,50758300,13390844276,38231659,263,7776,,https://sra-download.ncbi.nlm.nih.gov/traces/sra77/SRR/005515/SRR5647750,SRX2885358,AT_Mau_14_02,WGS,RANDOM,GENOMIC,PAIRED,0,0,ILLUMINA,NextSeq 500,SRP108658,PRJNA388788,,388788,SRS2253443,SAMN07184611,simple,7227,Drosophila melanogaster,AT_Mau_14_02,,,,,male,,no,,,,,INSTITUT DE BIOLOGIA EVOLUTIVA (CSIC-UPF),SRA570721,,public,B28C8E5DBF21F85FAE6934D3260343DB,3E4FCB852D15AF67A01804794744F35C
SRR5647746,2017-12-31 00:02:35,2017-06-06 07:25:24,40505712,12122525048,40505712,299,6181,,https://sra-download.ncbi.nlm.nih.gov/traces/sra48/SRR/005515/SRR5647746,SRX2885362,AT_See_14_44,WGS,RANDOM,GENOMIC,PAIRED,0,0,ILLUMINA,NextSeq 500,SRP108658,PRJNA388788,,388788,SRS2253447,SAMN07184650,simple,7227,Drosophila melanogaster,AT_See_14_44,,,,,male,,no,,,,,INSTITUT DE BIOLOGIA EVOLUTIVA (CSIC-UPF),SRA570721,,public,379F448236247722B3D67E99BB8CB7F9,C41008122C0BD49DB1FA216567547ABD
SRR8439157,2019-01-14 05:24:04,2019-01-14 05:16:49,47898505,14369551500,47898505,300,5721,,https://sra-download.ncbi.nlm.nih.gov/traces/sra75/SRR/008241/SRR8439157,SRX5246551,BY_Bre_15_13,WGS,RANDOM,GENOMIC,PAIRED,0,0,ILLUMINA,HiSeq X Ten,SRP108658,PRJNA388788,,388788,SRS4248824,SAMN10520122,simple,7227,Drosophila melanogaster,BY_Bre_15_13,,,,,male,,no,,,,,INSTITUT DE BIOLOGIA EVOLUTIVA (CSIC-UPF),SRA834373,,public,52054F416D776D732345AA8692033DC2,86702851EC8A8B3F8B42FF1903D5A1F0
SRR5647754,2017-12-31 00:02:34,2017-06-06 07:00:26,46380286,13831997798,46380286,298,6470,,https://sra-download.ncbi.nlm.nih.gov/traces/sra49/SRR/005515/SRR5647754,SRX2885354,CH_Cha_14_42,WGS,RANDOM,GENOMIC,PAIRED,0,0,ILLUMINA,NextSeq 500,SRP108658,PRJNA388788,,388788,SRS2253439,SAMN07184648,simple,7227,Drosophila melanogaster,CH_Cha_14_42,,,,,male,,no,,,,,INSTITUT DE BIOLOGIA EVOLUTIVA (CSIC-UPF),SRA570721,,public,BC37C3723FC0A68E0A3DC7D2B0BDBAC5,B842AC474C51808CE035FE1B648CA2D0
SRR5647758,2017-12-31 00:02:34,2017-06-06 06:45:16,28465557,8490552042,28465557,298,4412,,https://sra-download.ncbi.nlm.nih.gov/traces/sra48/SRR/005515/SRR5647758,SRX2885350,CH_Cha_14_43,WGS,RANDOM,GENOMIC,PAIRED,0,0,ILLUMINA,NextSeq 500,SRP108658,PRJNA388788,,388788,SRS2253435,SAMN07184649,simple,7227,Drosophila melanogaster,CH_Cha_14_43,,,,,male,,no,,,,,INSTITUT DE BIOLOGIA EVOLUTIVA (CSIC-UPF),SRA570721,,public,3B2AFB84EDD51BCC6F269972C0EDE6BE,6444C325B3C39A1A01FA6E3D604A992D
SRR8439166,2019-01-14 05:15:11,2019-01-14 05:11:29,43912254,13173676200,43912254,300,5149,,https://sra-download.ncbi.nlm.nih.gov/traces/sra75/SRR/008241/SRR8439166,SRX5246542,CH_Cha_15_39,WGS,RANDOM,GENOMIC,PAIRED,0,0,ILLUMINA,HiSeq X Ten,SRP108658,PRJNA388788,,388788,SRS4248815,SAMN10520148,simple,7227,Drosophila melanogaster,CH_Cha_15_39,,,,,male,,no,,,,,INSTITUT DE BIOLOGIA EVOLUTIVA (CSIC-UPF),SRA834373,,public,20E089D3610C0DD691C140627C855B0B,1F5EE5AF15B175E26F7FF1C5AC974CD6
SRR5647756,2017-12-31 00:02:34,2017-06-06 06:58:13,46377406,13941764634,46377406,300,5428,,https://sra-download.ncbi.nlm.nih.gov/traces/sra49/SRR/005515/SRR5647756,SRX2885352,CY_Nic_14_11,WGS,RANDOM,GENOMIC,PAIRED,0,0,ILLUMINA,NextSeq 500,SRP108658,PRJNA388788,,388788,SRS2253437,SAMN07184619,simple,7227,Drosophila melanogaster,CY_Nic_14_11,,,,,male,,no,,,,,INSTITUT DE BIOLOGIA EVOLUTIVA (CSIC-UPF),SRA570721,,public,D9DC2F2A10346D099350B0493C587249,BCCE8FEE7D03BB5737A8C315C34019D9
SRR5647762,2017-12-31 00:02:34,2017-06-06 06:56:16,48054087,14450320721,48054087,300,5645,,https://sra-download.ncbi.nlm.nih.gov/traces/sra49/SRR/005515/SRR5647762,SRX2885346,DE_Bro_14_14,WGS,RANDOM,GENOMIC,PAIRED,0,0,ILLUMINA,NextSeq 500,SRP108658,PRJNA388788,,388788,SRS2253431,SAMN07184622,simple,7227,Drosophila melanogaster,DE_Bro_14_14,,,,,male,,no,,,,,INSTITUT DE BIOLOGIA EVOLUTIVA (CSIC-UPF),SRA570721,,public,9393B5E75B401C2A68EB5665880D4410,05E3165CB05FD0FF9E95FC42D2B0C9C2
SRR5647761,2017-12-31 00:02:34,2017-06-06 06:51:37,34973349,10513339833,34973349,300,4176,,https://sra-download.ncbi.nlm.nih.gov/traces/sra48/SRR/005515/SRR5647761,SRX2885347,DE_Bro_14_15,WGS,RANDOM,GENOMIC,PAIRED,0,0,ILLUMINA,NextSeq 500,SRP108658,PRJNA388788,,388788,SRS2253432,SAMN07184623,simple,7227,Drosophila melanogaster,DE_Bro_14_15,,,,,male,,no,,,,,INSTITUT DE BIOLOGIA EVOLUTIVA (CSIC-UPF),SRA570721,,public,367C7FC514B0B26B549AA87E7CDA3660,43526C7F33574CD622A01B8415B35647
SRR5647744,2017-12-31 00:02:35,2017-06-06 06:46:36,30510633,9155399645,30510633,300,3515,,https://sra-download.ncbi.nlm.nih.gov/traces/sra48/SRR/005515/SRR5647744,SRX2885364,DE_Mun_14_31,WGS,RANDOM,GENOMIC,PAIRED,0,0,ILLUMINA,NextSeq 500,SRP108658,PRJNA388788,,388788,SRS2253449,SAMN07184638,simple,7227,Drosophila melanogaster,DE_Mun_14_31,,,,,male,,no,,,,,INSTITUT DE BIOLOGIA EVOLUTIVA (CSIC-UPF),SRA570721,,public,F735C7650C3399F8110BCCCB8E631A7F,3A5E367220F512D506B0E58B42855035
SRR5647745,2017-12-31 00:02:35,2017-06-06 06:51:38,33945434,10195786748,33945434,300,4992,,https://sra-download.ncbi.nlm.nih.gov/traces/sra48/SRR/005515/SRR5647745,SRX2885363,DE_Mun_14_32,WGS,RANDOM,GENOMIC,PAIRED,0,0,ILLUMINA,NextSeq 500,SRP108658,PRJNA388788,,388788,SRS2253448,SAMN07184639,simple,7227,Drosophila melanogaster,DE_Mun_14_32,,,,,male,,no,,,,,INSTITUT DE BIOLOGIA EVOLUTIVA (CSIC-UPF),SRA570721,,public,D397C19BCF07B4421092CDD6FD8018BF,C166CA7B7CBB05E40A271A78A13F70D1
SRR5647772,2017-12-31 00:02:33,2017-06-06 07:06:21,33785841,10145893135,33785841,300,4827,,https://sra-download.ncbi.nlm.nih.gov/traces/sra48/SRR/005515/SRR5647772,SRX2885336,DK_Kar_14_39,WGS,RANDOM,GENOMIC,PAIRED,0,0,ILLUMINA,NextSeq 500,SRP108658,PRJNA388788,,388788,SRS2253421,SAMN07184646,simple,7227,Drosophila melanogaster,DK_Kar_14_39,,,,,male,,no,,,,,INSTITUT DE BIOLOGIA EVOLUTIVA (CSIC-UPF),SRA570721,,public,B25128926ACFDF076DE023452C09733D,9338976A43DBD10884DAFB70DA8C0BB1
SRR5647771,2017-12-31 00:02:33,2017-06-06 06:50:37,27452824,8251494915,27452824,300,3970,,https://sra-download.ncbi.nlm.nih.gov/traces/sra48/SRR/005515/SRR5647771,SRX2885337,DK_Kar_14_41,WGS,RANDOM,GENOMIC,PAIRED,0,0,ILLUMINA,NextSeq 500,SRP108658,PRJNA388788,,388788,SRS2253422,SAMN07184647,simple,7227,Drosophila melanogaster,DK_Kar_14_41,,,,,male,,no,,,,,INSTITUT DE BIOLOGIA EVOLUTIVA (CSIC-UPF),SRA570721,,public,EDBE79A1AC34109740873798CDDBE1B3,A4F79AD8D72EB8B028F16B952DC7933F
SRR8439163,2019-01-14 05:21:11,2019-01-14 05:15:15,46699609,14009882700,46699609,300,5386,,https://sra-download.ncbi.nlm.nih.gov/traces/sra75/SRR/008241/SRR8439163,SRX5246545,ES_Cor_15_33,WGS,RANDOM,GENOMIC,PAIRED,0,0,ILLUMINA,HiSeq X Ten,SRP108658,PRJNA388788,,388788,SRS4248818,SAMN10520142,simple,7227,Drosophila melanogaster,ES_Cor_15_33,,,,,male,,no,,,,,INSTITUT DE BIOLOGIA EVOLUTIVA (CSIC-UPF),SRA834373,,public,E4E3CC3E1362DDA3966FE1FC80B67976,E14FF6C810CA6F408607902547BE6CD6
SRR5647769,2017-12-31 00:02:34,2017-06-06 06:55:19,37490904,11267232768,37490904,300,5450,,https://sra-download.ncbi.nlm.nih.gov/traces/sra49/SRR/005515/SRR5647769,SRX2885339,ES_Gim_14_34,WGS,RANDOM,GENOMIC,PAIRED,0,0,ILLUMINA,NextSeq 500,SRP108658,PRJNA388788,,388788,SRS2253424,SAMN07184641,simple,7227,Drosophila melanogaster,ES_Gim_14_34,,,,,male,,no,,,,,INSTITUT DE BIOLOGIA EVOLUTIVA (CSIC-UPF),SRA570721,,public,549E428F6AAAA5F048893E764BFCB4C8,FC71BCF762D59E8500E7FF550FBC7FA1
SRR5647776,2017-12-31 00:02:33,2017-06-06 06:55:41,36742045,11036933914,36742045,300,5253,,https://sra-download.ncbi.nlm.nih.gov/traces/sra49/SRR/005515/SRR5647776,SRX2885332,ES_Gim_14_35,WGS,RANDOM,GENOMIC,PAIRED,0,0,ILLUMINA,NextSeq 500,SRP108658,PRJNA388788,,388788,SRS2253417,SAMN07184642,simple,7227,Drosophila melanogaster,ES_Gim_14_35,,,,,male,,no,,,,,INSTITUT DE BIOLOGIA EVOLUTIVA (CSIC-UPF),SRA570721,,public,BF2E942502B602242C8B53C0EE5B8A8E,88500A440A693F58A334D4D455245EF0
SRR8439168,2019-01-14 05:21:11,2019-01-14 05:14:11,47681796,14304538800,47681796,300,5598,,https://sra-download.ncbi.nlm.nih.gov/traces/sra75/SRR/008241/SRR8439168,SRX5246540,ES_Gim_15_31,WGS,RANDOM,GENOMIC,PAIRED,0,0,ILLUMINA,HiSeq X Ten,SRP108658,PRJNA388788,,388788,SRS4248813,SAMN10520140,simple,7227,Drosophila melanogaster,ES_Gim_15_31,,,,,male,,no,,,,,INSTITUT DE BIOLOGIA EVOLUTIVA (CSIC-UPF),SRA834373,,public,9D719A9367D807B91B4CCE40C6B79A98,485FB55956FB6FDC91AE729E007C71A2
SRR8439164,2019-01-14 05:17:41,2019-01-14 05:12:26,47687559,14306267700,47687559,300,5517,,https://sra-download.ncbi.nlm.nih.gov/traces/sra75/SRR/008241/SRR8439164,SRX5246544,ES_Gua_15_32,WGS,RANDOM,GENOMIC,PAIRED,0,0,ILLUMINA,HiSeq X Ten,SRP108658,PRJNA388788,,388788,SRS4248817,SAMN10520141,simple,7227,Drosophila melanogaster,ES_Gua_15_32,,,,,male,,no,,,,,INSTITUT DE BIOLOGIA EVOLUTIVA (CSIC-UPF),SRA834373,,public,F2B7458D94AAECA15C154C3D58B446D9,578903E7A72819DEC29156420CF23ABB
SRR5647775,2017-12-31 00:02:33,2017-06-06 06:55:10,31178529,9368520733,31178529,300,4594,,https://sra-download.ncbi.nlm.nih.gov/traces/sra48/SRR/005515/SRR5647775,SRX2885333,FI_Aka_14_36,WGS,RANDOM,GENOMIC,PAIRED,0,0,ILLUMINA,NextSeq 500,SRP108658,PRJNA388788,,388788,SRS2253418,SAMN07184643,simple,7227,Drosophila melanogaster,FI_Aka_14_36,,,,,male,,no,,,,,INSTITUT DE BIOLOGIA EVOLUTIVA (CSIC-UPF),SRA570721,,public,2E1D88548EAA8002C86BC464DC290162,04D82DC311BB8203E86DBAC0767103AF
SRR5647774,2017-12-31 00:02:33,2017-06-06 06:53:07,30205438,9076057629,30205438,300,4332,,https://sra-download.ncbi.nlm.nih.gov/traces/sra48/SRR/005515/SRR5647774,SRX2885334,FI_Aka_14_37,WGS,RANDOM,GENOMIC,PAIRED,0,0,ILLUMINA,NextSeq 500,SRP108658,PRJNA388788,,388788,SRS2253419,SAMN07184644,simple,7227,Drosophila melanogaster,FI_Aka_14_37,,,,,male,,no,,,,,INSTITUT DE BIOLOGIA EVOLUTIVA (CSIC-UPF),SRA570721,,public,216C2EA2590C9C0CA75A7C80762AC036,175961DE27C74D9DE0C28C413F774190
SRR8439162,2019-01-14 05:24:04,2019-01-14 05:17:43,54734739,16420421700,54734739,300,6380,,https://sra-download.ncbi.nlm.nih.gov/traces/sra75/SRR/008241/SRR8439162,SRX5246546,FI_Aka_15_34,WGS,RANDOM,GENOMIC,PAIRED,0,0,ILLUMINA,HiSeq X Ten,SRP108658,PRJNA388788,,388788,SRS4248819,SAMN10520143,simple,7227,Drosophila melanogaster,FI_Aka_15_34,,,,,male,,no,,,,,INSTITUT DE BIOLOGIA EVOLUTIVA (CSIC-UPF),SRA834373,,public,1B41802D34B0544C728F554F75089ED2,982804F162F524313568BF4AFB4CC157
SRR8439161,2019-01-14 05:21:11,2019-01-14 05:13:34,45772660,13731798000,45772660,300,5333,,https://sra-download.ncbi.nlm.nih.gov/traces/sra75/SRR/008241/SRR8439161,SRX5246547,FI_Aka_15_35,WGS,RANDOM,GENOMIC,PAIRED,0,0,ILLUMINA,HiSeq X Ten,SRP108658,PRJNA388788,,388788,SRS4248820,SAMN10520144,simple,7227,Drosophila melanogaster,FI_Aka_15_35,,,,,male,,no,,,,,INSTITUT DE BIOLOGIA EVOLUTIVA (CSIC-UPF),SRA834373,,public,E1E901453F8B218AED1D5F2BE6ECD14C,76950C4328F77E004885343BE7B3F2DF
SRR5647773,2017-12-31 00:02:33,2017-06-06 07:09:06,44060863,13233965195,44060863,300,6293,,https://sra-download.ncbi.nlm.nih.gov/traces/sra49/SRR/005515/SRR5647773,SRX2885335,FI_Ves_14_38,WGS,RANDOM,GENOMIC,PAIRED,0,0,ILLUMINA,NextSeq 500,SRP108658,PRJNA388788,,388788,SRS2253420,SAMN07184645,simple,7227,Drosophila melanogaster,FI_Ves_14_38,,,,,male,,no,,,,,INSTITUT DE BIOLOGIA EVOLUTIVA (CSIC-UPF),SRA570721,,public,241B4DAAB298246E511F4B9CD20CEF8B,E5B257BE0EA7CAA2D63589A64B2D94E2
SRR5647753,2017-12-31 00:02:34,2017-06-06 07:08:40,68757600,20695766707,68757600,300,10764,,https://sra-download.ncbi.nlm.nih.gov/traces/sra49/SRR/005515/SRR5647753,SRX2885355,FR_Got_14_08,WGS,RANDOM,GENOMIC,PAIRED,0,0,ILLUMINA,NextSeq 500,SRP108658,PRJNA388788,,388788,SRS2253440,SAMN07184616,simple,7227,Drosophila melanogaster,FR_Got_14_08,,,,,male,,no,,,,,INSTITUT DE BIOLOGIA EVOLUTIVA (CSIC-UPF),SRA570721,,public,8B0ABE4EA2015F36BDFD4ED9A1C3D684,C8576114B6A287B6BAE2947BEF23AA72
SRR5647755,2017-12-31 00:02:34,2017-06-06 06:54:02,43608843,13125121203,43608843,300,6832,,https://sra-download.ncbi.nlm.nih.gov/traces/sra49/SRR/005515/SRR5647755,SRX2885353,FR_Vil_14_05,WGS,RANDOM,GENOMIC,PAIRED,0,0,ILLUMINA,NextSeq 500,SRP108658,PRJNA388788,,388788,SRS2253438,SAMN07184614,simple,7227,Drosophila melanogaster,FR_Vil_14_05,,,,,male,,no,,,,,INSTITUT DE BIOLOGIA EVOLUTIVA (CSIC-UPF),SRA570721,,public,89ECB8443F5D37766B7708776E3B6F91,B6F30FC4D0628E8B283F8B6B1EED71F2
SRR5647729,2017-12-31 00:02:35,2017-06-06 06:59:59,48726571,14665522947,48726571,300,7616,,https://sra-download.ncbi.nlm.nih.gov/traces/sra49/SRR/005515/SRR5647729,SRX2885379,FR_Vil_14_07,WGS,RANDOM,GENOMIC,PAIRED,0,0,ILLUMINA,NextSeq 500,SRP108658,PRJNA388788,,388788,SRS2253464,SAMN07184615,simple,7227,Drosophila melanogaster,FR_Vil_14_07,,,,,male,,no,,,,,INSTITUT DE BIOLOGIA EVOLUTIVA (CSIC-UPF),SRA570721,,public,59D956DF461EEE20C5AAC3FB03F4A67C,3F5ED317C9C34FB917E88835BC66CD37
SRR8439165,2019-01-14 05:24:04,2019-01-14 05:16:39,52768558,15830567400,52768558,300,6094,,https://sra-download.ncbi.nlm.nih.gov/traces/sra75/SRR/008241/SRR8439165,SRX5246543,FR_Vil_15_40,WGS,RANDOM,GENOMIC,PAIRED,0,0,ILLUMINA,HiSeq X Ten,SRP108658,PRJNA388788,,388788,SRS4248816,SAMN10520149,simple,7227,Drosophila melanogaster,FR_Vil_15_40,,,,,male,,no,,,,,INSTITUT DE BIOLOGIA EVOLUTIVA (CSIC-UPF),SRA834373,,public,77A3B59E751BFF29FB8FFA2F41CCAED5,9823308F0E5E3EAA6CF6430DBAB44BEB
SRR8439154,2019-01-14 05:21:11,2019-01-14 05:13:31,50435829,15130748700,50435829,300,5940,,https://sra-download.ncbi.nlm.nih.gov/traces/sra75/SRR/008241/SRR8439154,SRX5246554,PO_Brz_15_12,WGS,RANDOM,GENOMIC,PAIRED,0,0,ILLUMINA,HiSeq X Ten,SRP108658,PRJNA388788,,388788,SRS4248827,SAMN10520121,simple,7227,Drosophila melanogaster,PO_Brz_15_12,,,,,male,,no,,,,,INSTITUT DE BIOLOGIA EVOLUTIVA (CSIC-UPF),SRA834373,,public,5BF208533A43FF98A6CCF9EB1C7EB18A,2044B21F64FBE8B01F8464CBAAEAC8EE
SRR5647770,2017-12-31 00:02:33,2017-06-06 06:50:41,33966178,10196965496,33966178,300,4877,,https://sra-download.ncbi.nlm.nih.gov/traces/sra48/SRR/005515/SRR5647770,SRX2885338,PT_Rec_14_33,WGS,RANDOM,GENOMIC,PAIRED,0,0,ILLUMINA,NextSeq 500,SRP108658,PRJNA388788,,388788,SRS2253423,SAMN07184640,simple,7227,Drosophila melanogaster,PT_Rec_14_33,,,,,male,,no,,,,,INSTITUT DE BIOLOGIA EVOLUTIVA (CSIC-UPF),SRA570721,,public,CD545A117DF63616A4E5FD17B701D71F,461271F9B56CCCA197D3DE2FB0F2741B
SRR8439150,2019-01-14 05:25:12,2019-01-14 05:18:55,62609196,18782758800,62609196,300,7442,,https://sra-download.ncbi.nlm.nih.gov/traces/sra75/SRR/008241/SRR8439150,SRX5246558,PT_Rec_15_16,WGS,RANDOM,GENOMIC,PAIRED,0,0,ILLUMINA,HiSeq X Ten,SRP108658,PRJNA388788,,388788,SRS4248831,SAMN10520125,simple,7227,Drosophila melanogaster,PT_Rec_15_16,,,,,male,,no,,,,,INSTITUT DE BIOLOGIA EVOLUTIVA (CSIC-UPF),SRA834373,,public,C4518FEF9E2C3FFC438550A483F4F13C,C41401B44E2D7F0CF4B7DFCA32D8D48B
SRR5647741,2017-12-31 00:02:35,2017-06-06 07:08:36,61545346,18412344211,61545346,299,9562,,https://sra-download.ncbi.nlm.nih.gov/traces/sra49/SRR/005515/SRR5647741,SRX2885367,RU_Val_14_51,WGS,RANDOM,GENOMIC,PAIRED,0,0,ILLUMINA,NextSeq 500,SRP108658,PRJNA388788,,388788,SRS2253452,SAMN07184657,simple,7227,Drosophila melanogaster,RU_Val_14_51,,,,,male,,no,,,,,INSTITUT DE BIOLOGIA EVOLUTIVA (CSIC-UPF),SRA570721,,public,89390BA46C3CDDBFA2860506A29C9EFA,D80515B4B1BE1A74E2EDE18310383436
SRR8439159,2019-01-14 05:26:36,2019-01-14 05:22:52,53318756,15995626800,53318756,300,6119,,https://sra-download.ncbi.nlm.nih.gov/traces/sra75/SRR/008241/SRR8439159,SRX5246549,RU_tul_15_37,WGS,RANDOM,GENOMIC,PAIRED,0,0,ILLUMINA,HiSeq X Ten,SRP108658,PRJNA388788,,388788,SRS4248822,SAMN10520146,simple,7227,Drosophila melanogaster,RU_tul_15_37,,,,,male,,no,,,,,INSTITUT DE BIOLOGIA EVOLUTIVA (CSIC-UPF),SRA834373,,public,AE89DDCBB59EA6C79E1E7D68EAAF45B6,CC70A3C5B3D5D4AE1295F350A2EF750A
SRR8439160,2019-01-14 05:21:11,2019-01-14 05:13:57,48875939,14662781700,48875939,300,5602,,https://sra-download.ncbi.nlm.nih.gov/traces/sra75/SRR/008241/SRR8439160,SRX5246548,RU_val_15_36,WGS,RANDOM,GENOMIC,PAIRED,0,0,ILLUMINA,HiSeq X Ten,SRP108658,PRJNA388788,,388788,SRS4248821,SAMN10520145,simple,7227,Drosophila melanogaster,RU_val_15_36,,,,,male,,no,,,,,INSTITUT DE BIOLOGIA EVOLUTIVA (CSIC-UPF),SRA834373,,public,8CC9AD2D1D8FE445FC3FA14EC03E61AE,1FD68515E2A269919C0DE65C72BFB841
SRR8439158,2019-01-14 05:21:11,2019-01-14 05:12:46,50918568,15275570400,50918568,300,5891,,https://sra-download.ncbi.nlm.nih.gov/traces/sra75/SRR/008241/SRR8439158,SRX5246550,RU_val_15_38,WGS,RANDOM,GENOMIC,PAIRED,0,0,ILLUMINA,HiSeq X Ten,SRP108658,PRJNA388788,,388788,SRS4248823,SAMN10520147,simple,7227,Drosophila melanogaster,RU_val_15_38,,,,,male,,no,,,,,INSTITUT DE BIOLOGIA EVOLUTIVA (CSIC-UPF),SRA834373,,public,EA3E23D3AB3F5FE0E895F63909BBB093,2C3E526BCD57017B4E0C3B0F1ADFC70F
SRR5647735,2017-12-31 00:02:35,2017-06-06 06:51:59,34117123,10218751107,34117123,299,3877,,https://sra-download.ncbi.nlm.nih.gov/traces/sra48/SRR/005515/SRR5647735,SRX2885373,SE_Lun_14_30,WGS,RANDOM,GENOMIC,PAIRED,0,0,ILLUMINA,NextSeq 500,SRP108658,PRJNA388788,,388788,SRS2253458,SAMN07184637,simple,7227,Drosophila melanogaster,SE_Lun_14_30,,,,,male,,no,,,,,INSTITUT DE BIOLOGIA EVOLUTIVA (CSIC-UPF),SRA570721,,public,18893E3691311A9982F340C482900706,14F057888903EFFC76610068040E1493
SRR8439156,2019-01-14 05:22:11,2019-01-14 05:15:49,57459875,17237962500,57459875,300,6633,,https://sra-download.ncbi.nlm.nih.gov/traces/sra75/SRR/008241/SRR8439156,SRX5246552,SE_Lun_15_14,WGS,RANDOM,GENOMIC,PAIRED,0,0,ILLUMINA,HiSeq X Ten,SRP108658,PRJNA388788,,388788,SRS4248825,SAMN10520123,simple,7227,Drosophila melanogaster,SE_Lun_15_14,,,,,male,,no,,,,,INSTITUT DE BIOLOGIA EVOLUTIVA (CSIC-UPF),SRA834373,,public,F90F2F3DE5E030D00389B6BC9582D35E,BD274C0BB0B1744143F23003491D5E4E
SRR8439151,2019-01-14 05:22:11,2019-01-14 05:16:16,62290930,18687279000,62290930,300,7284,,https://sra-download.ncbi.nlm.nih.gov/traces/sra75/SRR/008241/SRR8439151,SRX5246557,SE_Lun_15_15,WGS,RANDOM,GENOMIC,PAIRED,0,0,ILLUMINA,HiSeq X Ten,SRP108658,PRJNA388788,,388788,SRS4248830,SAMN10520124,simple,7227,Drosophila melanogaster,SE_Lun_15_15,,,,,male,,no,,,,,INSTITUT DE BIOLOGIA EVOLUTIVA (CSIC-UPF),SRA834373,,public,35928C6627EF5EA67813EC65B8B3BFE8,23C577A71586230C5A436EE766EF21EE
SRR5647749,2017-12-31 00:02:34,2017-06-06 06:44:52,27903280,8397573138,27903280,300,4398,,https://sra-download.ncbi.nlm.nih.gov/traces/sra48/SRR/005515/SRR5647749,SRX2885359,TR_Yes_14_03,WGS,RANDOM,GENOMIC,PAIRED,0,0,ILLUMINA,NextSeq 500,SRP108658,PRJNA388788,,388788,SRS2253444,SAMN07184612,simple,7227,Drosophila melanogaster,TR_Yes_14_03,,,,,male,,no,,,,,INSTITUT DE BIOLOGIA EVOLUTIVA (CSIC-UPF),SRA570721,,public,C449E925A8BF966D4E1DC0E3CF7AA222,D93EC3634AFE215E17DE5794B7DCF04E
SRR5647748,2017-12-31 00:02:34,2017-06-06 06:46:56,30547555,9193137491,30547555,300,4760,,https://sra-download.ncbi.nlm.nih.gov/traces/sra48/SRR/005515/SRR5647748,SRX2885360,TR_Yes_14_04,WGS,RANDOM,GENOMIC,PAIRED,0,0,ILLUMINA,NextSeq 500,SRP108658,PRJNA388788,,388788,SRS2253445,SAMN07184613,simple,7227,Drosophila melanogaster,TR_Yes_14_04,,,,,male,,no,,,,,INSTITUT DE BIOLOGIA EVOLUTIVA (CSIC-UPF),SRA570721,,public,978C12422DED7DC9D027EDC6A743692A,240D7E28E2168C18D4CBE861138697E9
SRR5647733,2017-12-31 00:02:35,2017-06-06 06:47:27,37377281,11206732267,37377281,299,4272,,https://sra-download.ncbi.nlm.nih.gov/traces/sra48/SRR/005515/SRR5647733,SRX2885375,UA_Che_14_28,WGS,RANDOM,GENOMIC,PAIRED,0,0,ILLUMINA,NextSeq 500,SRP108658,PRJNA388788,,388788,SRS2253460,SAMN07184635,simple,7227,Drosophila melanogaster,UA_Che_14_28,,,,,male,,no,,,,,INSTITUT DE BIOLOGIA EVOLUTIVA (CSIC-UPF),SRA570721,,public,C386BD450041EC1D352232996678EE29,CC3A8ECC3B7EF225B7FEB7064CC2C391
SRR5647734,2017-12-31 00:02:35,2017-06-06 06:43:48,32360222,9708570005,32360222,300,3704,,https://sra-download.ncbi.nlm.nih.gov/traces/sra48/SRR/005515/SRR5647734,SRX2885374,UA_Che_14_29,WGS,RANDOM,GENOMIC,PAIRED,0,0,ILLUMINA,NextSeq 500,SRP108658,PRJNA388788,,388788,SRS2253459,SAMN07184636,simple,7227,Drosophila melanogaster,UA_Che_14_29,,,,,male,,no,,,,,INSTITUT DE BIOLOGIA EVOLUTIVA (CSIC-UPF),SRA570721,,public,727E990C0ABC394BE3A13BB6E2991253,C24FB0E7066E8E5EDAF070035F3E9429
SRR5647731,2017-12-31 00:02:35,2017-06-06 06:50:46,36843157,11038192629,36843157,299,5645,,https://sra-download.ncbi.nlm.nih.gov/traces/sra48/SRR/005515/SRR5647731,SRX2885377,UA_Che_14_47,WGS,RANDOM,GENOMIC,PAIRED,0,0,ILLUMINA,NextSeq 500,SRP108658,PRJNA388788,,388788,SRS2253462,SAMN07184653,simple,7227,Drosophila melanogaster,UA_Che_14_47,,,,,male,,no,,,,,INSTITUT DE BIOLOGIA EVOLUTIVA (CSIC-UPF),SRA570721,,public,B0DC602D7CEB888AE3BB9DB19CC11E86,E48D03B18434F4D7FA75B5781A8132AD
SRR5647742,2017-12-31 00:02:35,2017-06-06 06:54:13,37600950,11219422329,37600950,298,5734,,https://sra-download.ncbi.nlm.nih.gov/traces/sra49/SRR/005515/SRR5647742,SRX2885366,UA_Che_14_48,WGS,RANDOM,GENOMIC,PAIRED,0,0,ILLUMINA,NextSeq 500,SRP108658,PRJNA388788,,388788,SRS2253451,SAMN07184654,simple,7227,Drosophila melanogaster,UA_Che_14_48,,,,,male,,no,,,,,INSTITUT DE BIOLOGIA EVOLUTIVA (CSIC-UPF),SRA570721,,public,12CB2D4F5846C6CD7038CDB297CB6577,236D153F3D6C29758A8FEBBC9E0BAF43
SRR8439149,2019-01-14 05:26:36,2019-01-14 05:21:13,67472936,20376826672,67472936,302,8269,,https://sra-download.ncbi.nlm.nih.gov/traces/sra75/SRR/008241/SRR8439149,SRX5246559,UA_Cho_15_65,WGS,RANDOM,GENOMIC,PAIRED,0,0,ILLUMINA,HiSeq X Ten,SRP108658,PRJNA388788,,388788,SRS4248832,SAMN10520167,simple,7227,Drosophila melanogaster,UA_Cho_15_65,,,,,male,,no,,,,,INSTITUT DE BIOLOGIA EVOLUTIVA (CSIC-UPF),SRA834373,,public,D8AED95F613079D282FF2A8008C435C5,08135775AF67D5412CDC707663BB6B04
SRR8439169,2019-01-14 05:48:02,2019-01-14 05:41:12,60857084,18378839368,60857084,302,7624,,https://sra-download.ncbi.nlm.nih.gov/traces/sra75/SRR/008241/SRR8439169,SRX5246539,UA_Cho_15_68,WGS,RANDOM,GENOMIC,PAIRED,0,0,ILLUMINA,HiSeq X Ten,SRP108658,PRJNA388788,,388788,SRS4248812,SAMN10520170,simple,7227,Drosophila melanogaster,UA_Cho_15_68,,,,,male,,no,,,,,INSTITUT DE BIOLOGIA EVOLUTIVA (CSIC-UPF),SRA834373,,public,41447B23E7CC547B011AEA74496F038C,01E6355EA1C78BDD7F62A976B309E041
SRR5647732,2017-12-31 00:02:35,2017-06-06 06:48:29,41121785,12295311874,41121785,298,4617,,https://sra-download.ncbi.nlm.nih.gov/traces/sra48/SRR/005515/SRR5647732,SRX2885376,UA_Dro_14_27,WGS,RANDOM,GENOMIC,PAIRED,0,0,ILLUMINA,NextSeq 500,SRP108658,PRJNA388788,,388788,SRS2253461,SAMN07184634,simple,7227,Drosophila melanogaster,UA_Dro_14_27,,,,,male,,no,,,,,INSTITUT DE BIOLOGIA EVOLUTIVA (CSIC-UPF),SRA570721,,public,3AAC310B5D2028ED070EB165CC731B8B,85FF316274D93B2EED8537237AE610F1
SRR5647747,2017-12-31 00:02:35,2017-06-06 07:06:00,39171096,11700494479,39171096,298,5986,,https://sra-download.ncbi.nlm.nih.gov/traces/sra48/SRR/005515/SRR5647747,SRX2885361,UA_Kha_14_45,WGS,RANDOM,GENOMIC,PAIRED,0,0,ILLUMINA,NextSeq 500,SRP108658,PRJNA388788,,388788,SRS2253446,SAMN07184651,simple,7227,Drosophila melanogaster,UA_Kha_14_45,,,,,male,,no,,,,,INSTITUT DE BIOLOGIA EVOLUTIVA (CSIC-UPF),SRA570721,,public,72AFDB063BBE894307513DC8BF994AAD,1B68083402C57368910B8AEED659DD06
SRR5647730,2017-12-31 00:02:35,2017-06-06 06:51:57,41580369,12433139312,41580369,299,6326,,https://sra-download.ncbi.nlm.nih.gov/traces/sra48/SRR/005515/SRR5647730,SRX2885378,UA_Kha_14_46,WGS,RANDOM,GENOMIC,PAIRED,0,0,ILLUMINA,NextSeq 500,SRP108658,PRJNA388788,,388788,SRS2253463,SAMN07184652,simple,7227,Drosophila melanogaster,UA_Kha_14_46,,,,,male,,no,,,,,INSTITUT DE BIOLOGIA EVOLUTIVA (CSIC-UPF),SRA570721,,public,8831D2741C10727AD90856B88BA22A14,7305ABB9C09E3FB1F5AAAC87049C634C
SRR5647736,2017-12-31 00:02:35,2017-06-06 07:01:28,40410746,11956475489,40410746,295,4493,,https://sra-download.ncbi.nlm.nih.gov/traces/sra48/SRR/005515/SRR5647736,SRX2885372,UA_Kyi_14_23,WGS,RANDOM,GENOMIC,PAIRED,0,0,ILLUMINA,NextSeq 500,SRP108658,PRJNA388788,,388788,SRS2253457,SAMN07184630,simple,7227,Drosophila melanogaster,UA_Kyi_14_23,,,,,male,,no,,,,,INSTITUT DE BIOLOGIA EVOLUTIVA (CSIC-UPF),SRA570721,,public,7E6F99579FF39E56D0CEA37E5FCD36B9,42E9FD51CBEC9BFCA2C53AC247C1AD38
SRR5647737,2017-12-31 00:02:35,2017-06-06 06:46:04,28913698,8663188248,28913698,299,3391,,https://sra-download.ncbi.nlm.nih.gov/traces/sra48/SRR/005515/SRR5647737,SRX2885371,UA_Kyi_14_24,WGS,RANDOM,GENOMIC,PAIRED,0,0,ILLUMINA,NextSeq 500,SRP108658,PRJNA388788,,388788,SRS2253456,SAMN07184631,simple,7227,Drosophila melanogaster,UA_Kyi_14_24,,,,,male,,no,,,,,INSTITUT DE BIOLOGIA EVOLUTIVA (CSIC-UPF),SRA570721,,public,5C4C40B7FF731284555C928E703D6778,2A5FC1061B167803B99FE50CF183C4AA
SRR5647743,2017-12-31 00:02:35,2017-06-06 06:45:52,28126935,8454052108,28126935,300,4337,,https://sra-download.ncbi.nlm.nih.gov/traces/sra48/SRR/005515/SRR5647743,SRX2885365,UA_Kyi_14_49,WGS,RANDOM,GENOMIC,PAIRED,0,0,ILLUMINA,NextSeq 500,SRP108658,PRJNA388788,,388788,SRS2253450,SAMN07184655,simple,7227,Drosophila melanogaster,UA_Kyi_14_49,,,,,male,,no,,,,,INSTITUT DE BIOLOGIA EVOLUTIVA (CSIC-UPF),SRA570721,,public,EFA8D807948B5A4929129710098A628B,EE680F89E20E497A3A414B3BA45FF4BD
SRR5647766,2017-12-31 00:02:34,2017-06-06 06:50:56,34576913,10398267068,34576913,300,4030,,https://sra-download.ncbi.nlm.nih.gov/traces/sra48/SRR/005515/SRR5647766,SRX2885342,UA_Ode_14_19,WGS,RANDOM,GENOMIC,PAIRED,0,0,ILLUMINA,NextSeq 500,SRP108658,PRJNA388788,,388788,SRS2253427,SAMN07184626,simple,7227,Drosophila melanogaster,UA_Ode_14_19,,,,,male,,no,,,,,INSTITUT DE BIOLOGIA EVOLUTIVA (CSIC-UPF),SRA570721,,public,98F7108AD3A543282C41B3808F9887CB,3AC65CB7D7FE0E59C00D4EE741F2ED13
SRR5647765,2017-12-31 00:02:34,2017-06-06 06:50:40,29473798,8856084573,29473798,300,3474,,https://sra-download.ncbi.nlm.nih.gov/traces/sra48/SRR/005515/SRR5647765,SRX2885343,UA_Ode_14_20,WGS,RANDOM,GENOMIC,PAIRED,0,0,ILLUMINA,NextSeq 500,SRP108658,PRJNA388788,,388788,SRS2253428,SAMN07184627,simple,7227,Drosophila melanogaster,UA_Ode_14_20,,,,,male,,no,,,,,INSTITUT DE BIOLOGIA EVOLUTIVA (CSIC-UPF),SRA570721,,public,40AE9D3AEB73D952D55C849E9D46D94A,4F3085254650491535A0A6143C2A0882
SRR5647768,2017-12-31 00:02:34,2017-06-06 07:04:46,33568623,10088079918,33568623,300,4035,,https://sra-download.ncbi.nlm.nih.gov/traces/sra48/SRR/005515/SRR5647768,SRX2885340,UA_Ode_14_21,WGS,RANDOM,GENOMIC,PAIRED,0,0,ILLUMINA,NextSeq 500,SRP108658,PRJNA388788,,388788,SRS2253425,SAMN07184628,simple,7227,Drosophila melanogaster,UA_Ode_14_21,,,,,male,,no,,,,,INSTITUT DE BIOLOGIA EVOLUTIVA (CSIC-UPF),SRA570721,,public,03DC353E3B32D4A7077837BF4DBD3F37,13799FD7987C91670B3D65DA448832B9
SRR5647767,2017-12-31 00:02:34,2017-06-06 06:51:03,33756593,10116149417,33756593,299,3878,,https://sra-download.ncbi.nlm.nih.gov/traces/sra48/SRR/005515/SRR5647767,SRX2885341,UA_Ode_14_22,WGS,RANDOM,GENOMIC,PAIRED,0,0,ILLUMINA,NextSeq 500,SRP108658,PRJNA388788,,388788,SRS2253426,SAMN07184629,simple,7227,Drosophila melanogaster,UA_Ode_14_22,,,,,male,,no,,,,,INSTITUT DE BIOLOGIA EVOLUTIVA (CSIC-UPF),SRA570721,,public,B550EEDFE02AC2A1EED286EC6E19D501,7EC6BDFC584B8CA43B23D39FCFC3EAE9
SRR8439155,2019-01-14 05:21:11,2019-01-14 05:13:43,45454902,13636470600,45454902,300,5329,,https://sra-download.ncbi.nlm.nih.gov/traces/sra75/SRR/008241/SRR8439155,SRX5246553,UA_Ode_15_11,WGS,RANDOM,GENOMIC,PAIRED,0,0,ILLUMINA,HiSeq X Ten,SRP108658,PRJNA388788,,388788,SRS4248826,SAMN10520120,simple,7227,Drosophila melanogaster,UA_Ode_15_11,,,,,male,,no,,,,,INSTITUT DE BIOLOGIA EVOLUTIVA (CSIC-UPF),SRA834373,,public,B797D0AC2F3294F8C2FAAA9C95D2134A,31F763586160B9725826B88DD326BE3A
SRR5647739,2017-12-31 00:02:35,2017-06-06 06:58:14,47720385,14221412617,47720385,298,5299,,https://sra-download.ncbi.nlm.nih.gov/traces/sra49/SRR/005515/SRR5647739,SRX2885369,UA_Pir_14_26,WGS,RANDOM,GENOMIC,PAIRED,0,0,ILLUMINA,NextSeq 500,SRP108658,PRJNA388788,,388788,SRS2253454,SAMN07184633,simple,7227,Drosophila melanogaster,UA_Pir_14_26,,,,,male,,no,,,,,INSTITUT DE BIOLOGIA EVOLUTIVA (CSIC-UPF),SRA570721,,public,A84CCE36D06550AE7361F9BD58AA1150,4E1509A99D8086A3CC01093075431F84
SRR5647740,2017-12-31 00:02:35,2017-06-06 06:52:18,34289569,10305465172,34289569,300,5272,,https://sra-download.ncbi.nlm.nih.gov/traces/sra48/SRR/005515/SRR5647740,SRX2885368,UA_Uma_14_50,WGS,RANDOM,GENOMIC,PAIRED,0,0,ILLUMINA,NextSeq 500,SRP108658,PRJNA388788,,388788,SRS2253453,SAMN07184656,simple,7227,Drosophila melanogaster,UA_Uma_14_50,,,,,male,,no,,,,,INSTITUT DE BIOLOGIA EVOLUTIVA (CSIC-UPF),SRA570721,,public,EB1CBD9C6D4AAE55222E8EF7FB2AA696,2FBBF779C19FB8787405DD2FF80BD139
SRR5647738,2017-12-31 00:02:35,2017-06-06 06:50:53,37054099,11092208930,37054099,299,4252,,https://sra-download.ncbi.nlm.nih.gov/traces/sra48/SRR/005515/SRR5647738,SRX2885370,UA_Var_14_25,WGS,RANDOM,GENOMIC,PAIRED,0,0,ILLUMINA,NextSeq 500,SRP108658,PRJNA388788,,388788,SRS2253455,SAMN07184632,simple,7227,Drosophila melanogaster,UA_Var_14_25,,,,,male,,no,,,,,INSTITUT DE BIOLOGIA EVOLUTIVA (CSIC-UPF),SRA570721,,public,33345A943FEA58FC9B2DC1D63B91A024,0249A6EC8FBD8A04E9230B4B484B97E6
SRR8439152,2019-01-14 05:17:41,2019-01-14 05:12:26,47392514,14217754200,47392514,300,5440,,https://sra-download.ncbi.nlm.nih.gov/traces/sra75/SRR/008241/SRR8439152,SRX5246556,UA_Var_15_18,WGS,RANDOM,GENOMIC,PAIRED,0,0,ILLUMINA,HiSeq X Ten,SRP108658,PRJNA388788,,388788,SRS4248829,SAMN10520127,simple,7227,Drosophila melanogaster,UA_Var_15_18,,,,,male,,no,,,,,INSTITUT DE BIOLOGIA EVOLUTIVA (CSIC-UPF),SRA834373,,public,D8B0F64041A9040358072CCD18291259,ED27E34516FF09F213098D74DF5B36CA
SRR5647764,2017-12-31 00:02:34,2017-06-06 06:56:48,41836533,12577118954,41836533,300,4911,,https://sra-download.ncbi.nlm.nih.gov/traces/sra48/SRR/005515/SRR5647764,SRX2885344,UA_Yal_14_16,WGS,RANDOM,GENOMIC,PAIRED,0,0,ILLUMINA,NextSeq 500,SRP108658,PRJNA388788,,388788,SRS2253429,SAMN07184624,simple,7227,Drosophila melanogaster,UA_Yal_14_16,,,,,male,,no,,,,,INSTITUT DE BIOLOGIA EVOLUTIVA (CSIC-UPF),SRA570721,,public,BDBF73801864E927EEFA5F87388BDC88,0CB6F55C7B218DDF3EF952A8FD4BCF30
SRR5647763,2017-12-31 00:02:34,2017-06-06 06:53:39,37986789,11422509796,37986789,300,4411,,https://sra-download.ncbi.nlm.nih.gov/traces/sra48/SRR/005515/SRR5647763,SRX2885345,UA_Yal_14_18,WGS,RANDOM,GENOMIC,PAIRED,0,0,ILLUMINA,NextSeq 500,SRP108658,PRJNA388788,,388788,SRS2253430,SAMN07184625,simple,7227,Drosophila melanogaster,UA_Yal_14_18,,,,,male,,no,,,,,INSTITUT DE BIOLOGIA EVOLUTIVA (CSIC-UPF),SRA570721,,public,928F83367A4DEB98CAFB8F602F06A692,DB9BD4906C3251A39F75E393F871D87A
SRR8439167,2019-01-14 05:40:12,2019-01-14 05:22:01,59936872,18100935344,59936872,302,7375,,https://sra-download.ncbi.nlm.nih.gov/traces/sra75/SRR/008241/SRR8439167,SRX5246541,UA_Yal_15_63,WGS,RANDOM,GENOMIC,PAIRED,0,0,ILLUMINA,HiSeq X Ten,SRP108658,PRJNA388788,,388788,SRS4248814,SAMN10520165,simple,7227,Drosophila melanogaster,UA_Yal_15_63,,,,,male,,no,,,,,INSTITUT DE BIOLOGIA EVOLUTIVA (CSIC-UPF),SRA834373,,public,D7EB2EEEC2EF21659BF06BA6A7A3737E,D55185F95D0D90DBF1C7EC6C0D3F31C4
SRR5647759,2017-12-31 00:02:34,2017-06-06 07:01:07,39974402,12010918968,39974402,300,4780,,https://sra-download.ncbi.nlm.nih.gov/traces/sra48/SRR/005515/SRR5647759,SRX2885349,UK_Lut_14_13,WGS,RANDOM,GENOMIC,PAIRED,0,0,ILLUMINA,NextSeq 500,SRP108658,PRJNA388788,,388788,SRS2253434,SAMN07184621,simple,7227,Drosophila melanogaster,UK_Lut_14_13,,,,,male,,no,,,,,INSTITUT DE BIOLOGIA EVOLUTIVA (CSIC-UPF),SRA570721,,public,EBEC1E09D36BFFB52B3B292D561E7A67,C33712C91FC42CF254763460247E2824
SRR5647760,2017-12-31 00:02:34,2017-06-06 06:54:49,47445142,14263478992,47445142,300,5511,,https://sra-download.ncbi.nlm.nih.gov/traces/sra49/SRR/005515/SRR5647760,SRX2885348,UK_Mar_14_12,WGS,RANDOM,GENOMIC,PAIRED,0,0,ILLUMINA,NextSeq 500,SRP108658,PRJNA388788,,388788,SRS2253433,SAMN07184620,simple,7227,Drosophila melanogaster,UK_Mar_14_12,,,,,male,,no,,,,,INSTITUT DE BIOLOGIA EVOLUTIVA (CSIC-UPF),SRA570721,,public,3BCA52C7FA884DA7E7E56A217BC108E8,CDC3787551B3FF380D27AC18F8B6187F
SRR5647752,2017-12-31 00:02:34,2017-06-06 07:01:45,58130316,17496470820,58130316,300,9101,,https://sra-download.ncbi.nlm.nih.gov/traces/sra49/SRR/005515/SRR5647752,SRX2885356,UK_She_14_09,WGS,RANDOM,GENOMIC,PAIRED,0,0,ILLUMINA,NextSeq 500,SRP108658,PRJNA388788,,388788,SRS2253441,SAMN07184617,simple,7227,Drosophila melanogaster,UK_She_14_09,,,,,male,,no,,,,,INSTITUT DE BIOLOGIA EVOLUTIVA (CSIC-UPF),SRA570721,,public,EA69967A6F8F0EADE58B6D3006A59046,F764C9806D29F6D1507AED2A09633D21
SRR8439153,2019-01-14 05:25:12,2019-01-14 05:18:50,59092075,17727622500,59092075,300,6925,,https://sra-download.ncbi.nlm.nih.gov/traces/sra75/SRR/008241/SRR8439153,SRX5246555,UK_She_15_17,WGS,RANDOM,GENOMIC,PAIRED,0,0,ILLUMINA,HiSeq X Ten,SRP108658,PRJNA388788,,388788,SRS4248828,SAMN10520126,simple,7227,Drosophila melanogaster,UK_She_15_17,,,,,male,,no,,,,,INSTITUT DE BIOLOGIA EVOLUTIVA (CSIC-UPF),SRA834373,,public,E26D2F4AC5F7C2D3FFBCD16997B87ED8,E2DCDA41116FE2058B234DC1C320CDA0
SRR5647757,2017-12-31 00:02:34,2017-06-06 06:50:45,32909493,9842303580,32909493,299,5029,,https://sra-download.ncbi.nlm.nih.gov/traces/sra48/SRR/005515/SRR5647757,SRX2885351,UK_Sou_14_10,WGS,RANDOM,GENOMIC,PAIRED,0,0,ILLUMINA,NextSeq 500,SRP108658,PRJNA388788,,388788,SRS2253436,SAMN07184618,simple,7227,Drosophila melanogaster,UK_Sou_14_10,,,,,male,,no,,,,,INSTITUT DE BIOLOGIA EVOLUTIVA (CSIC-UPF),SRA570721,,public,3BF0D95DBA0F94000DCF65D07631BB54,BC56B9A2743028076E634C4ACC160C19
,,,,,,,,,,,,,,,,,,,,,,,,,,,,,,,,,,,,,,,,,,,,,,