Accession	Title	BioProject	BioSample	Status	Release Date	Created	Updated	Submission	SRA.filename
SRR25232480	DK_Mid_Kar_1_2020-10-31 Drosophila melanogaster Wild flies	PRJNA993612	SAMN36404791	Released	2025-04-29	2023-07-11T15:27:20Z	2025-04-29T12:43:12Z	SUB13646505	DrosEu-115_1.fastq.gz, DrosEu-115_2.fastq.gz
SRR25232483	DK_Mid_Kar_1_2019-07-09 Drosophila melanogaster Wild flies	PRJNA993612	SAMN36404788	Released	2025-04-29	2023-07-11T15:27:20Z	2025-04-29T12:43:12Z	SUB13646505	DrosEu-168_1.fastq.gz, DrosEu-168_2.fastq.gz
SRR25232479	ES_Bal_Tom_1_2021-10-07 Drosophila melanogaster Wild flies	PRJNA993612	SAMN36404792	Released	2025-04-29	2023-07-11T15:27:19Z	2025-04-29T12:43:12Z	SUB13646505	DrosEu-17_1.fastq.gz, DrosEu-17_2.fastq.gz
SRR25232482	DK_Mid_Kar_1_2019-10-01 Drosophila melanogaster Wild flies	PRJNA993612	SAMN36404789	Released	2025-04-29	2023-07-11T15:27:20Z	2025-04-29T12:43:12Z	SUB13646505	DrosEu-237_1.fastq.gz, DrosEu-237_2.fastq.gz
SRR25232485	DK_Mid_Kar_1_2018-06-30 Drosophila melanogaster Wild flies	PRJNA993612	SAMN36404786	Released	2025-04-29	2023-07-11T15:27:20Z	2025-04-29T12:43:12Z	SUB13646505	DrosEu-174_1.fastq.gz, DrosEu-174_2.fastq.gz
SRR25232481	DK_Mid_Kar_1_2020-07-31 Drosophila melanogaster Wild flies	PRJNA993612	SAMN36404790	Released	2025-04-29	2023-07-11T15:27:20Z	2025-04-29T12:43:12Z	SUB13646505	DrosEu-114_1.fastq.gz, DrosEu-114_2.fastq.gz
SRR25232484	DK_Mid_Kar_1_2018-10-05 Drosophila melanogaster Wild flies	PRJNA993612	SAMN36404787	Released	2025-04-29	2023-07-11T15:27:20Z	2025-04-29T12:43:12Z	SUB13646505	DrosEu-175_1.fastq.gz, DrosEu-175_2.fastq.gz
SRR25232486	DK_Mid_Kar_1_2017-08-08 Drosophila melanogaster Wild flies	PRJNA993612	SAMN36404785	Released	2025-04-29	2023-07-11T15:27:20Z	2025-04-29T12:43:11Z	SUB13646505	DrosEu-234_1.fastq.gz, DrosEu-234_2.fastq.gz
SRR25232489	DE_Bra_Ber_1_2021-07-24 Drosophila melanogaster Wild flies	PRJNA993612	SAMN36404783	Released	2025-04-29	2023-07-11T15:27:20Z	2025-04-29T12:43:11Z	SUB13646505	DrosEu-78_1.fastq.gz, DrosEu-78_2.fastq.gz
SRR25232495	EC_Pic_Con_1_2019-06-26 Drosophila melanogaster NA	PRJNA993612	SAMN36404982	Released	2025-04-29	2023-07-11T15:27:21Z	2025-04-29T12:43:11Z	SUB13646505	Conocotoco_1.fastq.gz, Conocotoco_2.fastq.gz
SRR25232498	CO_Mag_Sie_1_2019-07-24 Drosophila melanogaster NA	PRJNA993612	SAMN36404979	Released	2025-04-29	2023-07-11T15:27:21Z	2025-04-29T12:43:11Z	SUB13646505	Minca_1.fastq.gz, Minca_2.fastq.gz
SRR25232501	BR_Sao_USP_1_2019-09-15 Drosophila melanogaster NA	PRJNA993612	SAMN36404976	Released	2025-04-29	2023-07-11T15:27:22Z	2025-04-29T12:43:11Z	SUB13646505	USP_Sao_Paulo_1.fastq.gz, USP_Sao_Paulo_2.fastq.gz
SRR25232507	US_Vir_Cha_1_2020-07-03 Drosophila melanogaster Wild flies	PRJNA993612	SAMN36404971	Released	2025-04-29	2023-07-11T15:27:23Z	2025-04-29T12:43:11Z	SUB13646505	DrosEu-245_1.fastq.gz, DrosEu-245_2.fastq.gz
SRR25232499	CO_Cun_Tab_1_2019-12-20 Drosophila melanogaster NA	PRJNA993612	SAMN36404978	Released	2025-04-29	2023-07-11T15:27:22Z	2025-04-29T12:43:11Z	SUB13646505	Los_Arbustos_1.fastq.gz, Los_Arbustos_2.fastq.gz
SRR25232502	BR_Rio_San_1_2020-01-06 Drosophila melanogaster NA	PRJNA993612	SAMN36404975	Released	2025-04-29	2023-07-11T15:27:22Z	2025-04-29T12:43:11Z	SUB13646505	Santa_Maria_1.fastq.gz, Santa_Maria_2.fastq.gz
SRR25232505	US_Vir_Cha_1_2020-09-30 Drosophila melanogaster Wild flies	PRJNA993612	SAMN36404973	Released	2025-04-29	2023-07-11T15:27:23Z	2025-04-29T12:43:11Z	SUB13646505	DrosEu-251_1.fastq.gz, DrosEu-251_2.fastq.gz
SRR25232508	US_Vir_Cha_1_2019-09-06 Drosophila melanogaster Wild flies	PRJNA993612	SAMN36404970	Released	2025-04-29	2023-07-11T15:27:23Z	2025-04-29T12:43:11Z	SUB13646505	DrosEu-240_1.fastq.gz, DrosEu-240_2.fastq.gz
SRR25232488	DE_Bra_Ber_2_2021-07-24 Drosophila melanogaster Wild flies	PRJNA993612	SAMN36404784	Released	2025-04-29	2023-07-11T15:27:20Z	2025-04-29T12:43:11Z	SUB13646505	DrosEu-97_1.fastq.gz, DrosEu-97_2.fastq.gz
SRR25232497	CO_Tol_Gir_1_2019-04-04 Drosophila melanogaster NA	PRJNA993612	SAMN36404980	Released	2025-04-29	2023-07-11T15:27:21Z	2025-04-29T12:43:11Z	SUB13646505	Girardot_1.fastq.gz, Girardot_2.fastq.gz
SRR25232500	CO_Cun_LaV_1_2019-02-21 Drosophila melanogaster NA	PRJNA993612	SAMN36404977	Released	2025-04-29	2023-07-11T15:27:22Z	2025-04-29T12:43:11Z	SUB13646505	La_Vega_1.fastq.gz, La_Vega_2.fastq.gz
SRR25232503	DE_Bay_Mun_1_2020-09-05 Drosophila melanogaster Wild flies	PRJNA993612	SAMN36404777	Released	2025-04-29	2023-07-11T15:27:22Z	2025-04-29T12:43:11Z	SUB13646505	DrosEu-95_1.fastq.gz, DrosEu-95_2.fastq.gz
SRR25232506	US_Vir_Cha_1_2020-08-21 Drosophila melanogaster Wild flies	PRJNA993612	SAMN36404972	Released	2025-04-29	2023-07-11T15:27:23Z	2025-04-29T12:43:11Z	SUB13646505	DrosEu-248_1.fastq.gz, DrosEu-248_2.fastq.gz
SRR25232509	US_Vir_Cha_1_2019-08-14 Drosophila melanogaster Wild flies	PRJNA993612	SAMN36404969	Released	2025-04-29	2023-07-11T15:27:23Z	2025-04-29T12:43:11Z	SUB13646505	DrosEu-239_1.fastq.gz, DrosEu-239_2.fastq.gz
SRR25232487	CH_Vau_Vul_1_2018-09-18 Drosophila melanogaster Wild flies	PRJNA993612	SAMN36404758	Released	2025-04-29	2023-07-11T15:27:20Z	2025-04-29T12:43:11Z	SUB13646505	DrosEu-113_1.fastq.gz, DrosEu-113_2.fastq.gz
SRR25232496	CO_Tol_Mel_1_2019-06-11 Drosophila melanogaster NA	PRJNA993612	SAMN36404981	Released	2025-04-29	2023-07-11T15:27:21Z	2025-04-29T12:43:11Z	SUB13646505	Melgar_1.fastq.gz, Melgar_2.fastq.gz
SRR25232512	HU_Pes_Pil_1_2018-10-30 Drosophila melanogaster Wild flies	PRJNA993612	SAMN36404849	Released	2025-04-29	2023-07-11T15:27:24Z	2025-04-29T12:43:10Z	SUB13646505	DrosEu-134_1.fastq.gz, DrosEu-134_2.fastq.gz
SRR25232515	HR_Dub_Her_1_2019-09-19 Drosophila melanogaster Wild flies	PRJNA993612	SAMN36404846	Released	2025-04-29	2023-07-11T15:27:24Z	2025-04-29T12:43:10Z	SUB13646505	DrosEu-160_1.fastq.gz, DrosEu-160_2.fastq.gz
SRR25232518	GR_Kri_Ira_1_2019-MM-DD Drosophila melanogaster Wild flies	PRJNA993612	SAMN36404844	Released	2025-04-29	2023-07-11T15:27:25Z	2025-04-29T12:43:10Z	SUB13646505	DrosEu-172_1.fastq.gz, DrosEu-172_2.fastq.gz
SRR25232521	GR_Kri_Her_1_2020-07-13 Drosophila melanogaster Wild flies	PRJNA993612	SAMN36404841	Released	2025-04-29	2023-07-11T15:27:25Z	2025-04-29T12:43:10Z	SUB13646505	DrosEu-118_1.fastq.gz, DrosEu-118_2.fastq.gz
SRR25232492	DE_Bay_Wue_1_2020-09-23 Drosophila melanogaster Wild flies	PRJNA993612	SAMN36404780	Released	2025-04-29	2023-07-11T15:27:21Z	2025-04-29T12:43:10Z	SUB13646505	DrosEu-106_1.fastq.gz, DrosEu-106_2.fastq.gz
SRR25232504	US_Vir_Cha_1_2021-10-15 Drosophila melanogaster Wild flies	PRJNA993612	SAMN36404974	Released	2025-04-29	2023-07-11T15:27:23Z	2025-04-29T12:43:10Z	SUB13646505	DrosEu-242_1.fastq.gz, DrosEu-242_2.fastq.gz
SRR25232510	US_Vir_Cha_1_2019-06-18 Drosophila melanogaster Wild flies	PRJNA993612	SAMN36404968	Released	2025-04-29	2023-07-11T15:27:24Z	2025-04-29T12:43:10Z	SUB13646505	DrosEu-238_1.fastq.gz, DrosEu-238_2.fastq.gz
SRR25232513	HU_Pes_Pil_1_2018-07-04 Drosophila melanogaster Wild flies	PRJNA993612	SAMN36404848	Released	2025-04-29	2023-07-11T15:27:24Z	2025-04-29T12:43:10Z	SUB13646505	DrosEu-135_1.fastq.gz, DrosEu-135_2.fastq.gz
SRR25232511	HU_Pes_Pil_1_2020-08-17 Drosophila melanogaster Wild flies	PRJNA993612	SAMN36404850	Released	2025-04-29	2023-07-11T15:27:24Z	2025-04-29T12:43:10Z	SUB13646505	DrosEu-137_1.fastq.gz, DrosEu-137_2.fastq.gz
SRR25232514	HR_Dub_Kam_1_2017-09-20 Drosophila melanogaster Wild flies	PRJNA993612	SAMN36404847	Released	2025-04-29	2023-07-11T15:27:24Z	2025-04-29T12:43:10Z	SUB13646505	DrosEu-200_1.fastq.gz, DrosEu-200_2.fastq.gz
SRR25232517	DE_Bad_Bro_1_2018-06-26 Drosophila melanogaster Wild flies	PRJNA993612	SAMN36404764	Released	2025-04-29	2023-07-11T15:27:24Z	2025-04-29T12:43:10Z	SUB13646505	DrosEu-192_1.fastq.gz, DrosEu-192_2.fastq.gz
SRR25232520	GR_Kri_Ira_1_2017-11-06 Drosophila melanogaster Wild flies	PRJNA993612	SAMN36404842	Released	2025-04-29	2023-07-11T15:27:25Z	2025-04-29T12:43:10Z	SUB13646505	DrosEu-214_1.fastq.gz, DrosEu-214_2.fastq.gz
SRR25232516	GR_Kri_Ira_1_2021-10-20 Drosophila melanogaster Wild flies	PRJNA993612	SAMN36404845	Released	2025-04-29	2023-07-11T15:27:24Z	2025-04-29T12:43:10Z	SUB13646505	DrosEu-79_1.fastq.gz, DrosEu-79_2.fastq.gz
SRR25232519	GR_Kri_Ira_1_2018-10-11 Drosophila melanogaster Wild flies	PRJNA993612	SAMN36404843	Released	2025-04-29	2023-07-11T15:27:25Z	2025-04-29T12:43:10Z	SUB13646505	DrosEu-146_1.fastq.gz, DrosEu-146_2.fastq.gz
SRR25232491	DE_Bay_Wue_1_2021-07-27 Drosophila melanogaster Wild flies	PRJNA993612	SAMN36404781	Released	2025-04-29	2023-07-11T15:27:20Z	2025-04-29T12:43:10Z	SUB13646505	DrosEu-49_1.fastq.gz, DrosEu-49_2.fastq.gz
SRR25232494	DE_Bay_Mun_1_2021-06-25 Drosophila melanogaster Wild flies	PRJNA993612	SAMN36404778	Released	2025-04-29	2023-07-11T15:27:21Z	2025-04-29T12:43:10Z	SUB13646505	DrosEu-93_1.fastq.gz, DrosEu-93_2.fastq.gz
SRR25232490	DE_Bay_Wue_1_2021-10-18 Drosophila melanogaster Wild flies	PRJNA993612	SAMN36404782	Released	2025-04-29	2023-07-11T15:27:20Z	2025-04-29T12:43:10Z	SUB13646505	DrosEu-48_1.fastq.gz, DrosEu-48_2.fastq.gz
SRR25232493	DE_Bay_Wue_1_2020-07-18 Drosophila melanogaster Wild flies	PRJNA993612	SAMN36404779	Released	2025-04-29	2023-07-11T15:27:21Z	2025-04-29T12:43:10Z	SUB13646505	DrosEu-105_1.fastq.gz, DrosEu-105_2.fastq.gz
SRR25232524	GB_Nor_Mar_2_2017-10-10 Drosophila melanogaster Wild flies	PRJNA993612	SAMN36404838	Released	2025-04-29	2023-07-11T15:27:25Z	2025-04-29T12:43:09Z	SUB13646505	DrosEu-207_1.fastq.gz, DrosEu-207_2.fastq.gz
SRR25232527	GB_Fif_Dai_1_2020-MM-DD Drosophila melanogaster Wild flies	PRJNA993612	SAMN36404835	Released	2025-04-29	2023-07-11T15:27:25Z	2025-04-29T12:43:09Z	SUB13646505	DrosEu-186_1.fastq.gz, DrosEu-186_2.fastq.gz
SRR25232523	GB_Nor_Mar_3_2017-10-10 Drosophila melanogaster Wild flies	PRJNA993612	SAMN36404839	Released	2025-04-29	2023-07-11T15:27:25Z	2025-04-29T12:43:09Z	SUB13646505	DrosEu-213_1.fastq.gz, DrosEu-213_2.fastq.gz
SRR25232526	GB_Ken_Ken_1_2019-09-16 Drosophila melanogaster Wild flies	PRJNA993612	SAMN36404836	Released	2025-04-29	2023-07-11T15:27:25Z	2025-04-29T12:43:09Z	SUB13646505	DrosEu-169_1.fastq.gz, DrosEu-169_2.fastq.gz
SRR25232529	GB_Edi_Edi_1_2021-10-04 Drosophila melanogaster Wild flies	PRJNA993612	SAMN36404834	Released	2025-04-29	2023-07-11T15:27:25Z	2025-04-29T12:43:09Z	SUB13646505	DrosEu-53_1.fastq.gz, DrosEu-53_2.fastq.gz
SRR25232522	GB_Per_Dru_1_2020-09-07 Drosophila melanogaster Wild flies	PRJNA993612	SAMN36404840	Released	2025-04-29	2023-07-11T15:27:25Z	2025-04-29T12:43:09Z	SUB13646505	DrosEu-116_1.fastq.gz, DrosEu-116_2.fastq.gz
SRR25232525	GB_Nor_Mar_1_2017-10-10 Drosophila melanogaster Wild flies	PRJNA993612	SAMN36404837	Released	2025-04-29	2023-07-11T15:27:25Z	2025-04-29T12:43:09Z	SUB13646505	DrosEu-206_1.fastq.gz, DrosEu-206_2.fastq.gz
SRR25232528	DE_Bad_Bro_1_2017-06-27 Drosophila melanogaster Wild flies	PRJNA993612	SAMN36404763	Released	2025-04-29	2023-07-11T15:27:25Z	2025-04-29T12:43:09Z	SUB13646505	DrosEu-191_1.fastq.gz, DrosEu-191_2.fastq.gz
SRR25232540	FR_Cot_Vie_1_2021-08-11 Drosophila melanogaster Wild flies	PRJNA993612	SAMN36404824	Released	2025-04-29	2023-07-11T15:27:26Z	2025-04-29T12:43:09Z	SUB13646505	DrosEu-102_1.fastq.gz, DrosEu-102_2.fastq.gz
SRR25232541	FR_Cot_Vie_1_2020-08-03 Drosophila melanogaster Wild flies	PRJNA993612	SAMN36404823	Released	2025-04-29	2023-07-11T15:27:26Z	2025-04-29T12:43:09Z	SUB13646505	DrosEu-101_1.fastq.gz, DrosEu-101_2.fastq.gz
SRR25232530	GB_Edi_Edi_1_2021-08-29 Drosophila melanogaster Wild flies	PRJNA993612	SAMN36404833	Released	2025-04-29	2023-07-11T15:27:26Z	2025-04-29T12:43:08Z	SUB13646505	DrosEu-52_1.fastq.gz, DrosEu-52_2.fastq.gz
SRR25232533	FR_Her_Sai_1_2021-06-10 Drosophila melanogaster Wild flies	PRJNA993612	SAMN36404830	Released	2025-04-29	2023-07-11T15:27:26Z	2025-04-29T12:43:08Z	SUB13646505	DrosEu-188_1.fastq.gz, DrosEu-188_2.fastq.gz
SRR25232536	FR_Hau_Civ_1_2018-06-16 Drosophila melanogaster Wild flies	PRJNA993612	SAMN36404827	Released	2025-04-29	2023-07-11T15:27:26Z	2025-04-29T12:43:08Z	SUB13646505	DrosEu-55_1.fastq.gz, DrosEu-55_2.fastq.gz
SRR25232539	CH_Vau_Vul_1_2020-09-15 Drosophila melanogaster Wild flies	PRJNA993612	SAMN36404762	Released	2025-04-29	2023-07-11T15:27:26Z	2025-04-29T12:43:08Z	SUB13646505	DrosEu-112_1.fastq.gz, DrosEu-112_2.fastq.gz
SRR25232542	FR_Cot_Vie_1_2019-10-19 Drosophila melanogaster Wild flies	PRJNA993612	SAMN36404822	Released	2025-04-29	2023-07-11T15:27:26Z	2025-04-29T12:43:08Z	SUB13646505	DrosEu-98_1.fastq.gz, DrosEu-98_2.fastq.gz
SRR25232545	UA_Kie_Vys_1_2017-10-19 Drosophila melanogaster Wild flies	PRJNA993612	SAMN36404937	Released	2025-04-29	2023-07-11T15:27:26Z	2025-04-29T12:43:08Z	SUB13646505	DrosEu-219_1.fastq.gz, DrosEu-219_2.fastq.gz
SRR25232532	FR_Ill_Sai_1_2017-09-16 Drosophila melanogaster Wild flies	PRJNA993612	SAMN36404831	Released	2025-04-29	2023-07-11T15:27:26Z	2025-04-29T12:43:08Z	SUB13646505	DrosEu-211_1.fastq.gz, DrosEu-211_2.fastq.gz
SRR25232531	GB_Eas_Sus_1_2021-09-01 Drosophila melanogaster Wild flies	PRJNA993612	SAMN36404832	Released	2025-04-29	2023-07-11T15:27:26Z	2025-04-29T12:43:08Z	SUB13646505	DrosEu-51_1.fastq.gz, DrosEu-51_2.fastq.gz
SRR25232534	FR_Her_Sai_1_2020-11-12 Drosophila melanogaster Wild flies	PRJNA993612	SAMN36404829	Released	2025-04-29	2023-07-11T15:27:26Z	2025-04-29T12:43:08Z	SUB13646505	DrosEu-187_1.fastq.gz, DrosEu-187_2.fastq.gz
SRR25232537	FR_Ess_Vil_1_2017-10-17 Drosophila melanogaster Wild flies	PRJNA993612	SAMN36404826	Released	2025-04-29	2023-07-11T15:27:26Z	2025-04-29T12:43:08Z	SUB13646505	DrosEu-209_1.fastq.gz, DrosEu-209_2.fastq.gz
SRR25232543	UA_Kie_Vys_1_2018-08-29 Drosophila melanogaster Wild flies	PRJNA993612	SAMN36404939	Released	2025-04-29	2023-07-11T15:27:26Z	2025-04-29T12:43:08Z	SUB13646505	DrosEu-150_1.fastq.gz, DrosEu-150_2.fastq.gz
SRR25232546	UA_Kie_Vys_1_2017-09-26 Drosophila melanogaster Wild flies	PRJNA993612	SAMN36404936	Released	2025-04-29	2023-07-11T15:27:27Z	2025-04-29T12:43:08Z	SUB13646505	DrosEu-222_1.fastq.gz, DrosEu-222_2.fastq.gz
SRR25232535	FR_Hau_Civ_1_2018-09-15 Drosophila melanogaster Wild flies	PRJNA993612	SAMN36404828	Released	2025-04-29	2023-07-11T15:27:26Z	2025-04-29T12:43:08Z	SUB13646505	DrosEu-56_1.fastq.gz, DrosEu-56_2.fastq.gz
SRR25232538	FR_Ess_Vil_1_2017-08-24 Drosophila melanogaster Wild flies	PRJNA993612	SAMN36404825	Released	2025-04-29	2023-07-11T15:27:26Z	2025-04-29T12:43:08Z	SUB13646505	DrosEu-208_1.fastq.gz, DrosEu-208_2.fastq.gz
SRR25232544	UA_Kie_Vys_1_2018-07-25 Drosophila melanogaster Wild flies	PRJNA993612	SAMN36404938	Released	2025-04-29	2023-07-11T15:27:26Z	2025-04-29T12:43:08Z	SUB13646505	DrosEu-151_1.fastq.gz, DrosEu-151_2.fastq.gz
SRR25232548	DE_Bay_Mun_1_2017-09-03 Drosophila melanogaster Wild flies	PRJNA993612	SAMN36404773	Released	2025-04-29	2023-07-11T15:27:27Z	2025-04-29T12:43:07Z	SUB13646505	DrosEu-232_1.fastq.gz, DrosEu-232_2.fastq.gz
SRR25232551	UA_Kie_Kop_1_2019-09-06 Drosophila melanogaster Wild flies	PRJNA993612	SAMN36404932	Released	2025-04-29	2023-07-11T15:27:27Z	2025-04-29T12:43:07Z	SUB13646505	DrosEu-181_1.fastq.gz, DrosEu-181_2.fastq.gz
SRR25232554	UA_Kie_Cho_1_2019-09-06 Drosophila melanogaster Wild flies	PRJNA993612	SAMN36404929	Released	2025-04-29	2023-07-11T15:27:27Z	2025-04-29T12:43:07Z	SUB13646505	DrosEu-176_1.fastq.gz, DrosEu-176_2.fastq.gz
SRR25232557	UA_Don_Roz_1_2021-08-12 Drosophila melanogaster Wild flies	PRJNA993612	SAMN36404926	Released	2025-04-29	2023-07-11T15:27:27Z	2025-04-29T12:43:07Z	SUB13646505	DrosEu-85_1.fastq.gz, DrosEu-85_2.fastq.gz
SRR25232560	UA_Don_Mar_1_2021-08-23 Drosophila melanogaster Wild flies	PRJNA993612	SAMN36404924	Released	2025-04-29	2023-07-11T15:27:27Z	2025-04-29T12:43:07Z	SUB13646505	DrosEu-68_1.fastq.gz, DrosEu-68_2.fastq.gz
SRR25232563	UA_Che_Var_1_2019-09-14 Drosophila melanogaster Wild flies	PRJNA993612	SAMN36404921	Released	2025-04-29	2023-07-11T15:27:27Z	2025-04-29T12:43:07Z	SUB13646505	DrosEu-178_1.fastq.gz, DrosEu-178_2.fastq.gz
SRR25232549	UA_Kie_Vys_1_2017-08-11 Drosophila melanogaster Wild flies	PRJNA993612	SAMN36404934	Released	2025-04-29	2023-07-11T15:27:27Z	2025-04-29T12:43:07Z	SUB13646505	DrosEu-226_1.fastq.gz, DrosEu-226_2.fastq.gz
SRR25232552	UA_Kie_Kho_1_2021-08-09 Drosophila melanogaster Wild flies	PRJNA993612	SAMN36404931	Released	2025-04-29	2023-07-11T15:27:27Z	2025-04-29T12:43:07Z	SUB13646505	DrosEu-69_1.fastq.gz, DrosEu-69_2.fastq.gz
SRR25232555	UA_Kha_Kha_1_2021-08-18 Drosophila melanogaster Wild flies	PRJNA993612	SAMN36404928	Released	2025-04-29	2023-07-11T15:27:27Z	2025-04-29T12:43:07Z	SUB13646505	DrosEu-66_1.fastq.gz, DrosEu-66_2.fastq.gz
SRR25232558	UA_Don_Mar_2_2021-08-23 Drosophila melanogaster Wild flies	PRJNA993612	SAMN36404925	Released	2025-04-29	2023-07-11T15:27:27Z	2025-04-29T12:43:07Z	SUB13646505	DrosEu-67_1.fastq.gz, DrosEu-67_2.fastq.gz
SRR25232561	UA_Che_Var_1_2021-09-26 Drosophila melanogaster Wild flies	PRJNA993612	SAMN36404923	Released	2025-04-29	2023-07-11T15:27:27Z	2025-04-29T12:43:07Z	SUB13646505	DrosEu-64_1.fastq.gz, DrosEu-64_2.fastq.gz
SRR25232564	UA_Che_Var_1_2018-09-03 Drosophila melanogaster Wild flies	PRJNA993612	SAMN36404920	Released	2025-04-29	2023-07-11T15:27:27Z	2025-04-29T12:43:07Z	SUB13646505	DrosEu-230_1.fastq.gz, DrosEu-230_2.fastq.gz
SRR25232547	UA_Kie_Vys_1_2017-09-03 Drosophila melanogaster Wild flies	PRJNA993612	SAMN36404935	Released	2025-04-29	2023-07-11T15:27:27Z	2025-04-29T12:43:07Z	SUB13646505	DrosEu-227_1.fastq.gz, DrosEu-227_2.fastq.gz
SRR25232550	UA_Kie_Kyi_1_2020-09-29 Drosophila melanogaster Wild flies	PRJNA993612	SAMN36404933	Released	2025-04-29	2023-07-11T15:27:27Z	2025-04-29T12:43:07Z	SUB13646505	DrosEu-133_1.fastq.gz, DrosEu-133_2.fastq.gz
SRR25232553	UA_Kie_Hle_1_2021-08-29 Drosophila melanogaster Wild flies	PRJNA993612	SAMN36404930	Released	2025-04-29	2023-07-11T15:27:27Z	2025-04-29T12:43:07Z	SUB13646505	DrosEu-70_1.fastq.gz, DrosEu-70_2.fastq.gz
SRR25232556	UA_Kha_Kha_1_2018-09-24 Drosophila melanogaster Wild flies	PRJNA993612	SAMN36404927	Released	2025-04-29	2023-07-11T15:27:27Z	2025-04-29T12:43:07Z	SUB13646505	DrosEu-154_1.fastq.gz, DrosEu-154_2.fastq.gz
SRR25232559	DE_Bay_Mun_1_2017-06-20 Drosophila melanogaster Wild flies	PRJNA993612	SAMN36404772	Released	2025-04-29	2023-07-11T15:27:27Z	2025-04-29T12:43:07Z	SUB13646505	DrosEu-231_1.fastq.gz, DrosEu-231_2.fastq.gz
SRR25232562	UA_Che_Var_1_2020-10-11 Drosophila melanogaster Wild flies	PRJNA993612	SAMN36404922	Released	2025-04-29	2023-07-11T15:27:27Z	2025-04-29T12:43:07Z	SUB13646505	DrosEu-123_1.fastq.gz, DrosEu-123_2.fastq.gz
SRR25232573	UA_Che_Uma_1_2017-10-07 Drosophila melanogaster Wild flies	PRJNA993612	SAMN36404912	Released	2025-04-29	2023-07-11T15:27:28Z	2025-04-29T12:43:06Z	SUB13646505	DrosEu-220_1.fastq.gz, DrosEu-220_2.fastq.gz
SRR25232576	FR_Ain_Ver_1_2017-09-21 Drosophila melanogaster Wild flies	PRJNA993612	SAMN36404820	Released	2025-04-29	2023-07-11T15:27:29Z	2025-04-29T12:43:06Z	SUB13646505	DrosEu-57_1.fastq.gz, DrosEu-57_2.fastq.gz
SRR25232579	FI_Pir_Aka_1_2020-06-28 Drosophila melanogaster Wild flies	PRJNA993612	SAMN36404817	Released	2025-04-29	2023-07-11T15:27:29Z	2025-04-29T12:43:06Z	SUB13646505	DrosEu-119_1.fastq.gz, DrosEu-119_2.fastq.gz
SRR25232582	CH_Vau_Vul_1_2020-07-29 Drosophila melanogaster Wild flies	PRJNA993612	SAMN36404761	Released	2025-04-29	2023-07-11T15:27:29Z	2025-04-29T12:43:06Z	SUB13646505	DrosEu-111_1.fastq.gz, DrosEu-111_2.fastq.gz
SRR25232585	FI_Pir_Aka_1_2017-09-25 Drosophila melanogaster Wild flies	PRJNA993612	SAMN36404812	Released	2025-04-29	2023-07-11T15:27:29Z	2025-04-29T12:43:06Z	SUB13646505	DrosEu-218_1.fastq.gz, DrosEu-218_2.fastq.gz
SRR25232572	UA_Che_Uma_1_2018-09-21 Drosophila melanogaster Wild flies	PRJNA993612	SAMN36404913	Released	2025-04-29	2023-07-11T15:27:28Z	2025-04-29T12:43:06Z	SUB13646505	DrosEu-153_1.fastq.gz, DrosEu-153_2.fastq.gz
SRR25232575	FR_Cot_Mar_1_2020-08-02 Drosophila melanogaster Wild flies	PRJNA993612	SAMN36404821	Released	2025-04-29	2023-07-11T15:27:28Z	2025-04-29T12:43:06Z	SUB13646505	DrosEu-100_1.fastq.gz, DrosEu-100_2.fastq.gz
SRR25232578	FI_Pir_Aka_1_2021-07-07 Drosophila melanogaster Wild flies	PRJNA993612	SAMN36404818	Released	2025-04-29	2023-07-11T15:27:29Z	2025-04-29T12:43:06Z	SUB13646505	DrosEu-84_1.fastq.gz, DrosEu-84_2.fastq.gz
SRR25232581	FI_Pir_Aka_1_2019-07-19 Drosophila melanogaster Wild flies	PRJNA993612	SAMN36404815	Released	2025-04-29	2023-07-11T15:27:29Z	2025-04-29T12:43:06Z	SUB13646505	DrosEu-166_1.fastq.gz, DrosEu-166_2.fastq.gz
SRR25232584	FI_Pir_Aka_1_2018-07-17 Drosophila melanogaster Wild flies	PRJNA993612	SAMN36404813	Released	2025-04-29	2023-07-11T15:27:29Z	2025-04-29T12:43:06Z	SUB13646505	DrosEu-163_1.fastq.gz, DrosEu-163_2.fastq.gz
SRR25232587	FI_Cen_Jyv_1_2019-09-19 Drosophila melanogaster Wild flies	PRJNA993612	SAMN36404810	Released	2025-04-29	2023-07-11T15:27:29Z	2025-04-29T12:43:06Z	SUB13646505	DrosEu-167_1.fastq.gz, DrosEu-167_2.fastq.gz
SRR25232570	DE_Bad_Wal_1_2020-10-02 Drosophila melanogaster Wild flies	PRJNA993612	SAMN36404771	Released	2025-04-29	2023-07-11T15:27:28Z	2025-04-29T12:43:06Z	SUB13646505	DrosEu-117_1.fastq.gz, DrosEu-117_2.fastq.gz
SRR25232571	UA_Che_Uma_1_2019-08-13 Drosophila melanogaster Wild flies	PRJNA993612	SAMN36404914	Released	2025-04-29	2023-07-11T15:27:28Z	2025-04-29T12:43:06Z	SUB13646505	DrosEu-184_1.fastq.gz, DrosEu-184_2.fastq.gz
SRR25232574	UA_Che_Uma_1_2017-09-16 Drosophila melanogaster Wild flies	PRJNA993612	SAMN36404911	Released	2025-04-29	2023-07-11T15:27:28Z	2025-04-29T12:43:06Z	SUB13646505	DrosEu-221_1.fastq.gz, DrosEu-221_2.fastq.gz
SRR25232577	FR_Ain_Civ_1_2019-06-15 Drosophila melanogaster Wild flies	PRJNA993612	SAMN36404819	Released	2025-04-29	2023-07-11T15:27:29Z	2025-04-29T12:43:06Z	SUB13646505	DrosEu-54_1.fastq.gz, DrosEu-54_2.fastq.gz
SRR25232580	FI_Pir_Aka_1_2019-08-25 Drosophila melanogaster Wild flies	PRJNA993612	SAMN36404816	Released	2025-04-29	2023-07-11T15:27:29Z	2025-04-29T12:43:06Z	SUB13646505	DrosEu-165_1.fastq.gz, DrosEu-165_2.fastq.gz
SRR25232583	FI_Pir_Aka_1_2018-09-20 Drosophila melanogaster Wild flies	PRJNA993612	SAMN36404814	Released	2025-04-29	2023-07-11T15:27:29Z	2025-04-29T12:43:06Z	SUB13646505	DrosEu-164_1.fastq.gz, DrosEu-164_2.fastq.gz
SRR25232586	FI_Pir_Aka_1_2017-07-20 Drosophila melanogaster Wild flies	PRJNA993612	SAMN36404811	Released	2025-04-29	2023-07-11T15:27:29Z	2025-04-29T12:43:06Z	SUB13646505	DrosEu-217_1.fastq.gz, DrosEu-217_2.fastq.gz
SRR25232588	ES_Zam_Ose_1_2018-09-20 Drosophila melanogaster Wild flies	PRJNA993612	SAMN36404809	Released	2025-04-29	2023-07-11T15:27:30Z	2025-04-29T12:43:05Z	SUB13646505	DrosEu-9_1.fastq.gz, DrosEu-9_2.fastq.gz
SRR25232591	ES_Ler_Pin_1_2018-10-10 Drosophila melanogaster Wild flies	PRJNA993612	SAMN36404806	Released	2025-04-29	2023-07-11T15:27:30Z	2025-04-29T12:43:05Z	SUB13646505	DrosEu-11_1.fastq.gz, DrosEu-11_2.fastq.gz
SRR25232594	ES_Ler_Gim_1_2020-10-26 Drosophila melanogaster Wild flies	PRJNA993612	SAMN36404804	Released	2025-04-29	2023-07-11T15:27:30Z	2025-04-29T12:43:05Z	SUB13646505	DrosEu-15_1.fastq.gz, DrosEu-15_2.fastq.gz
SRR25232600	ES_Gra_Cor_1_2017-07-28 Drosophila melanogaster Wild flies	PRJNA993612	SAMN36404798	Released	2025-04-29	2023-07-11T15:27:31Z	2025-04-29T12:43:05Z	SUB13646505	DrosEu-2_1.fastq.gz, DrosEu-2_2.fastq.gz
SRR25232603	ES_Ciu_Tom_1_2018-10-03 Drosophila melanogaster Wild flies	PRJNA993612	SAMN36404795	Released	2025-04-29	2023-07-11T15:27:31Z	2025-04-29T12:43:05Z	SUB13646505	DrosEu-12_1.fastq.gz, DrosEu-12_2.fastq.gz
SRR25232601	ES_Gra_Ben_1_2017-10-05 Drosophila melanogaster Wild flies	PRJNA993612	SAMN36404797	Released	2025-04-29	2023-07-11T15:27:31Z	2025-04-29T12:43:05Z	SUB13646505	DrosEu-4_1.fastq.gz, DrosEu-4_2.fastq.gz
SRR25232604	CH_Vau_Vul_1_2019-07-17 Drosophila melanogaster Wild flies	PRJNA993612	SAMN36404759	Released	2025-04-29	2023-07-11T15:27:31Z	2025-04-29T12:43:05Z	SUB13646505	DrosEu-109_1.fastq.gz, DrosEu-109_2.fastq.gz
SRR25232610	TR_Ank_Yes_1_2021-08-19 Drosophila melanogaster Wild flies	PRJNA993612	SAMN36404907	Released	2025-04-29	2023-07-11T15:27:32Z	2025-04-29T12:43:05Z	SUB13646505	DrosEu-45_1.fastq.gz, DrosEu-45_2.fastq.gz
SRR25232566	UA_Che_Uma_1_2020-09-27 Drosophila melanogaster Wild flies	PRJNA993612	SAMN36404918	Released	2025-04-29	2023-07-11T15:27:28Z	2025-04-29T12:43:05Z	SUB13646505	DrosEu-130_1.fastq.gz, DrosEu-130_2.fastq.gz
SRR25232569	UA_Che_Uma_1_2019-10-14 Drosophila melanogaster Wild flies	PRJNA993612	SAMN36404915	Released	2025-04-29	2023-07-11T15:27:28Z	2025-04-29T12:43:05Z	SUB13646505	DrosEu-143_1.fastq.gz, DrosEu-143_2.fastq.gz
SRR25232590	ES_Mad_Yep_1_2018-11-06 Drosophila melanogaster Wild flies	PRJNA993612	SAMN36404807	Released	2025-04-29	2023-07-11T15:27:30Z	2025-04-29T12:43:05Z	SUB13646505	DrosEu-10_1.fastq.gz, DrosEu-10_2.fastq.gz
SRR25232593	CH_Vau_Vul_1_2019-09-24 Drosophila melanogaster Wild flies	PRJNA993612	SAMN36404760	Released	2025-04-29	2023-07-11T15:27:30Z	2025-04-29T12:43:05Z	SUB13646505	DrosEu-110_1.fastq.gz, DrosEu-110_2.fastq.gz
SRR25232567	UA_Che_Uma_1_2020-08-19 Drosophila melanogaster Wild flies	PRJNA993612	SAMN36404917	Released	2025-04-29	2023-07-11T15:27:28Z	2025-04-29T12:43:05Z	SUB13646505	DrosEu-128_1.fastq.gz, DrosEu-128_2.fastq.gz
SRR25232602	ES_Ciu_Tom_1_2020-09-30 Drosophila melanogaster Wild flies	PRJNA993612	SAMN36404796	Released	2025-04-29	2023-07-11T15:27:31Z	2025-04-29T12:43:05Z	SUB13646505	DrosEu-16_1.fastq.gz, DrosEu-16_2.fastq.gz
SRR25232565	UA_Che_Uma_1_2021-09-19 Drosophila melanogaster Wild flies	PRJNA993612	SAMN36404919	Released	2025-04-29	2023-07-11T15:27:27Z	2025-04-29T12:43:05Z	SUB13646505	DrosEu-65_1.fastq.gz, DrosEu-65_2.fastq.gz
SRR25232568	UA_Che_Uma_1_2019-10-20 Drosophila melanogaster Wild flies	PRJNA993612	SAMN36404916	Released	2025-04-29	2023-07-11T15:27:28Z	2025-04-29T12:43:05Z	SUB13646505	DrosEu-140_1.fastq.gz, DrosEu-140_2.fastq.gz
SRR25232589	ES_Tol_Vil_1_2018-10-07 Drosophila melanogaster Wild flies	PRJNA993612	SAMN36404808	Released	2025-04-29	2023-07-11T15:27:30Z	2025-04-29T12:43:05Z	SUB13646505	DrosEu-8_1.fastq.gz, DrosEu-8_2.fastq.gz
SRR25232592	ES_Ler_Gim_1_2021-08-31 Drosophila melanogaster Wild flies	PRJNA993612	SAMN36404805	Released	2025-04-29	2023-07-11T15:27:30Z	2025-04-29T12:43:05Z	SUB13646505	DrosEu-18_1.fastq.gz, DrosEu-18_2.fastq.gz
SRR25232608	TR_Ank_Yes_1_2021-10-16 Drosophila melanogaster Wild flies	PRJNA993612	SAMN36404909	Released	2025-04-29	2023-07-11T15:27:32Z	2025-04-29T12:43:04Z	SUB13646505	DrosEu-47_1.fastq.gz, DrosEu-47_2.fastq.gz
SRR25232611	TR_Ank_Yes_1_2021-07-27 Drosophila melanogaster Wild flies	PRJNA993612	SAMN36404906	Released	2025-04-29	2023-07-11T15:27:32Z	2025-04-29T12:43:04Z	SUB13646505	DrosEu-44_1.fastq.gz, DrosEu-44_2.fastq.gz
SRR25232614	TR_Ank_Yes_1_2021-05-19 Drosophila melanogaster F1	PRJNA993612	SAMN36404904	Released	2025-04-29	2023-07-11T15:27:32Z	2025-04-29T12:43:04Z	SUB13646505	DrosEu-42_1.fastq.gz, DrosEu-42_2.fastq.gz
SRR25232617	TR_Ank_Yes_1_2020-08-18 Drosophila melanogaster F1	PRJNA993612	SAMN36404901	Released	2025-04-29	2023-07-11T15:27:32Z	2025-04-29T12:43:04Z	SUB13646505	DrosEu-39_1.fastq.gz, DrosEu-39_2.fastq.gz
SRR25232597	ES_Ler_Gim_1_2018-08-25 Drosophila melanogaster Wild flies	PRJNA993612	SAMN36404801	Released	2025-04-29	2023-07-11T15:27:30Z	2025-04-29T12:43:04Z	SUB13646505	DrosEu-7_1.fastq.gz, DrosEu-7_2.fastq.gz
SRR25232606	ES_Ciu_Man_1_2020-08-10 Drosophila melanogaster Wild flies	PRJNA993612	SAMN36404793	Released	2025-04-29	2023-07-11T15:27:31Z	2025-04-29T12:43:04Z	SUB13646505	DrosEu-14_1.fastq.gz, DrosEu-14_2.fastq.gz
SRR25232609	TR_Ank_Yes_1_2021-09-20 Drosophila melanogaster Wild flies	PRJNA993612	SAMN36404908	Released	2025-04-29	2023-07-11T15:27:32Z	2025-04-29T12:43:04Z	SUB13646505	DrosEu-46_1.fastq.gz, DrosEu-46_2.fastq.gz
SRR25232612	TR_Ank_Yes_1_2021-06-25 Drosophila melanogaster Wild flies	PRJNA993612	SAMN36404905	Released	2025-04-29	2023-07-11T15:27:32Z	2025-04-29T12:43:04Z	SUB13646505	DrosEu-43_1.fastq.gz, DrosEu-43_2.fastq.gz
SRR25232615	TR_Ank_Yes_1_2020-10-14 Drosophila melanogaster Wild flies	PRJNA993612	SAMN36404903	Released	2025-04-29	2023-07-11T15:27:32Z	2025-04-29T12:43:04Z	SUB13646505	DrosEu-41_1.fastq.gz, DrosEu-41_2.fastq.gz
SRR25232618	TR_Ank_Yes_1_2020-07-13 Drosophila melanogaster Wild flies	PRJNA993612	SAMN36404900	Released	2025-04-29	2023-07-11T15:27:32Z	2025-04-29T12:43:04Z	SUB13646505	DrosEu-38_1.fastq.gz, DrosEu-38_2.fastq.gz
SRR25232595	ES_Ler_Gim_1_2019-08-25 Drosophila melanogaster Wild flies	PRJNA993612	SAMN36404803	Released	2025-04-29	2023-07-11T15:27:30Z	2025-04-29T12:43:04Z	SUB13646505	DrosEu-13_1.fastq.gz, DrosEu-13_2.fastq.gz
SRR25232598	ES_Ler_Gim_1_2017-10-14 Drosophila melanogaster Wild flies	PRJNA993612	SAMN36404800	Released	2025-04-29	2023-07-11T15:27:30Z	2025-04-29T12:43:04Z	SUB13646505	DrosEu-5_1.fastq.gz, DrosEu-5_2.fastq.gz
SRR25232607	UA_Che_Dmy_1_2021-07-17 Drosophila melanogaster Wild flies	PRJNA993612	SAMN36404910	Released	2025-04-29	2023-07-11T15:27:31Z	2025-04-29T12:43:04Z	SUB13646505	DrosEu-72_1.fastq.gz, DrosEu-72_2.fastq.gz
SRR25232613	DE_Bad_Wal_1_2019-10-02 Drosophila melanogaster Wild flies	PRJNA993612	SAMN36404770	Released	2025-04-29	2023-07-11T15:27:32Z	2025-04-29T12:43:04Z	SUB13646505	DrosEu-171_1.fastq.gz, DrosEu-171_2.fastq.gz
SRR25232616	TR_Ank_Yes_1_2020-09-16 Drosophila melanogaster Wild flies	PRJNA993612	SAMN36404902	Released	2025-04-29	2023-07-11T15:27:32Z	2025-04-29T12:43:04Z	SUB13646505	DrosEu-40_1.fastq.gz, DrosEu-40_2.fastq.gz
SRR25232619	TR_Ank_Yes_1_2020-06-26 Drosophila melanogaster F1	PRJNA993612	SAMN36404899	Released	2025-04-29	2023-07-11T15:27:32Z	2025-04-29T12:43:04Z	SUB13646505	DrosEu-37_1.fastq.gz, DrosEu-37_2.fastq.gz
SRR25232596	ES_Ler_Gim_1_2018-10-26 Drosophila melanogaster Wild flies	PRJNA993612	SAMN36404802	Released	2025-04-29	2023-07-11T15:27:30Z	2025-04-29T12:43:04Z	SUB13646505	DrosEu-6_1.fastq.gz, DrosEu-6_2.fastq.gz
SRR25232599	ES_Ler_Gim_1_2017-07-24 Drosophila melanogaster Wild flies	PRJNA993612	SAMN36404799	Released	2025-04-29	2023-07-11T15:27:30Z	2025-04-29T12:43:04Z	SUB13646505	DrosEu-3_1.fastq.gz, DrosEu-3_2.fastq.gz
SRR25232605	ES_Ciu_Tom_1_2017-10-04 Drosophila melanogaster Wild flies	PRJNA993612	SAMN36404794	Released	2025-04-29	2023-07-11T15:27:31Z	2025-04-29T12:43:04Z	SUB13646505	DrosEu-1_1.fastq.gz, DrosEu-1_2.fastq.gz
SRR25232620	TR_Ank_Yes_1_2020-05-21 Drosophila melanogaster F1	PRJNA993612	SAMN36404898	Released	2025-04-29	2023-07-11T15:27:32Z	2025-04-29T12:43:03Z	SUB13646505	DrosEu-36_1.fastq.gz, DrosEu-36_2.fastq.gz
SRR25232623	TR_Ank_Yes_1_2019-08-14 Drosophila melanogaster F1	PRJNA993612	SAMN36404895	Released	2025-04-29	2023-07-11T15:27:32Z	2025-04-29T12:43:03Z	SUB13646505	DrosEu-33_1.fastq.gz, DrosEu-33_2.fastq.gz
SRR25232626	TR_Ank_Yes_1_2018-10-12 Drosophila melanogaster F1	PRJNA993612	SAMN36404893	Released	2025-04-29	2023-07-11T15:27:32Z	2025-04-29T12:43:03Z	SUB13646505	DrosEu-30_1.fastq.gz, DrosEu-30_2.fastq.gz
SRR25232629	TR_Ank_Yes_1_2018-07-28 Drosophila melanogaster Wild flies	PRJNA993612	SAMN36404890	Released	2025-04-29	2023-07-11T15:27:32Z	2025-04-29T12:43:03Z	SUB13646505	DrosEu-27_1.fastq.gz, DrosEu-27_2.fastq.gz
SRR25232635	DE_Bad_Bro_1_2021-07-21 Drosophila melanogaster Wild flies	PRJNA993612	SAMN36404768	Released	2025-04-29	2023-07-11T15:27:33Z	2025-04-29T12:43:03Z	SUB13646505	DrosEu-189_1.fastq.gz, DrosEu-189_2.fastq.gz
SRR25232638	TR_Ank_Yes_1_2017-06-07 Drosophila melanogaster Wild flies	PRJNA993612	SAMN36404882	Released	2025-04-29	2023-07-11T15:27:33Z	2025-04-29T12:43:03Z	SUB13646505	DrosEu-19_1.fastq.gz, DrosEu-19_2.fastq.gz
SRR25232641	IT_Tre_San_1_2021-06-28 Drosophila melanogaster Wild flies	PRJNA993612	SAMN36404852	Released	2025-04-29	2023-07-11T15:27:33Z	2025-04-29T12:43:03Z	SUB13646505	DrosEu-74_1.fastq.gz, DrosEu-74_2.fastq.gz
SRR25232644	UA_Vol_Lut_1_2019-08-28 Drosophila melanogaster Wild flies	PRJNA993612	SAMN36404966	Released	2025-04-29	2023-07-11T15:27:33Z	2025-04-29T12:43:03Z	SUB13646505	DrosEu-141_1.fastq.gz, DrosEu-141_2.fastq.gz
SRR25232621	TR_Ank_Yes_1_2019-10-10 Drosophila melanogaster F1	PRJNA993612	SAMN36404897	Released	2025-04-29	2023-07-11T15:27:32Z	2025-04-29T12:43:03Z	SUB13646505	DrosEu-35_1.fastq.gz, DrosEu-35_2.fastq.gz
SRR25232624	DE_Bad_Bro_1_2021-10-20 Drosophila melanogaster Wild flies	PRJNA993612	SAMN36404769	Released	2025-04-29	2023-07-11T15:27:32Z	2025-04-29T12:43:03Z	SUB13646505	DrosEu-190_1.fastq.gz, DrosEu-190_2.fastq.gz
SRR25232627	TR_Ank_Yes_1_2018-09-27 Drosophila melanogaster Wild flies	PRJNA993612	SAMN36404892	Released	2025-04-29	2023-07-11T15:27:32Z	2025-04-29T12:43:03Z	SUB13646505	DrosEu-29_1.fastq.gz, DrosEu-29_2.fastq.gz
SRR25232636	TR_Ank_Yes_1_2017-07-29 Drosophila melanogaster Wild flies	PRJNA993612	SAMN36404884	Released	2025-04-29	2023-07-11T15:27:33Z	2025-04-29T12:43:03Z	SUB13646505	DrosEu-21_1.fastq.gz, DrosEu-21_2.fastq.gz
SRR25232639	MA_Ori_Ber_1_2017-07-10 Drosophila melanogaster Wild flies	PRJNA993612	SAMN36404854	Released	2025-04-29	2023-07-11T15:27:33Z	2025-04-29T12:43:03Z	SUB13646505	DrosEu-204_1.fastq.gz, DrosEu-204_2.fastq.gz
SRR25232642	IT_Tre_San_1_2019-10-01 Drosophila melanogaster Wild flies	PRJNA993612	SAMN36404851	Released	2025-04-29	2023-07-11T15:27:33Z	2025-04-29T12:43:03Z	SUB13646505	DrosEu-75_1.fastq.gz, DrosEu-75_2.fastq.gz
SRR25232622	TR_Ank_Yes_1_2019-09-17 Drosophila melanogaster Wild flies	PRJNA993612	SAMN36404896	Released	2025-04-29	2023-07-11T15:27:32Z	2025-04-29T12:43:03Z	SUB13646505	DrosEu-34_1.fastq.gz, DrosEu-34_2.fastq.gz
SRR25232625	TR_Ank_Yes_1_2019-06-26 Drosophila melanogaster F1	PRJNA993612	SAMN36404894	Released	2025-04-29	2023-07-11T15:27:32Z	2025-04-29T12:43:03Z	SUB13646505	DrosEu-31_1.fastq.gz, DrosEu-31_2.fastq.gz
SRR25232628	TR_Ank_Yes_1_2018-08-27 Drosophila melanogaster Wild flies	PRJNA993612	SAMN36404891	Released	2025-04-29	2023-07-11T15:27:32Z	2025-04-29T12:43:03Z	SUB13646505	DrosEu-28_1.fastq.gz, DrosEu-28_2.fastq.gz
SRR25232637	TR_Ank_Yes_1_2017-06-30 Drosophila melanogaster Wild flies	PRJNA993612	SAMN36404883	Released	2025-04-29	2023-07-11T15:27:33Z	2025-04-29T12:43:03Z	SUB13646505	DrosEu-20_1.fastq.gz, DrosEu-20_2.fastq.gz
SRR25232640	IT_Tre_San_1_2021-10-01 Drosophila melanogaster Wild flies	PRJNA993612	SAMN36404853	Released	2025-04-29	2023-07-11T15:27:33Z	2025-04-29T12:43:03Z	SUB13646505	DrosEu-73_1.fastq.gz, DrosEu-73_2.fastq.gz
SRR25232643	UA_Zap_Zap_1_2019-06-17 Drosophila melanogaster Wild flies	PRJNA993612	SAMN36404967	Released	2025-04-29	2023-07-11T15:27:33Z	2025-04-29T12:43:03Z	SUB13646505	DrosEu-142_1.fastq.gz, DrosEu-142_2.fastq.gz
SRR25232632	TR_Ank_Yes_1_2017-10-13 Drosophila melanogaster F1	PRJNA993612	SAMN36404887	Released	2025-04-29	2023-07-11T15:27:32Z	2025-04-29T12:43:02Z	SUB13646505	DrosEu-24_1.fastq.gz, DrosEu-24_2.fastq.gz
SRR25232647	UA_Pol_Pyr_1_2019-09-06 Drosophila melanogaster Wild flies	PRJNA993612	SAMN36404964	Released	2025-04-29	2023-07-11T15:27:33Z	2025-04-29T12:43:02Z	SUB13646505	DrosEu-183_1.fastq.gz, DrosEu-183_2.fastq.gz
SRR25232650	UA_Pol_Pyr_1_2017-08-22 Drosophila melanogaster Wild flies	PRJNA993612	SAMN36404961	Released	2025-04-29	2023-07-11T15:27:33Z	2025-04-29T12:43:02Z	SUB13646505	DrosEu-224_1.fastq.gz, DrosEu-224_2.fastq.gz
SRR25232653	UA_Ode_Ode_1_2020-09-28 Drosophila melanogaster Wild flies	PRJNA993612	SAMN36404958	Released	2025-04-29	2023-07-11T15:27:33Z	2025-04-29T12:43:02Z	SUB13646505	DrosEu-131_1.fastq.gz, DrosEu-131_2.fastq.gz
SRR25232656	UA_Ode_Ode_1_2019-09-06 Drosophila melanogaster Wild flies	PRJNA993612	SAMN36404955	Released	2025-04-29	2023-07-11T15:27:33Z	2025-04-29T12:43:02Z	SUB13646505	DrosEu-177_1.fastq.gz, DrosEu-177_2.fastq.gz
SRR25232659	UA_Ode_Ode_1_2019-06-15 Drosophila melanogaster Wild flies	PRJNA993612	SAMN36404954	Released	2025-04-29	2023-07-11T15:27:33Z	2025-04-29T12:43:02Z	SUB13646505	DrosEu-138_1.fastq.gz, DrosEu-138_2.fastq.gz
SRR25232630	TR_Ank_Yes_1_2018-06-25 Drosophila melanogaster Wild flies	PRJNA993612	SAMN36404889	Released	2025-04-29	2023-07-11T15:27:32Z	2025-04-29T12:43:02Z	SUB13646505	DrosEu-26_1.fastq.gz, DrosEu-26_2.fastq.gz
SRR25232633	TR_Ank_Yes_1_2017-09-26 Drosophila melanogaster Wild flies	PRJNA993612	SAMN36404886	Released	2025-04-29	2023-07-11T15:27:32Z	2025-04-29T12:43:02Z	SUB13646505	DrosEu-23_1.fastq.gz, DrosEu-23_2.fastq.gz
SRR25232645	UA_Pol_Pyr_1_2021-07-29 Drosophila melanogaster Wild flies	PRJNA993612	SAMN36404965	Released	2025-04-29	2023-07-11T15:27:33Z	2025-04-29T12:43:02Z	SUB13646505	DrosEu-82_1.fastq.gz, DrosEu-82_2.fastq.gz
SRR25232648	UA_Pol_Pyr_1_2019-08-25 Drosophila melanogaster Wild flies	PRJNA993612	SAMN36404963	Released	2025-04-29	2023-07-11T15:27:33Z	2025-04-29T12:43:02Z	SUB13646505	DrosEu-182_1.fastq.gz, DrosEu-182_2.fastq.gz
SRR25232651	UA_Ode_Ode_1_2021-11-11 Drosophila melanogaster Wild flies	PRJNA993612	SAMN36404960	Released	2025-04-29	2023-07-11T15:27:33Z	2025-04-29T12:43:02Z	SUB13646505	DrosEu-86_1.fastq.gz, DrosEu-86_2.fastq.gz
SRR25232654	UA_Ode_Ode_1_2020-09-26 Drosophila melanogaster Wild flies	PRJNA993612	SAMN36404957	Released	2025-04-29	2023-07-11T15:27:33Z	2025-04-29T12:43:02Z	SUB13646505	DrosEu-132_1.fastq.gz, DrosEu-132_2.fastq.gz
SRR25232657	DE_Bay_Mun_1_2019-06-22 Drosophila melanogaster Wild flies	PRJNA993612	SAMN36404775	Released	2025-04-29	2023-07-11T15:27:33Z	2025-04-29T12:43:02Z	SUB13646505	DrosEu-91_1.fastq.gz, DrosEu-91_2.fastq.gz
SRR25232631	TR_Ank_Yes_1_2018-05-19 Drosophila melanogaster Wild flies	PRJNA993612	SAMN36404888	Released	2025-04-29	2023-07-11T15:27:32Z	2025-04-29T12:43:02Z	SUB13646505	DrosEu-25_1.fastq.gz, DrosEu-25_2.fastq.gz
SRR25232634	TR_Ank_Yes_1_2017-08-30 Drosophila melanogaster Wild flies	PRJNA993612	SAMN36404885	Released	2025-04-29	2023-07-11T15:27:33Z	2025-04-29T12:43:02Z	SUB13646505	DrosEu-22_1.fastq.gz, DrosEu-22_2.fastq.gz
SRR25232646	DE_Bay_Mun_1_2019-09-02 Drosophila melanogaster Wild flies	PRJNA993612	SAMN36404776	Released	2025-04-29	2023-07-11T15:27:33Z	2025-04-29T12:43:02Z	SUB13646505	DrosEu-94_1.fastq.gz, DrosEu-94_2.fastq.gz
SRR25232649	UA_Pol_Pyr_1_2017-09-03 Drosophila melanogaster Wild flies	PRJNA993612	SAMN36404962	Released	2025-04-29	2023-07-11T15:27:33Z	2025-04-29T12:43:02Z	SUB13646505	DrosEu-225_1.fastq.gz, DrosEu-225_2.fastq.gz
SRR25232652	UA_Ode_Ode_1_2020-10-30 Drosophila melanogaster Wild flies	PRJNA993612	SAMN36404959	Released	2025-04-29	2023-07-11T15:27:33Z	2025-04-29T12:43:02Z	SUB13646505	DrosEu-124_1.fastq.gz, DrosEu-124_2.fastq.gz
SRR25232655	UA_Ode_Ode_1_2020-08-28 Drosophila melanogaster Wild flies	PRJNA993612	SAMN36404956	Released	2025-04-29	2023-07-11T15:27:33Z	2025-04-29T12:43:02Z	SUB13646505	DrosEu-125_1.fastq.gz, DrosEu-125_2.fastq.gz
SRR25232658	CH_Fri_Ors_1_2020-08-23 Drosophila melanogaster Wild flies	PRJNA993612	SAMN36404757	Released	2025-04-29	2023-07-11T15:27:33Z	2025-04-29T12:43:02Z	SUB13646505	DrosEu-103_1.fastq.gz, DrosEu-103_2.fastq.gz
SRR25232662	UA_Ode_Ode_1_2018-06-30 Drosophila melanogaster Wild flies	PRJNA993612	SAMN36404951	Released	2025-04-29	2023-07-11T15:27:34Z	2025-04-29T12:43:01Z	SUB13646505	DrosEu-149_1.fastq.gz, DrosEu-149_2.fastq.gz
SRR25232665	UA_Myk_Ryb_1_2021-07-22 Drosophila melanogaster Wild flies	PRJNA993612	SAMN36404948	Released	2025-04-29	2023-07-11T15:27:34Z	2025-04-29T12:43:01Z	SUB13646505	DrosEu-81_1.fastq.gz, DrosEu-81_2.fastq.gz
SRR25232668	UA_Kie_Vys_1_2020-10-15 Drosophila melanogaster Wild flies	PRJNA993612	SAMN36404945	Released	2025-04-29	2023-07-11T15:27:34Z	2025-04-29T12:43:01Z	SUB13646505	DrosEu-122_1.fastq.gz, DrosEu-122_2.fastq.gz
SRR25232671	UA_Kie_Vys_1_2020-08-18 Drosophila melanogaster Wild flies	PRJNA993612	SAMN36404943	Released	2025-04-29	2023-07-11T15:27:34Z	2025-04-29T12:43:01Z	SUB13646505	DrosEu-126_1.fastq.gz, DrosEu-126_2.fastq.gz
SRR25232674	UA_Kie_Vys_1_2018-09-27 Drosophila melanogaster Wild flies	PRJNA993612	SAMN36404940	Released	2025-04-29	2023-07-11T15:27:34Z	2025-04-29T12:43:01Z	SUB13646505	DrosEu-152_1.fastq.gz, DrosEu-152_2.fastq.gz
SRR25232677	RU_Vla_Ale_1_2017-08-15 Drosophila melanogaster Wild flies	PRJNA993612	SAMN36404879	Released	2025-04-29	2023-07-11T15:27:34Z	2025-04-29T12:43:01Z	SUB13646505	DrosEu-156_1.fastq.gz, DrosEu-156_2.fastq.gz
SRR25232660	UA_Ode_Ode_1_2018-09-15 Drosophila melanogaster Wild flies	PRJNA993612	SAMN36404953	Released	2025-04-29	2023-07-11T15:27:33Z	2025-04-29T12:43:01Z	SUB13646505	DrosEu-148_1.fastq.gz, DrosEu-148_2.fastq.gz
SRR25232663	UA_Ode_Ode_1_2017-09-23 Drosophila melanogaster Wild flies	PRJNA993612	SAMN36404950	Released	2025-04-29	2023-07-11T15:27:34Z	2025-04-29T12:43:01Z	SUB13646505	DrosEu-223_1.fastq.gz, DrosEu-223_2.fastq.gz
SRR25232666	UA_Kie_Vys_1_2021-09-19 Drosophila melanogaster Wild flies	PRJNA993612	SAMN36404947	Released	2025-04-29	2023-07-11T15:27:34Z	2025-04-29T12:43:01Z	SUB13646505	DrosEu-104_1.fastq.gz, DrosEu-104_2.fastq.gz
SRR25232669	DE_Bay_Mun_1_2018-09-09 Drosophila melanogaster Wild flies	PRJNA993612	SAMN36404774	Released	2025-04-29	2023-07-11T15:27:34Z	2025-04-29T12:43:01Z	SUB13646505	DrosEu-145_1.fastq.gz, DrosEu-145_2.fastq.gz
SRR25232672	UA_Kie_Vys_1_2019-09-02 Drosophila melanogaster Wild flies	PRJNA993612	SAMN36404942	Released	2025-04-29	2023-07-11T15:27:34Z	2025-04-29T12:43:01Z	SUB13646505	DrosEu-180_1.fastq.gz, DrosEu-180_2.fastq.gz
SRR25232675	RU_Vla_Ale_1_2018-10-13 Drosophila melanogaster Wild flies	PRJNA993612	SAMN36404881	Released	2025-04-29	2023-07-11T15:27:34Z	2025-04-29T12:43:01Z	SUB13646505	DrosEu-157_1.fastq.gz, DrosEu-157_2.fastq.gz
SRR25232678	RU_Nov_Val_1_2018-08-28 Drosophila melanogaster Wild flies	PRJNA993612	SAMN36404878	Released	2025-04-29	2023-07-11T15:27:34Z	2025-04-29T12:43:01Z	SUB13646505	DrosEu-155_1.fastq.gz, DrosEu-155_2.fastq.gz
SRR25232661	UA_Ode_Ode_1_2018-08-15 Drosophila melanogaster Wild flies	PRJNA993612	SAMN36404952	Released	2025-04-29	2023-07-11T15:27:34Z	2025-04-29T12:43:01Z	SUB13646505	DrosEu-147_1.fastq.gz, DrosEu-147_2.fastq.gz
SRR25232664	UA_Ode_Ode_1_2017-08-12 Drosophila melanogaster Wild flies	PRJNA993612	SAMN36404949	Released	2025-04-29	2023-07-11T15:27:34Z	2025-04-29T12:43:01Z	SUB13646505	DrosEu-229_1.fastq.gz, DrosEu-229_2.fastq.gz
SRR25232667	UA_Kie_Vys_1_2021-08-01 Drosophila melanogaster Wild flies	PRJNA993612	SAMN36404946	Released	2025-04-29	2023-07-11T15:27:34Z	2025-04-29T12:43:01Z	SUB13646505	DrosEu-80_1.fastq.gz, DrosEu-80_2.fastq.gz
SRR25232670	UA_Kie_Vys_1_2020-09-21 Drosophila melanogaster Wild flies	PRJNA993612	SAMN36404944	Released	2025-04-29	2023-07-11T15:27:34Z	2025-04-29T12:43:01Z	SUB13646505	DrosEu-129_1.fastq.gz, DrosEu-129_2.fastq.gz
SRR25232673	UA_Kie_Vys_1_2019-08-12 Drosophila melanogaster Wild flies	PRJNA993612	SAMN36404941	Released	2025-04-29	2023-07-11T15:27:34Z	2025-04-29T12:43:01Z	SUB13646505	DrosEu-179_1.fastq.gz, DrosEu-179_2.fastq.gz
SRR25232676	RU_Vla_Ale_1_2018-09-09 Drosophila melanogaster Wild flies	PRJNA993612	SAMN36404880	Released	2025-04-29	2023-07-11T15:27:34Z	2025-04-29T12:43:01Z	SUB13646505	DrosEu-203_1.fastq.gz, DrosEu-203_2.fastq.gz
SRR25232679	RU_Nov_Val_1_2017-10-01 Drosophila melanogaster Wild flies	PRJNA993612	SAMN36404877	Released	2025-04-29	2023-07-11T15:27:34Z	2025-04-29T12:43:01Z	SUB13646505	DrosEu-202_1.fastq.gz, DrosEu-202_2.fastq.gz
SRR25232706	AU_Vic_Mel_1_2021-04-19 Drosophila melanogaster isofemale	PRJNA993612	SAMN36404755	Released	2025-04-29	2023-07-11T15:27:35Z	2025-04-29T12:43:01Z	SUB13646505	DrosEu-71_1.fastq.gz, DrosEu-71_2.fastq.gz
SRR25232695	NL_Gro_Gro_1_2020-10-15 Drosophila melanogaster Wild flies	PRJNA993612	SAMN36404863	Released	2025-04-29	2023-07-11T15:27:35Z	2025-04-29T12:43:00Z	SUB13646505	DrosEu-108_1.fastq.gz, DrosEu-108_2.fastq.gz
SRR25232698	MA_Tan_Lar_1_2021-09-06 Drosophila melanogaster Wild flies	PRJNA993612	SAMN36404860	Released	2025-04-29	2023-07-11T15:27:35Z	2025-04-29T12:43:00Z	SUB13646505	DrosEu-88_1.fastq.gz, DrosEu-88_2.fastq.gz
SRR25232701	MA_Ori_Ber_1_2020-09-21 Drosophila melanogaster Wild flies	PRJNA993612	SAMN36404857	Released	2025-04-29	2023-07-11T15:27:35Z	2025-04-29T12:43:00Z	SUB13646505	DrosEu-89_1.fastq.gz, DrosEu-89_2.fastq.gz
SRR25232704	DE_Bad_Bro_1_2019-07-03 Drosophila melanogaster Wild flies	PRJNA993612	SAMN36404765	Released	2025-04-29	2023-07-11T15:27:35Z	2025-04-29T12:43:00Z	SUB13646505	DrosEu-193_1.fastq.gz, DrosEu-193_2.fastq.gz
SRR25232696	NL_Gro_Gro_1_2019-10-09 Drosophila melanogaster Wild flies	PRJNA993612	SAMN36404862	Released	2025-04-29	2023-07-11T15:27:35Z	2025-04-29T12:43:00Z	SUB13646505	DrosEu-90_1.fastq.gz, DrosEu-90_2.fastq.gz
SRR25232699	MA_Ori_Nad_1_2016-10-04 Drosophila melanogaster Wild flies	PRJNA993612	SAMN36404859	Released	2025-04-29	2023-07-11T15:27:35Z	2025-04-29T12:43:00Z	SUB13646505	DrosEu-197_1.fastq.gz, DrosEu-197_2.fastq.gz
SRR25232702	MA_Ori_Ber_1_2019-09-11 Drosophila melanogaster Wild flies	PRJNA993612	SAMN36404856	Released	2025-04-29	2023-07-11T15:27:35Z	2025-04-29T12:43:00Z	SUB13646505	DrosEu-170_1.fastq.gz, DrosEu-170_2.fastq.gz
SRR25232705	AU_Vic_Tah_1_2017-12-04 Drosophila melanogaster Wild flies	PRJNA993612	SAMN36404756	Released	2025-04-29	2023-07-11T15:27:35Z	2025-04-29T12:43:00Z	SUB13646505	DrosEu-216_1.fastq.gz, DrosEu-216_2.fastq.gz
SRR25232697	NL_Gro_Gro_1_2017-10-11 Drosophila melanogaster Wild flies	PRJNA993612	SAMN36404861	Released	2025-04-29	2023-07-11T15:27:35Z	2025-04-29T12:43:00Z	SUB13646505	DrosEu-212_1.fastq.gz, DrosEu-212_2.fastq.gz
SRR25232700	MA_Ori_Nad_1_2016-07-21 Drosophila melanogaster Wild flies	PRJNA993612	SAMN36404858	Released	2025-04-29	2023-07-11T15:27:35Z	2025-04-29T12:43:00Z	SUB13646505	DrosEu-196_1.fastq.gz, DrosEu-196_2.fastq.gz
SRR25232703	MA_Ori_Ber_1_2018-07-16 Drosophila melanogaster Wild flies	PRJNA993612	SAMN36404855	Released	2025-04-29	2023-07-11T15:27:35Z	2025-04-29T12:43:00Z	SUB13646505	DrosEu-173_1.fastq.gz, DrosEu-173_2.fastq.gz
SRR25232680	RU_Nov_Val_1_2017-08-25 Drosophila melanogaster Wild flies	PRJNA993612	SAMN36404876	Released	2025-04-29	2023-07-11T15:27:34Z	2025-04-29T12:42:59Z	SUB13646505	DrosEu-201_1.fastq.gz, DrosEu-201_2.fastq.gz
SRR25232683	RS_Sre_Sta_1_2020-09-14 Drosophila melanogaster Wild flies	PRJNA993612	SAMN36404874	Released	2025-04-29	2023-07-11T15:27:34Z	2025-04-29T12:42:59Z	SUB13646505	DrosEu-63_1.fastq.gz, DrosEu-63_2.fastq.gz
SRR25232686	RS_Sre_Sla_1_2019-06-14 Drosophila melanogaster Wild flies	PRJNA993612	SAMN36404871	Released	2025-04-29	2023-07-11T15:27:35Z	2025-04-29T12:42:59Z	SUB13646505	DrosEu-159_1.fastq.gz, DrosEu-159_2.fastq.gz
SRR25232689	RS_Pod_Sta_1_2019-09-19 Drosophila melanogaster Wild flies	PRJNA993612	SAMN36404868	Released	2025-04-29	2023-07-11T15:27:35Z	2025-04-29T12:42:59Z	SUB13646505	DrosEu-162_1.fastq.gz, DrosEu-162_2.fastq.gz
SRR25232692	RS_Kol_Sla_1_2021-09-14 Drosophila melanogaster Wild flies	PRJNA993612	SAMN36404865	Released	2025-04-29	2023-07-11T15:27:35Z	2025-04-29T12:42:59Z	SUB13646505	DrosEu-60_1.fastq.gz, DrosEu-60_2.fastq.gz
SRR25232684	RS_Sre_Sta_1_2020-07-02 Drosophila melanogaster Wild flies	PRJNA993612	SAMN36404873	Released	2025-04-29	2023-07-11T15:27:34Z	2025-04-29T12:42:59Z	SUB13646505	DrosEu-61_1.fastq.gz, DrosEu-61_2.fastq.gz
SRR25232687	RS_Sre_Sla_1_2017-09-28 Drosophila melanogaster Wild flies	PRJNA993612	SAMN36404870	Released	2025-04-29	2023-07-11T15:27:35Z	2025-04-29T12:42:59Z	SUB13646505	DrosEu-199_1.fastq.gz, DrosEu-199_2.fastq.gz
SRR25232690	RS_Mac_Zaj_1_2020-09-13 Drosophila melanogaster Wild flies	PRJNA993612	SAMN36404867	Released	2025-04-29	2023-07-11T15:27:35Z	2025-04-29T12:42:59Z	SUB13646505	DrosEu-58_1.fastq.gz, DrosEu-58_2.fastq.gz
SRR25232693	DE_Bad_Bro_1_2020-07-16 Drosophila melanogaster Wild flies	PRJNA993612	SAMN36404766	Released	2025-04-29	2023-07-11T15:27:35Z	2025-04-29T12:42:59Z	SUB13646505	DrosEu-194_1.fastq.gz, DrosEu-194_2.fastq.gz
SRR25232685	RS_Sre_Sta_1_2019-07-21 Drosophila melanogaster Wild flies	PRJNA993612	SAMN36404872	Released	2025-04-29	2023-07-11T15:27:34Z	2025-04-29T12:42:59Z	SUB13646505	DrosEu-161_1.fastq.gz, DrosEu-161_2.fastq.gz
SRR25232688	RS_Sre_Sla_1_2017-06-28 Drosophila melanogaster Wild flies	PRJNA993612	SAMN36404869	Released	2025-04-29	2023-07-11T15:27:35Z	2025-04-29T12:42:59Z	SUB13646505	DrosEu-198_1.fastq.gz, DrosEu-198_2.fastq.gz
SRR25232691	RS_Kol_Sla_1_2021-MM-DD Drosophila melanogaster Wild flies	PRJNA993612	SAMN36404866	Released	2025-04-29	2023-07-11T15:27:35Z	2025-04-29T12:42:59Z	SUB13646505	DrosEu-59_1.fastq.gz, DrosEu-59_2.fastq.gz
SRR25232694	PL_War_Brz_1_2017-08-20 Drosophila melanogaster Wild flies	PRJNA993612	SAMN36404864	Released	2025-04-29	2023-07-11T15:27:35Z	2025-04-29T12:42:59Z	SUB13646505	DrosEu-228_1.fastq.gz, DrosEu-228_2.fastq.gz
SRR25232681	RS_Sre_Sta_1_2021-06-22 Drosophila melanogaster Wild flies	PRJNA993612	SAMN36404875	Released	2025-04-29	2023-07-11T15:27:34Z	2025-04-29T12:42:58Z	SUB13646505	DrosEu-62_1.fastq.gz, DrosEu-62_2.fastq.gz
SRR25232682	DE_Bad_Bro_1_2020-10-24 Drosophila melanogaster Wild flies	PRJNA993612	SAMN36404767	Released	2025-04-29	2023-07-11T15:27:34Z	2025-04-29T12:42:58Z	SUB13646505	DrosEu-195_1.fastq.gz, DrosEu-195_2.fastq.gz
