sampleId,year,yday,locality,lat,long,continent,country,city,type,set,nFlies,SequencingId
AT_Mau_14_01,2014,201,AT_Mau,48.375,15.56,Europe,Austria,Mauternbach,pooled,DrosEU,40,NA
AT_Mau_14_02,2014,292,AT_Mau,48.375,15.56,Europe,Austria,Mauternbach,pooled,DrosEU,40,NA
AT_Mau_15_50,2015,201,AT_Mau,48.375,15.56,Europe,Austria,Mauternbach,pooled,DrosEU,40,NA
AT_Mau_15_51,2015,292,AT_Mau,48.375,15.56,Europe,Austria,Mauternbach,pooled,DrosEU,40,NA
AT_See_14_44,2014,229,AT_See,46.8136889,13.50794792,Europe,Austria,Seeboden,pooled,DrosEU,40,NA
AT_See_16_1,2016,214,AT_See,46.8136889,13.50794792,Europe,Austria,Seeboden,pooled,DrosEU,40,NA
AT_gr_12_fall,2012,294,AT_gr,48.2,16.37,Europe,Austria,Gross-Enzersdorf,pooled,DrosRTEC,44,NA
AT_gr_12_spring,2012,216,AT_gr,48.2,16.37,Europe,Austria,Gross-Enzersdorf,pooled,DrosRTEC,62,NA
B,1992,NA,B,39.91,116.41,Asia,China,Beijing,inbred_line,dgn,15,NA
BY_Bre_15_13,2015,254,BY_Bre,52.142193,23.662434,Europe,Belarus,Brest,pooled,DrosEU,40,NA
CA_es_12_fall,2012,235,CA_es,38.68,-122.046,North_America,USA,Esparto,pooled,DrosRTEC,92,NA
CA_es_12_frost,2012,325,CA_es,38.68,-122.046,North_America,USA,Esparto,pooled,DrosRTEC,92,NA
CA_es_12_spring,2012,165,CA_es,38.68,-122.046,North_America,USA,Esparto,pooled,DrosRTEC,27,NA
CA_es_13_fall,2013,244,CA_es,38.68,-122.046,North_America,USA,Esparto,pooled,DrosRTEC,57,NA
CA_es_13_spring,2013,127,CA_es,38.68,-122.046,North_America,USA,Esparto,pooled,DrosRTEC,50,NA
CA_pl_12_fall,2012,238,CA_pl,38.74,-120.74,North_America,USA,Placerville,pooled,DrosRTEC,100,NA
CA_pl_12_frost,2012,323,CA_pl,38.74,-120.74,North_America,USA,Placerville,pooled,DrosRTEC,56,NA
CA_pl_13_fall,2013,242,CA_pl,38.74,-120.74,North_America,USA,Placerville,pooled,DrosRTEC,88,NA
CA_pl_13_frost,2013,350,CA_pl,38.74,-120.74,North_America,USA,Placerville,pooled,DrosRTEC,72,NA
CA_st_12_fall,2012,275,CA_st,38.02,-121.2,North_America,USA,Stockton,pooled,DrosRTEC,100,NA
CA_st_12_frost,2012,320,CA_st,38.02,-121.2,North_America,USA,Stockton,pooled,DrosRTEC,58,NA
CA_st_13_fall,2013,246,CA_st,38.02,-121.2,North_America,USA,Stockton,pooled,DrosRTEC,72,NA
CA_tu_12_fall,2012,284,CA_tu,37.97,-120.26,North_America,USA,Tuolumne,pooled,DrosRTEC,116,NA
CA_tu_12_frost,2012,322,CA_tu,37.97,-120.26,North_America,USA,Tuolumne,pooled,DrosRTEC,60,NA
CA_tu_13_fall,2013,243,CA_tu,37.97,-120.26,North_America,USA,Tuolumne,pooled,DrosRTEC,100,NA
CA_tu_13_frost,2013,342,CA_tu,37.97,-120.26,North_America,USA,Tuolumne,pooled,DrosRTEC,100,NA
CA_tu_13_spring,2013,134,CA_tu,37.97,-120.26,North_America,USA,Tuolumne,pooled,DrosRTEC,98,NA
CH_Cha_14_42,2014,205,CH_Cha,46.5670416,6.701867,Europe,Switzerland,Chalet ‡ Gobet,pooled,DrosEU,40,NA
CH_Cha_14_43,2014,278,CH_Cha,46.5670416,6.701867,Europe,Switzerland,Chalet ‡ Gobet,pooled,DrosEU,40,NA
CH_Cha_15_39,2015,213,CH_Cha,46.5670416,6.701867,Europe,Switzerland,Chalet ‡ Gobet,pooled,DrosEU,40,NA
CH_Cha_16_38,2016,228,CH_Cha,46.5670416,6.701867,Europe,Switzerland,Chalet ‡ Gobet,pooled,DrosEU,40,NA
CO,2004,NA,CO,6.25,10.43,Africa,Cameroon,Oku,haploid_embryo,dgn,10,NA
CY_Nic_14_11,2014,222,CY_Nic,35.066461,33.322646,Europe,Cyprus,Nicosia,pooled,DrosEU,40,NA
DE_Bro_14_14,2014,177,DE_Bro,48.218024,7.819513,Europe,Germany,Broggingen,pooled,DrosEU,40,NA
DE_Bro_14_15,2014,288,DE_Bro,48.218024,7.819513,Europe,Germany,Broggingen,pooled,DrosEU,40,NA
DE_Bro_15_53,2015,181,DE_Bro,48.218,7.82,Europe,Germany,Broggingen,pooled,DrosEU,40,NA
DE_Bro_15_54,2015,298,DE_Bro,48.218,7.82,Europe,Germany,Broggingen,pooled,DrosEU,40,NA
DE_Bro_16_10,2016,206,DE_Bro,48.218024,7.819513,Europe,Germany,Broggingen,pooled,DrosEU,40,NA
DE_Bro_16_11,2016,297,DE_Bro,48.218024,7.819513,Europe,Germany,Broggingen,pooled,DrosEU,40,NA
DE_Mun_14_31,2014,170,DE_Mun,48.18,11.61,Europe,Germany,Munich,pooled,DrosEU,40,NA
DE_Mun_14_32,2014,246,DE_Mun,48.18,11.61,Europe,Germany,Munich,pooled,DrosEU,40,NA
DE_Mun_15_45,2015,152,DE_Mun,48.18,11.61,Europe,Germany,Munich,pooled,DrosEU,40,NA
DE_Mun_15_46,2015,244,DE_Mun,48.18,11.61,Europe,Germany,Munich,pooled,DrosEU,40,NA
DE_Mun_16_12,2016,177,DE_Mun,48.18,11.61,Europe,Germany,Munich,pooled,DrosEU,40,NA
DE_Mun_16_13,2016,245,DE_Mun,48.18,11.61,Europe,Germany,Munich,pooled,DrosEU,40,NA
DK_Kar_14_39,2014,244,DK_Kar,55.945128,10.212586,Europe,Denmark,Karensminde,pooled,DrosEU,40,NA
DK_Kar_14_41,2014,329,DK_Kar,55.945128,10.212586,Europe,Denmark,Karensminde,pooled,DrosEU,40,NA
DK_Kar_16_2,2016,160,DK_Kar,55.945128,10.212586,Europe,Denmark,Karensminde Orchard,pooled,DrosEU,40,NA
DK_Kar_16_3,2016,259,DK_Kar,55.945128,10.212586,Europe,Denmark,Karensminde Orchard,pooled,DrosEU,40,NA
DK_Kar_16_4,2016,327,DK_Kar,55.945128,10.212586,Europe,Denmark,Karensminde Orchard,pooled,DrosEU,40,NA
EA,2011,NA,EA,8.25,34.59,Africa,Ethiopia,Gambella,inbred_line,dgn,20,NA
EB,2011,NA,EB,7.26,36.25,Africa,Ethiopia,Bonga,haploid_embryo,dgn,5,NA
ED,2008,NA,ED,6.98,39.18,Africa,Ethiopia,Dodola,haploid_embryo,dgn,5,NA
EF,2011,NA,EF,9.81,38.63,Africa,Ethiopia,Fiche,inbred_line,dgn,63,NA
EG,2011,NA,EG,30.1,31.32,Africa,Egypt,Cairo,inbred_line,dgn,29,NA
ER,2011,NA,ER,9.68,39.53,Africa,Ethiopia,Debre Birhan,haploid_embryo,dgn,5,NA
ES_Ben_16_32,2016,282,ES_Ben,37.353733,-3.167179,Europe,Spain,Benalua,pooled,DrosEU,40,NA
ES_Cor_15_33,2015,220,ES_Cor,37.661547,-2.79631,Europe,Spain,Cortes de Baza,pooled,DrosEU,40,NA
ES_Gim_14_34,2014,293,ES_Gim,41.6175899,0.6200146,Europe,Spain,Gimenells,pooled,DrosEU,40,NA
ES_Gim_14_35,2014,225,ES_Gim,41.6175899,0.6200146,Europe,Spain,Gimenells,pooled,DrosEU,40,NA
ES_Gim_15_30,2015,179,ES_Gim,41.656416,0.388472,Europe,Spain,Gimenells,pooled,DrosEU,40,NA
ES_Gim_15_31,2015,295,ES_Gim,41.656416,0.388472,Europe,Spain,Gimenells,pooled,DrosEU,40,NA
ES_Gim_16_33,2016,238,ES_Gim,41.656416,0.388472,Europe,Spain,Gimenells,pooled,DrosEU,40,NA
ES_Gim_16_34,2016,295,ES_Gim,41.656416,0.388472,Europe,Spain,Gimenells,pooled,DrosEU,40,NA
ES_Gua_15_32,2015,255,ES_Gua,37.3308,-3.173416,Europe,Spain,Guadix,pooled,DrosEU,40,NA
ES_Pur_16_35,2016,243,ES_Pur,37.3377875,-3.1786148,Europe,Spain,Purullena. El BejarÌn (Guadix),pooled,DrosEU,40,NA
ES_Tom_15_28,2015,281,ES_Tom,39.15805,-3.021,Europe,Spain,Tomelloso,pooled,DrosEU,40,NA
ES_Tom_15_29,2015,260,ES_Tom,39.15805,-3.021,Europe,Spain,Tomelloso,pooled,DrosEU,40,NA
ES_Tom_16_36,2016,246,ES_Tom,39.152529,-3.0616048,Europe,Spain,Tomelloso,pooled,DrosEU,40,NA
ES_Tom_16_37,2016,285,ES_Tom,39.152529,-3.0616048,Europe,Spain,Tomelloso,pooled,DrosEU,40,NA
ES_ba_12_fall,2012,289,ES_ba,41.38,2.17,Europe,Spain,Barcelona,pooled,DrosRTEC,29,NA
ES_ba_12_spring,2012,195,ES_ba,41.38,2.17,Europe,Spain,Barcelona,pooled,DrosRTEC,55,NA
FI_Aka_14_36,2014,206,FI_Aka,61.1,23.52,Europe,Finland,Akaa,pooled,DrosEU,40,NA
FI_Aka_14_37,2014,239,FI_Aka,61.1,23.52,Europe,Finland,Akaa,pooled,DrosEU,40,NA
FI_Aka_15_34,2015,274,FI_Aka,61.1,23.52,Europe,Finland,Akaa,pooled,DrosEU,40,NA
FI_Aka_15_35,2015,202,FI_Aka,61.1,23.52,Europe,Finland,Akaa,pooled,DrosEU,40,NA
FI_Aka_16_5,2016,206,FI_Aka,61.1,23.52,Europe,Finland,Akaa,pooled,DrosEU,40,NA
FI_Aka_16_6,2016,261,FI_Aka,61.1,23.52,Europe,Finland,Akaa,pooled,DrosEU,40,NA
FI_Ves_14_38,2014,207,FI_Ves,62.55,26.24,Europe,Finland,Vesanto,pooled,DrosEU,33,NA
FI_Ves_16_7,2016,211,FI_Ves,62.55,26.24,Europe,Finland,Vesanto,pooled,DrosEU,40,NA
FL_ho_10_fall,2010,349,FL_ho,25.5,-80.477,North_America,USA,Homestead,pooled,DrosRTEC,48,NA
FL_ho_10_spring,2010,196,FL_ho,25.5,-80.477,North_America,USA,Homestead,pooled,DrosRTEC,39,NA
FR,2010,NA,FR,45.77,4.86,Europe,France,Lyon,inbred_line,dgn,87,NA
FR_Got_14_08,2014,189,FR_Got,44.976813,4.930005,Europe,France,Gotheron,pooled,DrosEU,40,NA
FR_Got_15_47,2015,141,FR_Got,44.977,4.93,Europe,France,Gotheron,pooled,DrosEU,40,NA
FR_Got_15_48,2015,252,FR_Got,44.977,4.93,Europe,France,Gotheron,pooled,DrosEU,40,NA
FR_Got_15_49,2015,286,FR_Got,44.977,4.93,Europe,France,Gotheron,pooled,DrosEU,40,NA
FR_Got_16_8,2016,165,FR_Got,44.976813,4.930005,Europe,France,Gotheron,pooled,DrosEU,40,NA
FR_Vil_14_05,2014,230,FR_Vil,48.7543324,2.1584108,Europe,France,Viltain,pooled,DrosEU,40,NA
FR_Vil_14_07,2014,300,FR_Vil,48.7543324,2.1584108,Europe,France,Viltain,pooled,DrosEU,40,NA
FR_Vil_15_40,2015,222,FR_Vil,48.754,2.158,Europe,France,Viltain,pooled,DrosEU,40,NA
FR_Vil_15_41,2015,287,FR_Vil,48.754,2.158,Europe,France,Viltain,pooled,DrosEU,40,NA
FR_Vil_16_9,2016,225,FR_Vil,48.7543324,2.1584108,Europe,France,Viltain,pooled,DrosEU,40,NA
GA,2002,NA,GA,-1.65,13.6,Africa,Gabon,Franceville,haploid_embryo,dgn,9,NA
GA_at_14_fall,2014,288,GA_at,33.95,-83.36,North_America,USA,Athens,pooled,DrosRTEC,99,NA
GA_at_14_spring,2014,166,GA_at,33.95,-83.36,North_America,USA,Athens,pooled,DrosRTEC,44,NA
GA_ha_08_spring,2008,197,GA_ha,30.99,-83.37,North_America,USA,Hahia,pooled,DrosRTEC,51,NA
GS_Des_15_1,2015,350,GS_Des,16.32,-61.78,North_America,Guadeloupe,Deshaies,pooled,DrosEU,40,NA
GS_Sai_15_2,2015,357,GS_Sai,16.25,-61.28,North_America,Guadeloupe,Saint Francois,pooled,DrosEU,40,NA
GU,2005,NA,GU,10.7,-12.25,Africa,Guinea,DondÈ,haploid_embryo,dgn,5,NA
HU_Sze_16_14,2016,241,HU_Sze,46.25,20.13,Europe,Hungary,Szeged,pooled,DrosEU,40,NA
I,2004,NA,I,42.35,-76.57,North_America,United States,Ithaca NY,inbred_line,dgn,19,NA
IL_ur_15_spring,2015,192,IL_ur,40.11,-88.21,North_America,USA,Urbana,pooled,DrosRTEC,184,NA
IT_Mez_15_43,2015,272,IT_Mez,46.212856,11.08755,Europe,Italy,Mezzocorona,pooled,DrosEU,40,NA
IT_Mez_15_44,2015,283,IT_Mez,46.217939,11.123423,Europe,Italy,Mezzolombardo,pooled,DrosEU,40,NA
IT_Tre_16_15,2016,237,IT_Tre,46.2,11.13333,Europe,Italy,Trentino (San Michele a/A),pooled,DrosEU,40,NA
KA_to_14_fall,2014,295,KA_to,39.202831,-95.741527,North_America,USA,Topeka,pooled,DrosRTEC,48,NA
KA_to_14_spring,2014,173,KA_to,39.0913433,-95.6246509,North_America,USA,Topeka,pooled,DrosRTEC,72,NA
KN,2009,NA,KN,0.04,36.36,Africa,Kenya,Nyahururu,haploid_embryo,dgn,5,NA
MA_la_12_fall,2012,276,MA_la,42.45,-71.67,North_America,USA,Lancaster,pooled,DrosRTEC,63,NA
MA_la_12_spring,2012,210,MA_la,42.45,-71.67,North_America,USA,Lancaster,pooled,DrosRTEC,100,NA
MA_la_14_fall,2014,293,MA_la,42.45,-71.67,North_America,USA,Lancaster,pooled,DrosRTEC,90,NA
MA_la_14_spring,2014,201,MA_la,42.45,-71.67,North_America,USA,Lancaster,pooled,DrosRTEC,32,NA
ME_bo_09_fall.r1,2009,288,ME_bo,44,-69.96,North_America,USA,Bowdoin,pooled,DrosRTEC,86,NA
ME_bo_09_fall.r2,2009,288,ME_bo,44,-69.96,North_America,USA,Bowdoin,pooled,DrosRTEC,75,NA
MI_bh_14_fall,2014,309,MI_bh,42.1111,-86.4483,North_America,USA,Benton Harbor,pooled,DrosRTEC,34,NA
MI_bh_14_spring,2014,207,MI_bh,42.1111,-86.4483,North_America,USA,Benton Harbor,pooled,DrosRTEC,106,NA
N,1998,NA,N,52.02,5.1,Europe,Netherlands,Houten,inbred_line,dgn,19,NA
NC_ra_03_n,2003,NA,NC_ra,35.77,-78.63,North_America,USA,Raleigh,pooled,DrosRTEC,92,NA
NG,2004,NA,NG,11.85,13.16,Africa,Nigeria,Maiduguri,haploid_embryo,dgn,6,NA
NY_it_12_fall,2012,267,NY_it,42.44,-76.5,North_America,USA,Ithaca,pooled,DrosRTEC,58,NA
NY_it_12_spring,2012,207,NY_it,42.44,-76.5,North_America,USA,Ithaca,pooled,DrosRTEC,30,NA
ON_su_15_fall,2015,273,ON_su,46.53,-80.96,North_America,Canada,Sudbury,pooled,DrosRTEC,110,NA
ON_su_15_spring,2015,215,ON_su,46.53,-80.96,North_America,Canada,Sudbury,pooled,DrosRTEC,108,NA
PA_li_09_fall,2009,319,PA_li,39.88,-75.41,North_America,USA,Linvilla,pooled,DrosRTEC,74,NA
PA_li_09_spring,2009,196,PA_li,39.88,-75.41,North_America,USA,Linvilla,pooled,DrosRTEC,55,NA
PA_li_10_fall,2010,319,PA_li,39.88,-75.41,North_America,USA,Linvilla,pooled,DrosRTEC,33,NA
PA_li_10_spring,2010,196,PA_li,39.88,-75.41,North_America,USA,Linvilla,pooled,DrosRTEC,116,NA
PA_li_11_fall,2011,288,PA_li,39.88,-75.41,North_America,USA,Linvilla,pooled,DrosRTEC,47,NA
PA_li_11_frost,2011,319,PA_li,39.88,-75.41,North_America,USA,Linvilla,pooled,DrosRTEC,50,NA
PA_li_11_spring,2011,196,PA_li,39.88,-75.41,North_America,USA,Linvilla,pooled,DrosRTEC,75,NA
PA_li_12_fall,2012,284,PA_li,39.88,-75.41,North_America,USA,Linvilla,pooled,DrosRTEC,100,NA
PA_li_12_spring,2012,198,PA_li,39.88,-75.41,North_America,USA,Linvilla,pooled,DrosRTEC,115,NA
PA_li_12_sum,2012,257,PA_li,39.88,-75.41,North_America,USA,Linvilla,pooled,DrosRTEC,50,NA
PA_li_13_spring,2013,166,PA_li,39.88,-75.41,North_America,USA,Linvilla,pooled,DrosRTEC,54,NA
PA_li_14_fall,2014,290,PA_li,39.88,-75.41,North_America,USA,Linvilla,pooled,DrosRTEC,50,NA
PA_li_14_spring,2014,178,PA_li,39.88,-75.41,North_America,USA,Linvilla,pooled,DrosRTEC,92,NA
PA_li_15_fall,2015,288,PA_li,39.88,-75.41,North_America,USA,Linvilla,pooled,DrosRTEC,52,NA
PA_li_15_spring,2015,196,PA_li,39.88,-75.41,North_America,USA,Linvilla,pooled,DrosRTEC,74,NA
PA_st_14_fall,2014,289,PA_st,40.793395,-77.860001,North_America,USA,State College,pooled,DrosRTEC,67,NA
PA_st_14_spring,2014,169,PA_st,40.793395,-77.860001,North_America,USA,State College,pooled,DrosRTEC,45,NA
PA_st_15_spring,2015,199,PA_st,40.793395,-77.860001,North_America,USA,State College,pooled,DrosRTEC,47,NA
PO_Brz_15_12,2015,271,PO_Brz,54.27342,19.620169,Europe,Poland,Brzezina,pooled,DrosEU,40,NA
PO_Brz_16_17,2016,221,PO_Brz,54.27342,19.620169,Europe,Poland,Brzezina,pooled,DrosEU,40,NA
PO_Gda_16_16,2016,214,PO_Gda,54.35,18.64,Europe,Poland,Gdansk,pooled,DrosEU,40,NA
PT_Rec_14_33,2014,269,PT_Rec,41.15,-8.41,Europe,Portugal,Recarei,pooled,DrosEU,40,NA
PT_Rec_15_16,2015,244,PT_Rec,41.15,-8.41,Europe,Portugal,Recarei,pooled,DrosEU,40,NA
PT_Rec_16_18,2016,275,PT_Rec,41.15,-8.41,Europe,Portugal,Recarei,pooled,DrosEU,40,NA
RAL,2003,NA,RAL,35.76,-78.66,North_America,United States,Raleigh NC,inbred_line,dgn,205,NA
RG,2008,NA,RG,-2.49,28.92,Africa,Rwanda,Gikongoro,haploid_embryo,dgn,27,NA
RS_Kal_16_28,2016,182,RS_Kal,43.4,22.42,Europe,Serbia,Kalna,pooled,DrosEU,40,NA
RS_Kal_16_29,2016,257,RS_Kal,43.4,22.42,Europe,Serbia,Kalna,pooled,DrosEU,40,NA
RS_Sla_16_30,2016,170,RS_Sla,45.15,20.18,Europe,Serbia,Slankamen. Vinogradi,pooled,DrosEU,40,NA
RS_Sla_16_31,2016,253,RS_Sla,45.15,20.18,Europe,Serbia,Slankamen. Vinogradi,pooled,DrosEU,40,NA
RU_Ale_15_55,2015,258,RU_Ale,56.41472,38.71611,Europe,Russia,Alexandrov,pooled,DrosEU,40,NA
RU_Ale_16_22,2016,289,RU_Ale,56.41472,38.71611,Europe,Russia,Alexandrov,pooled,DrosEU,40,NA
RU_Val_14_51,2014,229,RU_Val,57.9788789,33.243615,Europe,Russia,Valday,pooled,DrosEU,40,NA
RU_Val_16_19,2016,236,RU_Val,58.02444,33.235277,Europe,Russia,Valday,pooled,DrosEU,40,NA
RU_Val_16_20,2016,273,RU_Val,58.02444,33.235277,Europe,Russia,Valday,pooled,DrosEU,40,NA
RU_Val_16_21,2016,298,RU_Val,58.02444,33.235277,Europe,Russia,Valday,pooled,DrosEU,40,NA
RU_tul_15_37,2015,263,RU_tul,53.99778,38.13167,Europe,Russia,tula,pooled,DrosEU,40,NA
RU_val_15_36,2015,235,RU_val,58.024,33.23528,Europe,Russia,valday,pooled,DrosEU,40,NA
RU_val_15_38,2015,278,RU_val,58.024,33.23528,Europe,Russia,valday,pooled,DrosEU,40,NA
SB,2011,NA,SB,-30.97,27.59,Australia,South Africa,Barkly East,haploid_embryo,dgn,5,NA
SC_eu_10_spring,2010,196,SC_eu,33.39,-80.34,North_America,USA,Eutawville,pooled,DrosRTEC,48,NA
SD,2011,NA,SD,-25.42,30.1,Africa,South Africa,Dullstroom,inbred_line,dgn,76,NA
SE_Lun_14_30,2014,212,SE_Lun,55.694,13.198,Europe,Sweden,Lund,pooled,DrosEU,40,NA
SE_Lun_15_14,2015,236,SE_Lun,55.694,13.198,Europe,Sweden,Lund,pooled,DrosEU,40,NA
SE_Lun_15_15,2015,220,SE_Lun,55.694,13.198,Europe,Sweden,Lund,pooled,DrosEU,40,NA
SIM,NA,NA,w501,NA,NA,NA,w501,w501,inbred_line,dgn,1,NA
SP,2010,NA,SP,-23.94,31.14,Africa,South Africa,Phalaborwa,inbred_line,dgn,30,NA
T,2004,NA,T,-42.77,147.56,Australia,Australia,Sorell TAS,inbred_line,dgn,18,NA
TR_Yes_14_03,2014,243,TR_Yes,40.231444,32.260328,Europe,Turkey,Yesiloz,pooled,DrosEU,40,NA
TR_Yes_14_04,2014,296,TR_Yes,40.231444,32.260328,Europe,Turkey,Yesiloz,pooled,DrosEU,40,NA
TR_Yes_15_3,2015,121,TR_Yes,40.231444,32.260328,Europe,Turkey,Yesiloz,pooled,DrosEU,40,NA
TR_Yes_15_4,2015,152,TR_Yes,40.231444,32.260328,Europe,Turkey,Yesiloz,pooled,DrosEU,40,NA
TR_Yes_15_5,2015,209,TR_Yes,40.231444,32.260328,Europe,Turkey,Yesiloz,pooled,DrosEU,40,NA
TR_Yes_15_6,2015,239,TR_Yes,40.231444,32.260328,Europe,Turkey,Yesiloz,pooled,DrosEU,40,NA
TR_Yes_15_7,2015,260,TR_Yes,40.231444,32.260328,Europe,Turkey,Yesiloz,pooled,DrosEU,40,NA
TR_Yes_15_8,2015,288,TR_Yes,40.231444,32.260328,Europe,Turkey,Yesiloz,pooled,DrosEU,40,NA
TR_Yes_16_39,2016,147,TR_Yes,40.231444,32.260328,Europe,Turkey,Yesiloz TR13,pooled,DrosEU,40,NA
TR_Yes_16_40,2016,177,TR_Yes,40.231444,32.260328,Europe,Turkey,Yesiloz TR14,pooled,DrosEU,40,NA
TR_Yes_16_41,2016,209,TR_Yes,40.231444,32.260328,Europe,Turkey,Yesiloz TR15,pooled,DrosEU,40,NA
TR_Yes_16_42,2016,237,TR_Yes,40.231444,32.260328,Europe,Turkey,Yesiloz TR16,pooled,DrosEU,40,NA
TR_Yes_16_43,2016,271,TR_Yes,40.231444,32.260328,Europe,Turkey,Yesiloz TR17,pooled,DrosEU,40,NA
TR_Yes_16_52,2016,287,TR_Yes,40.231444,32.260328,Europe,Turkey,Yesiloz TR18,pooled,DrosEU,40,NA
UA_Che_14_28,2014,256,UA_Che,51.37330556,30.13830556,Europe,Ukraine,Chornobyl (Cooling pond),pooled,DrosEU,40,NA
UA_Che_14_29,2014,256,UA_Che,51.38691667,30.07330556,Europe,Ukraine,Chornobyl Yaniv,pooled,DrosEU,40,NA
UA_Che_14_47,2014,256,UA_Che,51.27263889,30.22136111,Europe,Ukraine,Chornobyl Applegarden,pooled,DrosEU,40,NA
UA_Che_14_48,2014,256,UA_Che,51.27888889,29.39438889,Europe,Ukraine,Chornobyl Polisske,pooled,DrosEU,35,NA
UA_Cho_15_24,2015,232,UA_Cho,51.279245,30.213118,Europe,Ukraine,Chornobyl Applegarden (New),pooled,DrosEU,40,NA
UA_Cho_15_25,2015,166,UA_Cho,51.279245,30.213118,Europe,Ukraine,Chornobyl Applegarden (New),pooled,DrosEU,40,NA
UA_Cho_15_26,2015,238,UA_Cho,51.3352,30.136179,Europe,Ukraine,Chornobyl Kopachi,pooled,DrosEU,40,NA
UA_Cho_15_27,2015,238,UA_Cho,51.38691667,30.07330556,Europe,Ukraine,Chornobyl Yaniv,pooled,DrosEU,40,NA
UA_Cho_15_65,2015,238,UA_Cho,51.37330556,30.13830556,Europe,Ukraine,Chornobyl (Cooling pond),pooled,DrosEU,40,NA
UA_Cho_15_67,2015,238,UA_Cho,51.279245,30.213118,Europe,Ukraine,Chornobyl Applegarden (New),pooled,DrosEU,40,NA
UA_Cho_15_68,2015,238,UA_Cho,51.27888889,29.39438889,Europe,Ukraine,Chornobyl Polisske,pooled,DrosEU,40,NA
UA_Cho_15_69,2015,238,UA_Cho,51.27263889,30.22136111,Europe,Ukraine,Chornobyl Applegarden,pooled,DrosEU,40,NA
UA_Cho_15_70,2015,188,UA_Cho,51.279245,30.213118,Europe,Ukraine,Chornobyl Applegarden (New),pooled,DrosEU,40,NA
UA_Cho_16_54,2016,248,UA_Cho,51.27,30.21,Europe,Ukraine,Chornobyl Applegarden (New),pooled,DrosEU,40,NA
UA_Cho_16_55,2016,249,UA_Cho,51.37,30.13,Europe,Ukraine,Chornobyl (Cooling pond),pooled,DrosEU,40,NA
UA_Cho_16_62,2016,248,UA_Cho,51.38691667,30.07330556,Europe,Ukraine,Chornobyl Yaniv,pooled,DrosEU,40,NA
UA_Dro_14_27,2014,236,UA_Dro,49.32991667,23.50280556,Europe,Ukraine,Drogobych,pooled,DrosEU,40,NA
UA_Dro_15_10,2015,261,UA_Dro,49.32991667,23.50280556,Europe,Ukraine,Drogobych,pooled,DrosEU,40,NA
UA_Dro_16_56,2016,256,UA_Dro,49.32991667,23.50280556,Europe,Ukraine,Drogobych,pooled,DrosEU,40,NA
UA_Kan_16_57,2016,190,UA_Kan,49.72,31.53,Europe,Ukraine,Kaniv,pooled,DrosEU,40,NA
UA_Kha_14_45,2014,207,UA_Kha,49.81852778,36.05475,Europe,Ukraine,Kharkiv,pooled,DrosEU,40,NA
UA_Kha_14_46,2014,257,UA_Kha,49.81852778,36.05475,Europe,Ukraine,Kharkiv,pooled,DrosEU,40,NA
UA_Kha_15_19,2015,232,UA_Kha,49.81852778,36.05475,Europe,Ukraine,Kharkiv,pooled,DrosEU,40,NA
UA_Kha_16_58,2016,231,UA_Kha,49.81852778,36.05475,Europe,Ukraine,Kharkiv,pooled,DrosEU,40,NA
UA_Kyi_14_23,2014,221,UA_Kyi,50.34402778,30.48911111,Europe,Ukraine,Kyiv,pooled,DrosEU,40,NA
UA_Kyi_14_24,2014,251,UA_Kyi,50.34402778,30.48911111,Europe,Ukraine,Kyiv,pooled,DrosEU,40,NA
UA_Kyi_14_49,2014,284,UA_Kyi,50.34402778,30.48911111,Europe,Ukraine,Kyiv,pooled,DrosEU,40,NA
UA_Kyi_15_64,2015,222,UA_Kyi,50.383374,30.368038,Europe,Ukraine,Kyiv (Vyshneve),pooled,DrosEU,40,NA
UA_Kyi_16_44,2016,248,UA_Kyi,50.3834,30.3682,Europe,Ukraine,Kyiv (Vyshneve),pooled,DrosEU,40,NA
UA_Kyi_16_45,2016,277,UA_Kyi,50.38,30.36,Europe,Ukraine,Kyiv (Vyshneve),pooled,DrosEU,40,NA
UA_Kyi_16_59,2016,219,UA_Kyi,50.38,30.36,Europe,Ukraine,Kyiv (Vyshneve),pooled,DrosEU,40,NA
UA_Ode_14_19,2014,184,UA_Ode,46.44155556,30.77169444,Europe,Ukraine,Odesa,pooled,DrosEU,40,NA
UA_Ode_14_20,2014,203,UA_Ode,46.44155556,30.77169444,Europe,Ukraine,Odesa,pooled,DrosEU,40,NA
UA_Ode_14_21,2014,241,UA_Ode,46.44155556,30.77169444,Europe,Ukraine,Odesa,pooled,DrosEU,40,NA
UA_Ode_14_22,2014,283,UA_Ode,46.44155556,30.77169444,Europe,Ukraine,Odesa,pooled,DrosEU,40,NA
UA_Ode_15_11,2015,269,UA_Ode,46.44155556,30.77169444,Europe,Ukraine,Odesa,pooled,DrosEU,40,NA
UA_Ode_15_20,2015,181,UA_Ode,46.44155556,30.77169444,Europe,Ukraine,Odesa,pooled,DrosEU,40,NA
UA_Ode_15_22,2015,239,UA_Ode,46.44155556,30.77169444,Europe,Ukraine,Odesa,pooled,DrosEU,40,NA
UA_Ode_15_66,2015,207,UA_Ode,46.44155556,30.77169444,Europe,Ukraine,Odesa,pooled,DrosEU,40,NA
UA_Ode_16_46,2016,233,UA_Ode,46.44,30.77,Europe,Ukraine,Odesa,pooled,DrosEU,40,NA
UA_Ode_16_47,2016,259,UA_Ode,46.44155556,30.77169444,Europe,Ukraine,Odesa,pooled,DrosEU,40,NA
UA_Pir_16_48,2016,247,UA_Pir,51.4,30.05416645,Europe,Ukraine,Pripyat,pooled,DrosEU,40,NA
UA_Pyr_14_26,2014,232,UA_Pyr,50.25375,32.51880556,Europe,Ukraine,Pyriatyn,pooled,DrosEU,40,NA
UA_Pyr_15_21,2015,238,UA_Pyr,50.25375,32.51880556,Europe,Ukraine,Pyriatyn,pooled,DrosEU,40,NA
UA_Pyr_16_49,2016,236,UA_Pyr,50.53752,32.51880556,Europe,Ukraine,Pyriatyn,pooled,DrosEU,40,NA
UA_Uma_14_50,2014,274,UA_Uma,48.75327778,30.20580556,Europe,Ukraine,Uman,pooled,DrosEU,40,NA
UA_Uma_15_9,2015,269,UA_Uma,48.75327778,30.20580556,Europe,Ukraine,Uman',pooled,DrosEU,40,NA
UA_Uma_16_50,2016,261,UA_Uma,48.75,30.2,Europe,Ukraine,Uman,pooled,DrosEU,40,NA
UA_Uma_16_51,2016,255,UA_Uma,48.76,30.17,Europe,Ukraine,Uman K,pooled,DrosEU,40,NA
UA_Var_14_25,2014,230,UA_Var,50.48469444,32.71425,Europe,Ukraine,Varva,pooled,DrosEU,40,NA
UA_Var_15_18,2015,237,UA_Var,50.48469444,32.71425,Europe,Ukraine,Varva,pooled,DrosEU,40,NA
UA_Var_16_60,2016,239,UA_Var,50.48469444,32.71425,Europe,Ukraine,Varva,pooled,DrosEU,40,NA
UA_Yal_14_16,2014,171,UA_Yal,44.5015,34.16611944,Europe,Ukraine,Yalta,pooled,DrosEU,40,NA
UA_Yal_14_18,2014,239,UA_Yal,44.5015,34.16611944,Europe,Ukraine,Yalta,pooled,DrosEU,40,NA
UA_Yal_15_23,2015,175,UA_Yal,44.5015,34.16611944,Europe,Ukraine,Yalta,pooled,DrosEU,40,NA
UA_Yal_15_63,2015,236,UA_Yal,44.5015,34.16611944,Europe,Ukraine,Yalta,pooled,DrosEU,40,NA
UA_Yal_16_61,2016,233,UA_Yal,44.5015,34.1661,Europe,Ukraine,Yalta,pooled,DrosEU,40,NA
UA_od_13_fall,2013,288,UA_od,46.49,30.71,Europe,Ukraine,Odessa,pooled,DrosRTEC,61,NA
UA_od_13_spring,2013,135,UA_od,46.49,30.71,Europe,Ukraine,Odessa,pooled,DrosRTEC,37,NA
UK,2012,NA,UK,-1.28,29.69,Africa,Uganda,Kisoro,haploid_embryo,dgn,5,NA
UK_Dai_15_52,2015,231,UK_Dai,56.344534,-2.952766,Europe,United Kingdom,Dairsie. Fife,pooled,DrosEU,40,NA
UK_Dai_16_23,2016,219,UK_Dai,56.3447,-2.9525,Europe,United Kingdom,Dairsie. Fife,pooled,DrosEU,40,NA
UK_Lut_14_13,2014,293,UK_Lut,52.433592,-1.102667,Europe,United Kingdom,Lutterworth,pooled,DrosEU,40,NA
UK_Mar_14_12,2014,293,UK_Mar,52.475769,-0.921517,Europe,United Kingdom,Market Harborough,pooled,DrosEU,40,NA
UK_Mar_15_42,2015,188,UK_Mar,52.4608,-0.959,Europe,United Kingdom,Market Harborough,pooled,DrosEU,40,NA
UK_Mar_16_53,2016,297,UK_Mar,52.46,-0.959,Europe,United Kingdom,Market Harborough,pooled,DrosEU,40,NA
UK_She_14_09,2014,237,UK_She,53.39052,-1.520599,Europe,United Kingdom,Sheffield,pooled,DrosEU,40,NA
UK_She_15_17,2015,277,UK_She,53.391,-1.521,Europe,United Kingdom,Sheffield,pooled,DrosEU,40,NA
UK_Sou_14_10,2014,195,UK_Sou,55.972871,-3.351475,Europe,United Kingdom,South Queensferry,pooled,DrosEU,40,NA
VA_ch_12_fall,2012,310,VA_ch,38,-78.47,North_America,USA,Charlottesville,pooled,DrosRTEC,50,NA
VA_ch_12_spring,2012,200,VA_ch,38,-78.47,North_America,USA,Charlottesville,pooled,DrosRTEC,95,NA
VA_ch_14_fall,2014,287,VA_ch,38,-78.47,North_America,USA,Charlotttesville,pooled,DrosRTEC,76,NA
VA_ch_14_spring,2014,176,VA_ch,38,-78.47,North_America,USA,Charlotttesville,pooled,DrosRTEC,104,NA
VA_ch_15_fall,2015,292,VA_ch,38,-78.47,North_America,USA,Charlotttesville,pooled,DrosRTEC,89,NA
VA_ch_15_spring,2015,182,VA_ch,38,-78.47,North_America,USA,Charlotttesville,pooled,DrosRTEC,65,NA
W,1998,NA,W,38.53,-121.97,North_America,United States,Winters CA,inbred_line,dgn,35,NA
WA_se_14_spring,2014,196,WA_se,47.23713,-122.39627,North_America,USA,Tacoma,pooled,DrosRTEC,70,NA
WI_cp_12_fall,2012,255,WI_cp,43.11,-89.65,North_America,USA,Cross Plains,pooled,DrosRTEC,164,NA
WI_cp_12_frost,2012,294,WI_cp,43.11,-89.65,North_America,USA,Cross Plains,pooled,DrosRTEC,100,NA
WI_cp_12_spring,2012,162,WI_cp,43.11,-89.65,North_America,USA,Cross Plains,pooled,DrosRTEC,83,NA
WI_cp_13_fall,2013,265,WI_cp,43.11,-89.65,North_America,USA,Cross Plains,pooled,DrosRTEC,61,NA
WI_cp_13_spring,2013,183,WI_cp,43.11,-89.65,North_America,USA,Cross Plains,pooled,DrosRTEC,130,NA
WI_cp_14_fall,2014,261,WI_cp,43.11,-89.65,North_America,USA,Cross Plains,pooled,DrosRTEC,61,NA
WI_cp_14_spring,2014,176,WI_cp,43.11,-89.65,North_America,USA,Cross Plains,pooled,DrosRTEC,130,NA
ZI,2010,NA,ZI,-16.54,28.72,Africa,Zambia,Siavonga,haploid_embryo,dgn,196,NA
ZW,2001,NA,ZW,-17.94,25.83,Africa,Zimbabwe,Victoria Falls,inbred_line,dgn,9,NA
ES_Tom_4_Oct_2017,2017,277,ES_Tom,39.1567614,-3.0497293,Europe,Spain,Tomelloso,pooled,DrosEU_3,40,DrosEu-1
ES_Cor_28_Jul_2017,2017,209,ES_Cor,37.6617732605881,-2.79623534604702,Europe,Spain,Cortes de Baza,pooled,DrosEU_3,40,DrosEu-2
ES_Gim_24_Jul_2017,2017,205,ES_Gim,41.65,0.38,Europe,Spain,Gimenells,pooled,DrosEU_3,40,DrosEu-3
ES_Ben_5_Oct_2017,2017,278,ES_Ben,37.363279,-3.168799,Europe,Spain,Benalua,pooled,DrosEU_3,40,DrosEu-4
ES_Gim_14_Oct_2017,2017,287,ES_Gim,41.656416,0.388472,Europe,Spain,Gimenells,pooled,DrosEU_3,40,DrosEu-5
ES_Gim_26_Oct_2018,2018,299,ES_Gim,41.65,0.38,Europe,Spain,Gimenells,pooled,DrosEU_3,40,DrosEu-6
ES_Gim_25_Aug_2018,2018,237,ES_Gim,41.656416,0.388472,Europe,Spain,Gimenells,pooled,DrosEU_3,40,DrosEu-7
ES_Vil_7_Oct_2018,2018,280,ES_Vil,39.87,-3.32,Europe,Spain,Villatobas,pooled,DrosEU_3,40,DrosEu-8
ES_Ose_20_Sept_2018,2018,263,ES_Ose,41.53,-5.68,Europe,Spain,Osera de Ebro,pooled,DrosEU_3,40,DrosEu-9
ES_Yep_6_Nov_2018,2018,310,ES_Yep,40.06,-3.53,Europe,Spain,Yepes,pooled,DrosEU_3,32,DrosEu-10
ES_Pin_10_Oct_2018,2018,283,ES_Pin,41.485,0.522,Europe,Spain,Pina de Ebro,pooled,DrosEU_3,18,DrosEu-11
ES_Tom_3_Oct_2018,2018,276,ES_Tom,39.17,-2.97,Europe,Spain,Tomelloso,pooled,DrosEU_3,40,DrosEu-12
ES_Gim_25_Aug_2019,2019,237,ES_Gim,41.656416,0.388472,Europe,Spain,Gimenells,pooled,DrosEU_3,40,DrosEu-13
ES_Man_10_Aug_2020,2020,223,ES_Man,38.9707208053836,-3.4072120460269,Europe,Spain,Manzanares,pooled,DrosEU_3,30,DrosEu-14
ES_Gim_26_OCt_2020,2020,300,ES_Gim,41.656416,0.388472,Europe,Spain,Gimenells,pooled,DrosEU_3,27,DrosEu-15
ES_Tom_30_Sep_2020,2020,274,ES_Tom,39.1567614,-3.0497293,Europe,Spain,Tomelloso,pooled,DrosEU_3,40,DrosEu-16
ES_Tom_7_Oct_2021,2021,280,ES_Tom,39.1689,2.9849,Europe,Spain,Tomelloso,pooled,DrosEU_3,32,DrosEu-17
ES_Gim_31_Aug_2021,2021,243,ES_Gim,41.651944,0.388889,Europe,Spain,Gimenells,pooled,DrosEU_3,23,DrosEu-18
TR_Yes_7_Jun_2017,2017,158,TR_Yes,40.231444,32.260328,Europe,Turkey,Yesiloz,pooled,DrosEU_3,40,DrosEu-19
TR_Yes_30_Jun_2017,2017,181,TR_Yes,40.231445,32.260329,Europe,Turkey,Yesiloz,pooled,DrosEU_3,40,DrosEu-20
TR_Yes_29_Jul_2017,2017,210,TR_Yes,40.231446,32.26033,Europe,Turkey,Yesiloz,pooled,DrosEU_3,37,DrosEu-21
TR_Yes_30_Aug_2017,2017,242,TR_Yes,40.231447,32.260331,Europe,Turkey,Yesiloz,pooled,DrosEU_3,30,DrosEu-22
TR_Yes_26_Sep_2017,2017,269,TR_Yes,40.231448,32.260332,Europe,Turkey,Yesiloz,pooled,DrosEU_3,30,DrosEu-23
TR_Yes_13_Oct_2017,2017,286,TR_Yes,40.231449,32.260333,Europe,Turkey,Yesiloz,pooled,DrosEU_3,40,DrosEu-24
TR_Yes_19_May_2018,2018,139,TR_Yes,40.231444,32.260328,Europe,Turkey,Yesiloz,pooled,DrosEU_3,40,DrosEu-25
TR_Yes_25_Jun_2018,2018,176,TR_Yes,40.231444,32.260328,Europe,Turkey,Yesiloz,pooled,DrosEU_3,40,DrosEu-26
TR_Yes_28_Jul_2018,2018,209,TR_Yes,40.231444,32.260328,Europe,Turkey,Yesiloz,pooled,DrosEU_3,40,DrosEu-27
TR_Yes_27_Aug_2018,2018,239,TR_Yes,40.231444,32.260328,Europe,Turkey,Yesiloz,pooled,DrosEU_3,40,DrosEu-28
TR_Yes_27_Sep_2018,2018,270,TR_Yes,40.231444,32.260328,Europe,Turkey,Yesiloz,pooled,DrosEU_3,40,DrosEu-29
TR_Yes_12_Oct_2018,2018,285,TR_Yes,40.231444,32.260328,Europe,Turkey,Yesiloz,pooled,DrosEU_3,40,DrosEu-30
TR_Yes_26_Jun_2019,2019,177,TR_Yes,40.231444,32.260328,Europe,Turkey,Yesiloz,pooled,DrosEU_3,40,DrosEu-31
TR_Yes_26_Jul_2019,2019,207,TR_Yes,40.231444,32.260328,Europe,Turkey,Yesiloz,pooled,DrosEU_3,40,DrosEu-32
TR_Yes_14_Aug_2019,2019,226,TR_Yes,40.231444,32.260328,Europe,Turkey,Yesiloz,pooled,DrosEU_3,40,DrosEu-33
TR_Yes_17_Sep_2019,2019,260,TR_Yes,40.231444,32.260328,Europe,Turkey,Yesiloz,pooled,DrosEU_3,30,DrosEu-34
TR_Yes_10_Oct_2019,2019,283,TR_Yes,40.231444,32.260328,Europe,Turkey,Yesiloz,pooled,DrosEU_3,40,DrosEu-35
TR_Yes_21_May_2020,2020,142,TR_Yes,40.231444,32.260328,Europe,Turkey,Yesiloz,pooled,DrosEU_3,40,DrosEu-36
TR_Yes_26_Jun_2020,2020,178,TR_Yes,40.231444,32.260328,Europe,Turkey,Yesiloz,pooled,DrosEU_3,40,DrosEu-37
TR_Yes_13_Jul_2020,2020,195,TR_Yes,40.231444,32.260328,Europe,Turkey,Yesiloz,pooled,DrosEU_3,40,DrosEu-38
TR_Yes_18_Aug_2020,2020,231,TR_Yes,40.231444,32.260328,Europe,Turkey,Yesiloz,pooled,DrosEU_3,40,DrosEu-39
TR_Yes_16_Sep_2020,2020,260,TR_Yes,40.231444,32.260328,Europe,Turkey,Yesiloz,pooled,DrosEU_3,40,DrosEu-40
TR_Yes_14_Oct_2020,2020,288,TR_Yes,40.231444,32.260328,Europe,Turkey,Yesiloz,pooled,DrosEU_3,40,DrosEu-41
TR_Yes_19_May_2021,2021,139,TR_Yes,40.231444,32.260328,Europe,Turkey,Yesiloz,pooled,DrosEU_3,40,DrosEu-42
TR_Yes_25_Jun_2021,2021,176,TR_Yes,40.231445,32.260329,Europe,Turkey,Yesiloz,pooled,DrosEU_3,40,DrosEu-43
TR_Yes_27_Jul_2021,2021,208,TR_Yes,40.231446,32.26033,Europe,Turkey,Yesiloz,pooled,DrosEU_3,40,DrosEu-44
TR_Yes_19_Aug_2021,2021,231,TR_Yes,40.231447,32.260331,Europe,Turkey,Yesiloz,pooled,DrosEU_3,40,DrosEu-45
TR_Yes_20_Sep_2021,2021,263,TR_Yes,40.231448,32.260332,Europe,Turkey,Yesiloz,pooled,DrosEU_3,40,DrosEu-46
TR_Yes_16_Oct_2021,2021,289,TR_Yes,40.231449,32.260333,Europe,Turkey,Yesiloz,pooled,DrosEU_3,40,DrosEu-47
DE_Wue_18_Oct_2021,2021,291,DE_Wue,49.780082,9.974293,Europe,Germany,Wuerzburg,pooled,DrosEU_3,40,DrosEu-48
DE_Wue_30_Jul_2021,2021,211,DE_Wue,49.778659,9.975929,Europe,Germany,Wuerzburg,pooled,DrosEU_3,40,DrosEu-49
GB_Mut_5_Aug_2021,2021,217,GB_Mut,56.3204,3.781,Europe,UK,Muthill,pooled,DrosEU_3,40,DrosEu-50
GB_Sus_1_Sep_2021,2021,244,GB_Sus,51.099767,0.164407,Europe,UK,Sussex,pooled,DrosEU_3,40,DrosEu-51
GB_Edi_29_Aug_2021,2021,241,GB_Edi,55.9323,3.1951,Europe,UK,Edinburgh,pooled,DrosEU_3,40,DrosEu-52
GB_Edi_4_Oct_2021,2021,277,GB_Edi,55.9324,3.1952,Europe,UK,Edinburgh,pooled,DrosEU_3,40,DrosEu-53
FR_Civ_15_Jun_2019,2019,166,FR_Civ,45.921,4.882,Europe,France,Civrieux,pooled,DrosEU_3,40,DrosEu-54
FR_Civ_16_Jun_2018,2018,167,FR_Civ,45,4,Europe,France,Civrieux,pooled,DrosEU_3,40,DrosEu-55
FR_Civ_15_Sep_2018,2018,258,FR_Civ,45,4,Europe,France,Civrieux,pooled,DrosEU_3,40,DrosEu-56
FR_Ver_21_Sep_2017,2017,264,FR_Ver,45.9,4.91,Europe,France,Verot,pooled,DrosEU_3,40,DrosEu-57
RS_Zaj_13_Sept_2020,2020,257,RS_Zaj,44.4455,19.2512,Europe,Serbia,Zajaƒça,pooled,DrosEU_3,40,DrosEu-58
RS_Sla_6_Jun_2021,2021,157,RS_Sla,44.104161,19.981698,Europe,Serbia,Slankamen,pooled,DrosEU_3,40,DrosEu-59
RS_Sla_14_Sep_2021,2021,257,RS_Sla,44.15,20.18,Europe,Serbia,Slankamen,pooled,DrosEU_3,38,DrosEu-60
RS_Sta_2_Jul_2020,2020,184,RS_Sta,44.9863,20.1667,Europe,Serbia,Stara Pazova,pooled,DrosEU_3,40,DrosEu-61
RS_Sta_22_Jun_2021,2021,173,RS_Sta,44.9863,20.1667,Europe,Serbia,Stara Pazova,pooled,DrosEU_3,40,DrosEu-62
RS_Sta_14_Sep_2020,2020,258,RS_Sta,44.9863,20.1667,Europe,Serbia,Stara Pazova,pooled,DrosEU_3,40,DrosEu-63
GB_Sus_9_Jul_2021,2021,190,GB_Sus,51.099768,0.164408,Europe,UK,Sussex,pooled,DrosEU_3,36,DrosEu-236
PT_Rec_18_Oct_2018,2018,291,PT_Rec,41.15,8.41,Europe,Portugal,Recarei,pooled,DrosEU_3,40,DrosEu-233
MA_Nad_21_Jul_2016,2016,203,MA_Nad,35.032167,2.394361,Africa,Morocco,Nador province,pooled,DrosEU_3,23,DrosEu-196
MA_Nad_04_Oct_2016,2016,278,MA_Nad,35.032167,2.394361,Africa,Morocco,Nador province,pooled,DrosEU_3,25,DrosEu-197
RS_Sla_28_Jun_2017,2017,179,RS_Sla,45.13,20.25,Europe,Serbia,Slankamen,pooled,DrosEU_3,40,DrosEu-198
RS_Sla_28_Sep_2017,2017,271,RS_Sla,45.13,20.25,Europe,Serbia,Slankamen,pooled,DrosEU_3,40,DrosEu-199
ME_Kam_20_Sep_2017,2017,263,ME_Kam,42.282,18.322,Europe,Montenegro,Kameno,pooled,DrosEU_3,40,DrosEu-200
RU_Val_25_Aug_2017,2017,237,RU_Val,58.02444,33.235277,Europe,Russia,Valday,pooled,DrosEU_3,40,DrosEu-201
RU_Val_1_Oct_2017,2017,274,RU_Val,58.02444,33.235277,Europe,Russia,Valday,pooled,DrosEU_3,40,DrosEu-202
RU_Ale_15_Aug_2017,2017,227,RU_Ale,56.41472,38.71611,Europe,Russia,Alexandrov,pooled,DrosEU_3,40,DrosEu-156
MA_Ber_10_Jul_2017,2017,191,MA_Ber,34.9562894400356,-2.26568341255188,Africa,Morocco,Berkane,pooled,DrosEU_3,17,DrosEu-204
MA_Ber_15_Sep_2017,2017,258,MA_Ber,34.9562894400356,-2.26568341255188,Africa,Morocco,Berkane,pooled,DrosEU_3,22,DrosEu-205
GB_Mar_10_Oct_2017,2017,283,GB_Mar,52.46086111,0.95902778,Europe,UK,Market Harborough,pooled,DrosEU_3,34,DrosEu-206
GB_Mar_10_Oct_2017,2017,283,GB_Mar,52.46086111,0.95902778,Europe,UK,Market Harborough,pooled,DrosEU_3,34,DrosEu-207
FR_Vil_24_Aug_2017,2017,236,FR_Vil,48.75,2.158,Europe,France,Viltain,pooled,DrosEU_3,40,DrosEu-208
FR_Vil_17_Oct_2017,2017,290,FR_Vil,48.75,2.158,Europe,France,Viltain,pooled,DrosEU_3,40,DrosEu-209
FR_Sai_22_Jul_2017,2017,203,FR_Sai,48.13,-1.58,Europe,France,Saint Sulpice la Foret,pooled,DrosEU_3,40,DrosEu-210
FR_Sai_16_Sep_2017,2017,259,FR_Sai,48.13,-1.58,Europe,France,Saint Sulpice la Foret,pooled,DrosEU_3,40,DrosEu-211
NL_Gro_10_Oct_2017,2017,283,NL_Gro,53.1512,6.3034,Europe,Netherlands,Groningen,pooled,DrosEU_3,40,DrosEu-212
GB_Mar_10_10_2017,2017,283,GB_Mar,52.46086111,0.95902778,Europe,UK,Market Harborough,pooled,DrosEU_3,40,DrosEu-213
GR_Ira_6_Nov_2017,2017,310,GR_Ira,35.223236,25.108428,Europe,Greece,Irakilo,pooled,DrosEU_3,40,DrosEu-214
GR_Ira_11_Nov_2017,2017,315,GR_Ira,35.223236,25.108428,Europe,Greece,Irakilo,pooled,DrosEU_3,40,DrosEu-215
AU_ta_4_Dec_2017,2017,338,AU_ta,-36.835805,145.095787,Australia,Australia,Tahbilk,pooled,DrosEU_3,40,DrosEu-216
FI_Aka_20_Jul_2017,2017,201,FI_Aka,61.1,23.5,Europe,Finland,Akaa,pooled,DrosEU_3,38,DrosEu-217
FI_Aka_24_Sep_2017,2017,267,FI_Aka,61.1,23.5,Europe,Finland,Akaa,pooled,DrosEU_3,40,DrosEu-218
UA_Vys_19_Oct_2017,2017,292,UA_Vys,50.383359,30.367921,Europe,Ukraine,Vyshneve,pooled,DrosEU_3,40,DrosEu-219
UA_Uma_7_Oct_2017,2017,280,UA_Uma,48.76224,30.244566,Europe,Ukraine,Uman,pooled,DrosEU_3,40,DrosEu-220
UA_Uma_16_Sep_2017,2017,259,UA_Uma,48.76224,30.244566,Europe,Ukraine,Uman,pooled,DrosEU_3,40,DrosEu-221
UA_Vys_26_Sep_2017,2017,269,UA_Vys,50.383359,30.367921,Europe,Ukraine,Vyshneve,pooled,DrosEU_3,40,DrosEu-222
UA_Ode_23_Sep_2017,2017,266,UA_Ode,46.441227,30.771592,Europe,Ukraine,Odesa,pooled,DrosEU_3,40,DrosEu-223
UA_Pyr_22_Aug_2017,2017,234,UA_Pyr,50.3265,32.493228,Europe,Ukraine,Pyriatyn,pooled,DrosEU_3,40,DrosEu-224
UA_Pyr_3_Sep_2017,2017,246,UA_Pyr,50.3265,32.493228,Europe,Ukraine,Pyriatyn,pooled,DrosEU_3,32,DrosEu-225
UA_Vys_11_Aug_2017,2017,223,UA_Vys,50.383359,30.367921,Europe,Ukraine,Vyshneve,pooled,DrosEU_3,40,DrosEu-226
UA_Vys_3_Sep_2017,2017,246,UA_Vys,50.383359,30.367921,Europe,Ukraine,Vyshneve,pooled,DrosEU_3,40,DrosEu-227
PL_Brz_20_Aug_2017,2017,232,PL_Brz,54.2735,19.620167,Europe,Poland,Brzezina,pooled,DrosEU_3,40,DrosEu-228
UA_Ode_12_Aug_2017,2017,224,UA_Ode,46.441227,30.771592,Europe,Ukraine,Odesa,pooled,DrosEU_3,23,DrosEu-229
UA_Var_3_Sep_2018,2018,246,UA_Var,50.48469444,32.71425,Europe,Ukraine,Varva,pooled,DrosEU_3,40,DrosEu-230
DE_Mun_20_Jun_2017,2017,171,DE_Mun,48.18,11.61,Europe,Germany,Munich,pooled,DrosEU_3,40,DrosEu-231
DE_Mun_3_Sep_2017,2017,246,DE_Mun,48.18,11.61,Europe,Germany,Munich,pooled,DrosEU_3,40,DrosEu-232
DE_Bro_27_Jun _2017,2017,178,DE_Bro,48.217898,7.819194,Europe,Germany,Broggingen,pooled,DrosEU_3,40,DrosEu-191
CH_Vul_18_Sep_2018,2018,261,CH_Vul,46.93947,7.05332,Europe,Switzerland,Vully,pooled,DrosEU_3,40,DrosEu-113
UA_Ode_15_Aug_2018,2018,227,UA_Ode,46.441227,30.771592,Europe,Ukraine,Odesa,pooled,DrosEU_3,40,DrosEu-147
UA_Ode_15_Sep_2018,2018,258,UA_Ode,46.441227,30.771592,Europe,Ukraine,Odesa,pooled,DrosEU_3,40,DrosEu-148
UA_Ode_30_Jun_2018,2018,181,UA_Ode,46.441227,30.771592,Europe,Ukraine,Odesa,pooled,DrosEU_3,40,DrosEu-149
UA_Vys_29_Aug_2018,2018,241,UA_Vys,50.383359,30.367921,Europe,Ukraine,Vyshneve,pooled,DrosEU_3,40,DrosEu-150
UA_Vys_25_Jul_2018,2018,206,UA_Vys,50.383359,30.367921,Europe,Ukraine,Vyshneve,pooled,DrosEU_3,40,DrosEu-151
UA_Vys_27_Sep_2018,2018,270,UA_Vys,50.383359,30.367921,Europe,Ukraine,Vyshneve,pooled,DrosEU_3,40,DrosEu-152
UA_Uma_22_Sep_2018,2018,265,UA_Uma,48.76224,30.244566,Europe,Ukraine,Uman,pooled,DrosEU_3,40,DrosEu-153
UA_Kha_24_Sept_2018,2018,267,UA_Kha,49.990083,36.230678,Europe,Ukraine,Kharkiv,pooled,DrosEU_3,40,DrosEu-154
HU_Pil_30_Oct_2018,2018,303,HU_Pil,47.617361,18.892002,Europe,Hungary,Pilisvorosvar,pooled,DrosEU_3,40,DrosEu-134
HU_Pil_4_Jul_2018,2018,185,HU_Pil,47.617361,18.892002,Europe,Hungary,Pilisvorosvar,pooled,DrosEU_3,40,DrosEu-135
RU_Val_28_Aug_2018,2018,240,RU_Val,58.02444,33.235277,Europe,Russia,Valday,pooled,DrosEU_3,40,DrosEu-155
RU_Ale_12_Oct_2018,2018,285,RU_Ale,56.41472,38.71611,Europe,Russia,Alexandrov,pooled,DrosEU_3,40,DrosEu-157
RU_Ale_8_Sep_2018,2018,251,RU_Ale,56.41472,38.71611,Europe,Russia,Alexandrov,pooled,DrosEU_3,40,DrosEu-203
DE_Mun_25_Jun_2018,2018,176,DE_Mun,48.18,11.61,Europe,Germany,Munich,pooled,DrosEU_3,40,DrosEu-144
DE_Mun_9_Sep_2018,2018,252,DE_Mun,48.18,11.61,Europe,Germany,Munich,pooled,DrosEU_3,40,DrosEu-145
GR_Cre_11_Oct_2018,2018,284,GR_Cre,35.223236,25.108428,Europe,Greece,Crete,pooled,DrosEU_3,40,DrosEu-146
MA_Ber_16_Jul_2018,2018,197,MA_Ber,35.0299090769197,-2.4021291626587,Africa,Morocco,Berkane region,pooled,DrosEU_3,18,DrosEu-173
DE_Bro_26_Jun _2018,2018,177,DE_Bro,48.217898,7.819194,Europe,Germany,Broggingen,pooled,DrosEU_3,40,DrosEu-192
FR_Sai_15_Sep_2018,2018,258,FR_Sai,48.13,1.34,Europe,France,Saint sulpice la for√™t (35250) France,pooled,DrosEU_3,30,DrosEu-158
FI_Aka_17_Jul_2018,2018,198,FI_Aka,61.1,23.5,Europe,Finland,Akaa,pooled,DrosEU_3,40,DrosEu-163
FI_Aka_20_Sep_2018,2018,263,FI_Aka,61.1,23.5,Europe,Finland,Akaa,pooled,DrosEU_3,40,DrosEu-164
DK_Kar_1_Jul_2018,2018,182,DK_Kar,55.945128,10.212586,Europe,Denmark,Karensminde Orchard,pooled,DrosEU_3,39,DrosEu-174
DK_Kar_5_Oct_2018,2018,278,DK_Kar,55.945128,10.212586,Europe,Denmark,Karensminde Orchard,pooled,DrosEU_3,40,DrosEu-175
CH_Vul_17_Jul_2019,2019,198,CH_Vul,46.93947,7.05332,Europe,Switzerland,Vully,pooled,DrosEU_3,40,DrosEu-109
CH_Vul_24_Sep_2019,2019,267,CH_Vul,46.93947,7.05332,Europe,Switzerland,Vully,pooled,DrosEU_3,40,DrosEu-110
UA_Ode_15_Jun_2019,2019,166,UA_Ode,46.441227,30.771592,Europe,Ukraine,Odesa,pooled,DrosEU_3,40,DrosEu-138
PL_Lub_10_Sep_2019,2019,253,PL_Lub,51.2315,22.524833,Europe,Poland,Lublin,pooled,DrosEU_3,40,DrosEu-139
UA_Uma_20_Oct_2019,2019,293,UA_Uma,48.769055,30.173227,Europe,Ukraine,Uman (K),pooled,DrosEU_3,40,DrosEu-140
UA_Lut_28_Aug_2019,2019,240,UA_Lut,50.747778,25.324444,Europe,Ukraine,Lutsk,pooled,DrosEU_3,40,DrosEu-141
UA_Zap_17_June_2019,2019,168,UA_Zap,47.803529,35.202091,Europe,Ukraine,Zaporizhzhia,pooled,DrosEU_3,36,DrosEu-142
UA_Uma_14_Oct_2019,2019,287,UA_Uma,48.76224,30.244566,Europe,Ukraine,Uman,pooled,DrosEU_3,40,DrosEu-143
HU_Pil_21_Oct_2019,2019,294,HU_Pil,47.617361,18.892002,Europe,Hungary,Pilisvorosvar,pooled,DrosEU_3,40,DrosEu-136
DK_Kar_1_Oct_2019,2019,274,DK_Kar,55.945128,10.212586,Europe,Denmark,Karensminde Orchard,pooled,DrosEU_3,40,DrosEu-237
DK_Kar_9_Jul_2019,2019,190,DK_Kar,55.945128,10.212586,Europe,Denmark,Karensminde Orchard,pooled,DrosEU_3,40,DrosEu-168
GB_Ken_16_Sept_2019,2019,259,GB_Ken,51.351161,0.184561,Europe,UK,Kent,pooled,DrosEU_3,40,DrosEu-169
MA_Ber_11_Sep_2019,2019,254,MA_Ber,35.0299090769197,-2.4021291626587,Africa,Morocco,Berkane region,pooled,DrosEU_3,33,DrosEu-170
DE_Wal_2_Oct_2019,2019,275,DE_Wal,47.622135,8.217058,Europe,Germany,Waldshut,pooled,DrosEU_3,40,DrosEu-171
DE_Bro_3_Jul_2019,2019,184,DE_Bro,48.217898,7.819194,Europe,Germany,Broggingen,pooled,DrosEU_3,39,DrosEu-193
GB_Dai_26_Jul_2019,2019,207,GB_Dai,56.34716,-2.95054,Europe,UK,Dairsie,pooled,DrosEU_3,40,DrosEu-185
FI_Aka_25_Aug_2019,2019,237,FI_Aka,61.1,23.5,Europe,Finland,Akaa,pooled,DrosEU_3,40,DrosEu-165
FI_Aka_18_Jul_2019,2019,199,FI_Aka,61.1,23.5,Europe,Finland,Akaa,pooled,DrosEU_3,40,DrosEu-166
FI_Jyv_19_Sep_2019,2019,262,FI_Jyv,62,25,Europe,Finland,Jyvaskyla,pooled,DrosEU_3,20,DrosEu-167
GR_Cre_15_Oct_2019,2019,288,GR_Cre,35.3065438893384,25.0800775364041,Europe,Greece,Crete/Iraklio,pooled,DrosEU_3,30,DrosEu-172
UA_Cho_6_Sep_2019,2019,249,UA_Cho,51.375003,30.139258,Europe,Ukraine,Chornobyl NPP,pooled,DrosEU_3,35,DrosEu-176
UA_Ode_6_Sep_2019,2019,249,UA_Ode,46.441227,30.771592,Europe,Ukraine,Odesa,pooled,DrosEU_3,35,DrosEu-177
UA_Var_14_Sep_2019,2019,257,UA_Var,50.492583,32.714147,Europe,Ukraine,Varva,pooled,DrosEU_3,38,DrosEu-178
UA_Vys_12_Aug_2019,2019,224,UA_Vys,50.383359,30.367921,Europe,Ukraine,Vyshneve,pooled,DrosEU_3,40,DrosEu-179
UA_Vys_2_Sept_2019,2019,245,UA_Vys,50.383359,30.367921,Europe,Ukraine,Vyshneve,pooled,DrosEU_3,40,DrosEu-180
UA_Kop_6_Sep_2019,2019,249,UA_Kop,51.351861,30.126111,Europe,Ukraine,Kopachi,pooled,DrosEU_3,38,DrosEu-181
UA_Pyr_25_Aug_2019,2019,237,UA_Pyr,50.3265,32.493228,Europe,Ukraine,Pyriatyn,pooled,DrosEU_3,40,DrosEu-182
UA_Pyr_6_Sep_2019,2019,249,UA_Pyr,50.3265,32.493228,Europe,Ukraine,Pyriatyn,pooled,DrosEU_3,38,DrosEu-183
UA_Uma_13_Aug_2019,2019,225,UA_Uma,48.769055,30.173227,Europe,Ukraine,Uman (K),pooled,DrosEU_3,36,DrosEu-184
RS_Sla_14_Jun_2019,2019,165,RS_Sla,45.09,20.18,Europe,Serbia,Slankamen,pooled,DrosEU_3,39,DrosEu-159
ME_Her_19_Sep_2019,2019,262,ME_Her,42.279,18.334,Europe,Montenegro,Herceg Novi (Podi),pooled,DrosEU_3,40,DrosEu-160
RS_Sta_21_Jul_2019,2019,202,RS_Sta,44.9863,20.1664,Europe,Serbia,Stara Pazova,pooled,DrosEU_3,40,DrosEu-161
RS_Sta_19_Sep_2019,2019,262,RS_Sta,44.59,20.9,Europe,Serbia,Stara Pazova,pooled,DrosEU_3,40,DrosEu-162
DK_Kar_8_Aug_2017,2017,220,DK_Kar,55.945128,10.212586,Europe,Denmark,Karensminde Orchard,pooled,DrosEU_3,40,DrosEu-234
DK_Kar_6_Nov_2017,2017,310,DK_Kar,55.945128,10.212586,Europe,Denmark,Karensminde Orchard,pooled,DrosEU_3,40,DrosEu-235
GR_Her_13_July_2020,2020,195,GR_Her,35.32188344,25.11104465,Europe,Greece,Heraklion,pooled,DrosEU_3,20,DrosEu-118
UA_Vys_15_Oct_2020,2020,289,UA_Vys,50.383359,30.367921,Europe,Ukraine,Vyshneve,pooled,DrosEU_3,30,DrosEu-122
UA_Var_11_Oct_2020,2020,285,UA_Var,50.492583,32.714147,Europe,Ukraine,Varva,pooled,DrosEU_3,40,DrosEu-123
UA_Ode_31_Oct_2020,2020,305,UA_Ode,46.441227,30.771592,Europe,Ukraine,Odesa,pooled,DrosEU_3,40,DrosEu-124
GB_Dru_7_Sep_2020,2020,251,GB_Dru,56.32034,-3.78092,Europe,UK,Drumness,pooled,DrosEU_3,40,DrosEu-116
GB_Dai_NA_NA_2020,2020,NA,GB_Dai,56.34716,-2.95054,Europe,UK,Dairsie,pooled,DrosEU_3,40,DrosEu-186
DE_Wal_2_Oct_2020,2020,276,DE_Wal,47.622135,8.217058,Europe,Germany,Waldshut,pooled,DrosEU_3,20,DrosEu-117
FR_Sai_12_Nov_2020,2020,317,FR_Sai,43.709061,3.848005,Europe,France,Saint-Cl√©ment-de-Rivi√®re,pooled,DrosEU_3,40,DrosEu-187
CH_Vul_29_Jul_2020,2020,211,CH_Vul,46.93947,7.05332,Europe,Switzerland,Vully,pooled,DrosEU_3,40,DrosEu-111
CH_Vul_15_Sep_2020,2020,259,CH_Vul,46.93947,7.05332,Europe,Switzerland,Vully,pooled,DrosEU_3,40,DrosEu-112
DE_Wue_18_Jul_2020,2020,200,DE_Wue,49.780082,9.974293,Europe,Germany,Wuerzburg,pooled,DrosEU_3,40,DrosEu-105
DE_Wue_23_Sep_2020,2020,267,DE_Wue,49.778659,9.975929,Europe,Germany,Wuerzburg,pooled,DrosEU_3,40,DrosEu-106
FI_Aka_1_Jul_2020,2020,183,FI_Aka,61.1,23.5,Europe,Finland,Akaa,pooled,DrosEU_3,40,DrosEu-119
FI_Aka_27_Sep_2020,2020,271,FI_Aka,61.1,23.5,Europe,Finland,Akaa,pooled,DrosEU_3,40,DrosEu-120
FI_Aka_4_Oct_2020,2020,278,FI_Aka,61.1,23.5,Europe,Finland,Akaa,pooled,DrosEU_3,26,DrosEu-121
UA_Ode_28_Aug_2020,2020,241,UA_Ode,46.441227,30.771592,Europe,Ukraine,Odesa,pooled,DrosEU_3,40,DrosEu-125
UA_Vys_18_Aug_2020,2020,231,UA_Vys,50.383359,30.367921,Europe,Ukraine,Vyshneve,pooled,DrosEU_3,40,DrosEu-126
UA_Lut_13_Aug_2020,2020,226,UA_Lut,50.747778,25.324444,Europe,Ukraine,Lutsk,pooled,DrosEU_3,40,DrosEu-127
UA_Uma_19_Aug_2020,2020,232,UA_Uma,48.76224,30.244566,Europe,Ukraine,Uman,pooled,DrosEU_3,40,DrosEu-128
UA_Vys_21_Sep_2020,2020,265,UA_Vys,50.383359,30.367921,Europe,Ukraine,Vyshneve,pooled,DrosEU_3,40,DrosEu-129
UA_Uma_27_Sep_2020,2020,271,UA_Uma,48.76224,30.244566,Europe,Ukraine,Uman,pooled,DrosEU_3,40,DrosEu-130
UA_Ode_28_Sep_2020,2020,272,UA_Ode,46.441227,30.771592,Europe,Ukraine,Odesa,pooled,DrosEU_3,40,DrosEu-131
UA_Ode_26_Sep_2020,2020,270,UA_Ode,46.391972,30.68125,Europe,Ukraine,Odesa (school),pooled,DrosEU_3,40,DrosEu-132
UA_Kyi_29_Sep_2020,2020,273,UA_Kyi,50.37875,30.475091,Europe,Ukraine,Kyiv (school),pooled,DrosEU_3,40,DrosEu-133
NL_Gro_1_Aug_2020,2020,214,NL_Gro,53.15917,6.30667,Europe,Netherlands,Groningen,pooled,DrosEU_3,30,DrosEu-107
NL_Gro_15_Oct_2020,2020,289,NL_Gro,53.15917,6.30667,Europe,Netherlands,Groningen,pooled,DrosEU_3,27,DrosEu-108
DK_Kar_31_Jul_2020,2020,213,DK_Kar,55.945128,10.212586,Europe,Denmark,Karensminde Orchard,pooled,DrosEU_3,35,DrosEu-114
DK_Kar_31_Oct_2020,2020,305,DK_Kar,55.945128,10.212586,Europe,Denmark,Karensminde Orchard,pooled,DrosEU_3,40,DrosEu-115
HU_Pil_17_Aug_2020,2020,230,HU_Pil,47.617361,18.892002,Europe,Hungary,Pilisvorosvar,pooled,DrosEU_3,40,DrosEu-137
DE_Bro_16_Jul_2020,2020,198,DE_Bro,48.217898,7.819194,Europe,Germany,Broggingen,pooled,DrosEU_3,40,DrosEu-194
DE_Bro_24_Oct_2020,2020,298,DE_Bro,48.217898,7.819194,Europe,Germany,Broggingen,pooled,DrosEU_3,40,DrosEu-195
DE_Bro_22_Jul_2021,2021,203,DE_Bro,48.217898,7.819194,Europe,Germany,Broggingen,pooled,DrosEU_3,40,DrosEu-189
DE_Bro_20_Oct_2021,2021,293,DE_Bro,48.217898,7.819194,Europe,Germany,Broggingen,pooled,DrosEU_3,40,DrosEu-190
DE_Wal_NA_NA_2021,2021,NA,DE_Wal,47.622135,8.217058,Europe,Germany,Waldshut,pooled,DrosEU_3,NA,NA
UA_Var_26_Sep_2021,2021,269,UA_Var,50.492583,32.714147,Europe,Ukraine,Varva,pooled,DrosEU_3,40,DrosEu-64
UA_Uma_19_Sep_2021,2021,262,UA_Uma,48.769055,30.173227,Europe,Ukraine,Uman (K),pooled,DrosEU_3,40,DrosEu-65
DE_Mun_22_Jun_2019,2019,173,DE_Mun,48.18,11.61,Europe,Germany,Munich,pooled,DrosEU_3,40,DrosEu-91
DE_Mun_25_Jun_2020,2020,177,DE_Mun,48.18,11.61,Europe,Germany,Munich,pooled,DrosEU_3,40,DrosEu-92
DE_Mun_25_Jun_2021,2021,176,DE_Mun,48.18,11.61,Europe,Germany,Munich,pooled,DrosEU_3,40,DrosEu-93
DE_Mun_2_Sep_2019,2019,245,DE_Mun,48.18,11.61,Europe,Germany,Munich,pooled,DrosEU_3,40,DrosEu-94
DE_Mun_5_Sep_2020,2020,249,DE_Mun,48.18,11.61,Europe,Germany,Munich,pooled,DrosEU_3,40,DrosEu-95
DE_Mun_4_Sep_2021,2021,247,DE_Mun,48.18,11.61,Europe,Germany,Munich,pooled,DrosEU_3,40,DrosEu-96
NL_Gro_9_Oct_2019,2019,282,NL_Gro,53.1512,6.3034,Europe,Netherlands,Groningen,pooled,DrosEU_3,30,DrosEu-90
UA_Kha_18_Aug_2021,2021,230,UA_Kha,49.990083,36.230678,Europe,Ukraine,Kharkiv,pooled,DrosEU_3,40,DrosEu-66
UA_Mar_23_Aug_2021,2021,235,UA_Mar,47.10500532,37.66617511,Europe,Ukraine,Mariupol-2,pooled,DrosEU_3,40,DrosEu-67
UA_Mar_23_Aug_2021,2021,235,UA_Mar,47.124453,37.690053,Europe,Ukraine,Mariupol-1,pooled,DrosEU_3,40,DrosEu-68
UA_Kho_9_Aug_2021,2021,221,UA_Kho,50.58886,30.57138,Europe,Ukraine,Khotianivka,pooled,DrosEU_3,40,DrosEu-69
UA_Hle_29_Aug_2021,2021,241,UA_Hle,50.284972,30.331972,Europe,Ukraine,Hlevakha,pooled,DrosEU_3,40,DrosEu-70
UA_Dmy_17_Jul_2021,2021,198,UA_Dmy,48.788833,30.279833,Europe,Ukraine,Dmytrushky,pooled,DrosEU_3,40,DrosEu-72
UA_Vys_2_Aug_2021,2021,214,UA_Vys,50.383359,30.367921,Europe,Ukraine,Vyshneve,pooled,DrosEU_3,40,DrosEu-80
UA_Vys_19_Sep_2021,2021,262,UA_Vys,50.383359,30.367921,Europe,Ukraine,Vyshneve,pooled,DrosEU_3,40,DrosEu-104
UA_Ryb_22_Jul_2021,2021,203,UA_Ryb,46.616779,31.355456,Europe,Ukraine,Rybakivka,pooled,DrosEU_3,40,DrosEu-81
UA_Pyr_28_Jul_2021,2021,209,UA_Pyr,50.3265,32.493228,Europe,Ukraine,Pyriatyn,pooled,DrosEU_3,40,DrosEu-82
FR_Sai_10_Jun_2021,2021,161,FR_Sai,43.709061,3.848005,Europe,France,Saint-Cl√©ment-de-Rivi√®re,pooled,DrosEU_3,40,DrosEu-188
UA_Roz_12_Aug_2021,2021,224,UA_Roz,48.690794,37.005189,Europe,Ukraine,Rozdollia,pooled,DrosEU_3,40,DrosEu-85
UA_Ode_11_Nov_2021,2021,315,UA_Ode,46.391972,30.68125,Europe,Ukraine,Odesa (school),pooled,DrosEU_3,40,DrosEu-86
AU_me_19_Apr_2021,2021,109,AU_me,-37.456222,144.940778,Australia,Australia,Melbourne,pooled,DrosEU_3,40,DrosEu-71
MA_Lar_7_Jun_2021,2021,158,MA_Lar,35.146733889239,6.14977144602926,Africa,Morocco,Larache,pooled,DrosEU_3,40,DrosEu-87
MA_Lar_6_Sep_2021,2021,249,MA_Lar,35.146733889239,6.14977144602926,Africa,Morocco,Larache,pooled,DrosEU_3,40,DrosEu-88
MA_Ber_21_Sep_2020,2020,265,MA_Ber,35.0299088,-2.400933,Africa,Morocco,Berkane region,pooled,DrosEU_3,40,DrosEu-89
FI_Aka_16_Sep_2021,2021,259,FI_Aka,61.1,23.52,Europe,Finland,Akaa,pooled,DrosEU_3,40,DrosEu-83
FI_Aka_6_Jul_2021,2021,187,FI_Aka,61.1,23.52,Europe,Finland,Akaa,pooled,DrosEU_3,40,DrosEu-84
DE_Ber_24_Jul_2021,2021,205,DE_Ber,52.69907,13.07596,Europe,Germany,Berlin (Oberkramer - SL Gartenbau),pooled,DrosEU_3,40,DrosEu-78
DE_Ber_24_Jul_2021,2021,205,DE_Ber,52.38012,12.86791,Europe,Germany,Berlin (Werder - Obsthof Lindecke),pooled,DrosEU_3,40,DrosEu-97
GR_Cre_20_Oct_2021,2021,293,GR_Cre,35.32188344,25.11104465,Europe,Greece,Crete,pooled,DrosEU_3,40,DrosEu-79
IT_San_28_Jun_2021,2021,179,IT_San,46.187389,11.13636,Europe,Italy,San Michele,pooled,DrosEU_3,36,DrosEu-74
IT_San_1_Oct_2021,2021,274,IT_San,46.18739,11.13637,Europe,Italy,San Michele,pooled,DrosEU_3,36,DrosEu-73
IT_San_1_Oct_2019,2019,274,IT_San,46.191059,11.135751,Europe,Italy,San Michele all'Adige,pooled,DrosEU_3,40,DrosEu-75
IT_San_18_Oct_2018,2018,291,IT_San,46.19,11.13,Europe,Italy,San Michele,pooled,DrosEU_3,31,DrosEu-76
IT_San_17_Oct_2017,2017,290,IT_San,46.19,11.14,Europe,Italy,San Michele,pooled,DrosEU_3,33,DrosEu-77
FR_Vie_19_Oct_2019,2019,292,FR_Vie,47.26735,5.45608,Europe,France,Vielverge,pooled,DrosEU_3,40,DrosEu-98
FR_Mar_20_Oct_2019,2019,293,FR_Mar,47.42884,5.0776,Europe,France,Marsannay-le-bois,pooled,DrosEU_3,40,DrosEu-99
FR_Mar_02_Aug_2020,2020,215,FR_Mar,47.42884,5.0776,Europe,France,Marsannay-le-bois,pooled,DrosEU_3,40,DrosEu-100
FR_Vie_03_Aug_2020,2020,216,FR_Vie,47.26735,5.45608,Europe,France,Vielverge,pooled,DrosEU_3,40,DrosEu-101
FR_Vie_11_Aug_2021,2021,223,FR_Vie,47.26624,5.45114,Europe,France,Vielverge,pooled,DrosEU_3,36,DrosEu-102
CH_Ors_23_Aug_2020,2020,236,CH_Ors,46.71061,6.98713,Europe,Switzerland,Orsonnens,pooled,DrosEU_3,40,DrosEu-103
VA_ch_18_Jun_2019,2019,169,VA_ch,37.979,-78.4897,North_America,USA,Charlottesville,pooled,DrosEU_3,40,DrosEu-238
VA_ch_14_Aug_2019,2019,226,VA_ch,37.979,-78.4897,North_America,USA,Charlottesville,pooled,DrosEU_3,30,DrosEu-239
VA_ch_6_Sep_2019,2019,249,VA_ch,37.979,-78.4897,North_America,USA,Charlottesville,pooled,DrosEU_3,40,DrosEu-240
VA_ch_1_Oct_2019,2019,274,VA_ch,37.979,-78.4897,North_America,USA,Charlottesville,pooled,DrosEU_3,22,DrosEu-243
VA_ch_26_Oct_2019,2019,299,VA_ch,37.979,-78.4897,North_America,USA,Charlottesville,pooled,DrosEU_3,40,DrosEu-244
VA_ch_3_Jul_2020,2020,185,VA_ch,37.979,-78.4897,North_America,USA,Charlottesville,pooled,DrosEU_3,40,DrosEu-245
VA_ch_17_Jul_2020,2020,199,VA_ch,37.979,-78.4897,North_America,USA,Charlottesville,pooled,DrosEU_3,40,DrosEu-246
VA_ch_5_Aug_2020,2020,218,VA_ch,37.979,-78.4897,North_America,USA,Charlottesville,pooled,DrosEU_3,23,DrosEu-247
VA_ch_21_Aug_2020,2020,234,VA_ch,37.979,-78.4897,North_America,USA,Charlottesville,pooled,DrosEU_3,23,DrosEu-248
VA_ch_4_Sep_2020,2020,248,VA_ch,37.979,-78.4897,North_America,USA,Charlottesville,pooled,DrosEU_3,21,DrosEu-249
VA_ch_17_Sep_2020,2020,261,VA_ch,37.979,-78.4897,North_America,USA,Charlottesville,pooled,DrosEU_3,40,DrosEu-250
VA_ch_30_Sep_2020,2020,274,VA_ch,37.979,-78.4897,North_America,USA,Charlottesville,pooled,DrosEU_3,27,DrosEu-251
VA_ch_14_Oct_2020,2020,288,VA_ch,37.979,-78.4897,North_America,USA,Charlottesville,pooled,DrosEU_3,31,DrosEu-241
VA_ch_10_Nov_2020,2020,315,VA_ch,37.979,-78.4897,North_America,USA,Charlottesville,pooled,DrosEU_3,22,DrosEu-252
VA_ch_24_Nov_2020,2020,329,VA_ch,37.979,-78.4897,North_America,USA,Charlottesville,pooled,DrosEU_3,40,DrosEu-253
VA_ch_15_Oct_2021,2021,288,VA_ch,37.979,-78.4897,North_America,USA,Charlottesville,pooled,DrosEU_3,40,DrosEu-242
VA_ch_16_m06d24,2016,176,VA_ch,37.979,-78.4897,North_America,US,Charlottesville,pooled,cville,37,NA
VA_ch_16_m07d08,2016,190,VA_ch,37.979,-78.4897,North_America,US,Charlottesville,pooled,cville,36,NA
VA_ch_16_m07d22,2016,204,VA_ch,37.979,-78.4897,North_America,US,Charlottesville,pooled,cville,22,NA
VA_ch_16_m08d19,2016,232,VA_ch,37.979,-78.4897,North_America,US,Charlottesville,pooled,cville,23,NA
VA_ch_16_m09d02,2016,246,VA_ch,37.979,-78.4897,North_America,US,Charlottesville,pooled,cville,146,NA
VA_ch_16_m09d16,2016,260,VA_ch,37.979,-78.4897,North_America,US,Charlottesville,pooled,cville,113,NA
VA_ch_16_m10d03,2016,277,VA_ch,37.979,-78.4897,North_America,US,Charlottesville,pooled,cville,40,NA
VA_ch_16_m10d14,2016,288,VA_ch,37.979,-78.4897,North_America,US,Charlottesville,pooled,cville,150,NA
VA_ch_16_m10d28,2016,302,VA_ch,37.979,-78.4897,North_America,US,Charlottesville,pooled,cville,118,NA
VA_ch_16_m11d11,2016,316,VA_ch,37.979,-78.4897,North_America,US,Charlottesville,pooled,cville,86,NA
VA_ch_16_m12d03,2016,338,VA_ch,37.979,-78.4897,North_America,US,Charlottesville,pooled,cville,70,NA
VA_ch_17_m06d22,2017,173,VA_ch,37.979,-78.4897,North_America,US,Charlottesville,pooled,cville,39,NA
VA_ch_17_m07d07,2017,188,VA_ch,37.979,-78.4897,North_America,US,Charlottesville,pooled,cville,45,NA
VA_ch_17_m07d20,2017,201,VA_ch,37.979,-78.4897,North_America,US,Charlottesville,pooled,cville,69,NA
VA_ch_17_m08d03,2017,215,VA_ch,37.979,-78.4897,North_America,US,Charlottesville,pooled,cville,29,NA
VA_ch_17_m08d17,2017,229,VA_ch,37.979,-78.4897,North_America,US,Charlottesville,pooled,cville,32,NA
VA_ch_17_m08d31,2017,243,VA_ch,37.979,-78.4897,North_America,US,Charlottesville,pooled,cville,87,NA
VA_ch_17_m09d14,2017,257,VA_ch,37.979,-78.4897,North_America,US,Charlottesville,pooled,cville,92,NA
VA_ch_17_m09d28,2017,271,VA_ch,37.979,-78.4897,North_America,US,Charlottesville,pooled,cville,136,NA
VA_ch_17_m10d12,2017,285,VA_ch,37.979,-78.4897,North_America,US,Charlottesville,pooled,cville,107,NA
VA_ch_17_m10d26,2017,299,VA_ch,37.979,-78.4897,North_America,US,Charlottesville,pooled,cville,120,NA
VA_ch_17_m11d09,2017,313,VA_ch,37.979,-78.4897,North_America,US,Charlottesville,pooled,cville,122,NA
VA_ch_17_m11d24,2017,328,VA_ch,37.979,-78.4897,North_America,US,Charlottesville,pooled,cville,21,NA
VA_ch_17_m12d07,2017,341,VA_ch,37.979,-78.4897,North_America,US,Charlottesville,pooled,cville,24,NA
VA_ch_18_m06d28,2018,179,VA_ch,37.979,-78.4897,North_America,US,Charlottesville,pooled,cville,10,NA
VA_ch_18_m07d05,2018,186,VA_ch,37.979,-78.4897,North_America,US,Charlottesville,pooled,cville,26,NA
VA_ch_18_m07d12,2018,193,VA_ch,37.979,-78.4897,North_America,US,Charlottesville,pooled,cville,58,NA
VA_ch_18_m07d26,2018,207,VA_ch,37.979,-78.4897,North_America,US,Charlottesville,pooled,cville,70,NA
VA_ch_18_m08d09,2018,221,VA_ch,37.979,-78.4897,North_America,US,Charlottesville,pooled,cville,84,NA
VA_ch_18_m08d23,2018,235,VA_ch,37.979,-78.4897,North_America,US,Charlottesville,pooled,cville,69,NA
VA_ch_18_m09d06,2018,249,VA_ch,37.979,-78.4897,North_America,US,Charlottesville,pooled,cville,60,NA
VA_ch_18_m09d20,2018,263,VA_ch,37.979,-78.4897,North_America,US,Charlottesville,pooled,cville,77,NA
VA_ch_18_m10d04,2018,277,VA_ch,37.979,-78.4897,North_America,US,Charlottesville,pooled,cville,108,NA
VA_ch_18_m10d18,2018,291,VA_ch,37.979,-78.4897,North_America,US,Charlottesville,pooled,cville,136,NA
VA_ch_18_m10d25,2018,298,VA_ch,37.979,-78.4897,North_America,US,Charlottesville,pooled,cville,122,NA
VA_ch_18_m11d01,2018,305,VA_ch,37.979,-78.4897,North_America,US,Charlottesville,pooled,cville,103,NA
VA_ch_18_m11d29,2018,333,VA_ch,37.979,-78.4897,North_America,US,Charlottesville,pooled,cville,16,NA
